interface,link_status,carrier_transitions,input_errors,bit_errors,errored_blocks,fec_corrected,fec_uncorrected,crc_errors,temperature,temp_high_alarm,temp_low_alarm,temp_high_warn,temp_low_warn,bias_current,bias_high_alarm,bias_low_alarm,tx_power_mw,tx_power_dbm,rx_power_mw,rx_power_dbm,rx_high_alarm,rx_low_alarm,rx_high_warn,rx_low_warn,timestamp,switch
et-0/0/48,Up,1,0,0,0,0,0,0,,Off,Off,Off,Off,,Off,Off,,,,,Off,Off,Off,Off,2026-09-01 11:26:19,sw-A
et-0/0/49,Up,1,0,0,0,0,0,0,,Off,Off,Off,Off,,Off,Off,,,,,Off,Off,Off,Off,2026-09-01 11:26:19,sw-A
et-0/0/50,Up,1,0,0,0,0,0,0,,Off,Off,Off,Off,,Off,Off,,,,,Off,Off,Off,Off,2026-09-01 11:26:19,sw-A
et-0/0/51,Up,1,0,0,0,0,0,0,39.0,Off,Off,Off,Off,6.691,Off,Off,1.054,0.23,0.771,-1.13,Off,Off,Off,Off,2026-09-01 11:26:19,sw-A
et-0/0/48,Up,1,0,0,0,0,0,0,,Off,Off,Off,Off,,Off,Off,,,,,Off,Off,Off,Off,2026-09-01 11:31:20,sw-A
et-0/0/49,Up,1,0,0,0,0,0,0,,Off,Off,Off,Off,,Off,Off,,,,,Off,Off,Off,Off,2026-09-01 11:31:20,sw-A
et-0/0/50,Up,1,0,0,0,0,0,0,,Off,Off,Off,Off,,Off,Off,,,,,Off,Off,Off,Off,2026-09-01 11:31:20,sw-A
et-0/0/51,Up,1,0,0,0,0,0,0,39.0,Off,Off,Off,Off,6.679,Off,Off,1.052,0.22,0.771,-1.13,Off,Off,Off,Off,2026-09-01 11:31:20,sw-A
et-0/0/48,Up,1,0,0,0,0,0,0,,Off,Off,Off,Off,,Off,Off,,,,,Off,Off,Off,Off,2026-09-01 11:36:21,sw-A
et-0/0/49,Up,1,0,0,0,0,0,0,,Off,Off,Off,Off,,Off,Off,,,,,Off,Off,Off,Off,2026-09-01 11:36:21,sw-A
et-0/0/50,Up,1,0,0,0,0,0,0,,Off,Off,Off,Off,,Off,Off,,,,,Off,Off,Off,Off,2026-09-01 11:36:21,sw-A
et-0/0/51,Up,1,0,0,0,0,0,0,38.0,Off,Off,Off,Off,6.677,Off,Off,1.051,0.22,0.771,-1.13,Off,Off,Off,Off,2026-09-01 11:36:21,sw-A
et-0/0/48,Up,1,0,0,0,0,0,0,,Off,Off,Off,Off,,Off,Off,,,,,Off,Off,Off,Off,2026-09-01 11:41:23,sw-A
et-0/0/49,Up,1,0,0,0,0,0,0,,Off,Off,Off,Off,,Off,Off,,,,,Off,Off,Off,Off,2026-09-01 11:41:23,sw-A
et-0/0/50,Up,1,0,0,0,0,0,0,,Off,Off,Off,Off,,Off,Off,,,,,Off,Off,Off,Off,2026-09-01 11:41:23,sw-A
et-0/0/51,Up,1,0,0,0,0,0,0,38.0,Off,Off,Off,Off,6.711,Off,Off,1.057,0.24,0.771,-1.13,Off,Off,Off,Off,2026-09-01 11:41:23,sw-A
et-0/0/48,Up,1,0,0,0,0,0,0,,Off,Off,Off,Off,,Off,Off,,,,,Off,Off,Off,Off,2026-09-01 11:46:24,sw-A
et-0/0/49,Up,1,0,0,0,0,0,0,,Off,Off,Off,Off,,Off,Off,,,,,Off,Off,Off,Off,2026-09-01 11:46:24,sw-A
et-0/0/50,Up,1,0,0,0,0,0,0,,Off,Off,Off,Off,,Off,Off,,,,,Off,Off,Off,Off,2026-09-01 11:46:24,sw-A
et-0/0/51,Up,1,0,0,0,0,0,0,38.0,Off,Off,Off,Off,6.711,Off,Off,1.057,0.24,0.755,-1.22,Off,Off,Off,Off,2026-09-01 11:46:24,sw-A
et-0/0/48,Up,1,0,0,0,0,0,0,,Off,Off,Off,Off,,Off,Off,,,,,Off,Off,Off,Off,2026-09-01 11:51:25,sw-A
et-0/0/49,Up,1,0,0,0,0,0,0,,Off,Off,Off,Off,,Off,Off,,,,,Off,Off,Off,Off,2026-09-01 11:51:25,sw-A
et-0/0/50,Up,1,0,0,0,0,0,0,,Off,Off,Off,Off,,Off,Off,,,,,Off,Off,Off,Off,2026-09-01 11:51:25,sw-A
et-0/0/51,Up,1,0,0,0,0,0,0,38.0,Off,Off,Off,Off,6.688,Off,Off,1.053,0.22,0.771,-1.13,Off,Off,Off,Off,2026-09-01 11:51:25,sw-A
et-0/0/48,Up,1,0,0,0,0,0,0,,Off,Off,Off,Off,,Off,Off,,,,,Off,Off,Off,Off,2026-09-01 11:56:26,sw-A
et-0/0/49,Up,1,0,0,0,0,0,0,,Off,Off,Off,Off,,Off,Off,,,,,Off,Off,Off,Off,2026-09-01 11:56:26,sw-A
et-0/0/50,Up,1,0,0,0,0,0,0,,Off,Off,Off,Off,,Off,Off,,,,,Off,Off,Off,Off,2026-09-01 11:56:26,sw-A
et-0/0/51,Up,1,0,0,0,0,0,0,38.0,Off,Off,Off,Off,6.711,Off,Off,1.057,0.24,0.771,-1.13,Off,Off,Off,Off,2026-09-01 11:56:26,sw-A
et-0/0/48,Up,1,0,0,0,0,0,0,,Off,Off,Off,Off,,Off,Off,,,,,Off,Off,Off,Off,2026-09-01 12:01:28,sw-A
et-0/0/49,Up,1,0,0,0,0,0,0,,Off,Off,Off,Off,,Off,Off,,,,,Off,Off,Off,Off,2026-09-01 12:01:28,sw-A
et-0/0/50,Up,1,0,0,0,0,0,0,,Off,Off,Off,Off,,Off,Off,,,,,Off,Off,Off,Off,2026-09-01 12:01:28,sw-A
et-0/0/51,Up,1,0,0,0,0,0,0,38.0,Off,Off,Off,Off,6.705,Off,Off,1.056,0.24,0.771,-1.13,Off,Off,Off,Off,2026-09-01 12:01:28,sw-A
et-0/0/48,Up,1,0,0,0,0,0,0,,Off,Off,Off,Off,,Off,Off,,,,,Off,Off,Off,Off,2026-09-01 12:06:29,sw-A
et-0/0/49,Up,1,0,0,0,0,0,0,,Off,Off,Off,Off,,Off,Off,,,,,Off,Off,Off,Off,2026-09-01 12:06:29,sw-A
et-0/0/50,Up,1,0,0,0,0,0,0,,Off,Off,Off,Off,,Off,Off,,,,,Off,Off,Off,Off,2026-09-01 12:06:29,sw-A
et-0/0/51,Up,1,0,0,0,0,0,0,38.0,Off,Off,Off,Off,6.693,Off,Off,1.054,0.23,0.771,-1.13,Off,Off,Off,Off,2026-09-01 12:06:29,sw-A
et-0/0/48,Up,1,0,0,0,0,0,0,,Off,Off,Off,Off,,Off,Off,,,,,Off,Off,Off,Off,2026-09-01 12:11:30,sw-A
et-0/0/49,Up,1,0,0,0,0,0,0,,Off,Off,Off,Off,,Off,Off,,,,,Off,Off,Off,Off,2026-09-01 12:11:30,sw-A
et-0/0/50,Up,1,0,0,0,0,0,0,,Off,Off,Off,Off,,Off,Off,,,,,Off,Off,Off,Off,2026-09-01 12:11:30,sw-A
et-0/0/51,Up,1,0,0,0,0,0,0,37.0,Off,Off,Off,Off,6.685,Off,Off,1.052,0.22,0.771,-1.13,Off,Off,Off,Off,2026-09-01 12:11:30,sw-A
et-0/0/48,Up,1,0,0,0,0,0,0,,Off,Off,Off,Off,,Off,Off,,,,,Off,Off,Off,Off,2026-09-01 12:16:32,sw-A
et-0/0/49,Up,1,0,0,0,0,0,0,,Off,Off,Off,Off,,Off,Off,,,,,Off,Off,Off,Off,2026-09-01 12:16:32,sw-A
et-0/0/50,Up,1,0,0,0,0,0,0,,Off,Off,Off,Off,,Off,Off,,,,,Off,Off,Off,Off,2026-09-01 12:16:32,sw-A
et-0/0/51,Up,1,0,0,0,0,0,0,37.0,Off,Off,Off,Off,6.688,Off,Off,1.054,0.23,0.755,-1.22,Off,Off,Off,Off,2026-09-01 12:16:32,sw-A
et-0/0/48,Up,1,0,0,0,0,0,0,,Off,Off,Off,Off,,Off,Off,,,,,Off,Off,Off,Off,2026-09-01 12:21:33,sw-A
et-0/0/49,Up,1,0,0,0,0,0,0,,Off,Off,Off,Off,,Off,Off,,,,,Off,Off,Off,Off,2026-09-01 12:21:33,sw-A
et-0/0/50,Up,1,0,0,0,0,0,0,,Off,Off,Off,Off,,Off,Off,,,,,Off,Off,Off,Off,2026-09-01 12:21:33,sw-A
et-0/0/51,Up,1,0,0,0,0,0,0,38.0,Off,Off,Off,Off,6.705,Off,Off,1.056,0.24,0.786,-1.05,Off,Off,Off,Off,2026-09-01 12:21:33,sw-A
et-0/0/48,Up,1,0,0,0,0,0,0,,Off,Off,Off,Off,,Off,Off,,,,,Off,Off,Off,Off,2026-09-01 12:26:34,sw-A
et-0/0/49,Up,1,0,0,0,0,0,0,,Off,Off,Off,Off,,Off,Off,,,,,Off,Off,Off,Off,2026-09-01 12:26:34,sw-A
et-0/0/50,Up,1,0,0,0,0,0,0,,Off,Off,Off,Off,,Off,Off,,,,,Off,Off,Off,Off,2026-09-01 12:26:34,sw-A
et-0/0/51,Up,1,0,0,0,0,0,0,37.0,Off,Off,Off,Off,6.688,Off,Off,1.053,0.22,0.755,-1.22,Off,Off,Off,Off,2026-09-01 12:26:34,sw-A
et-0/0/48,Up,1,0,0,0,0,0,0,,Off,Off,Off,Off,,Off,Off,,,,,Off,Off,Off,Off,2026-09-01 12:31:35,sw-A
et-0/0/49,Up,1,0,0,0,0,0,0,,Off,Off,Off,Off,,Off,Off,,,,,Off,Off,Off,Off,2026-09-01 12:31:35,sw-A
et-0/0/50,Up,1,0,0,0,0,0,0,,Off,Off,Off,Off,,Off,Off,,,,,Off,Off,Off,Off,2026-09-01 12:31:35,sw-A
et-0/0/51,Up,1,0,0,0,0,0,0,38.0,Off,Off,Off,Off,6.711,Off,Off,1.057,0.24,0.771,-1.13,Off,Off,Off,Off,2026-09-01 12:31:35,sw-A
et-0/0/48,Up,1,0,0,0,0,0,0,,Off,Off,Off,Off,,Off,Off,,,,,Off,Off,Off,Off,2026-09-01 12:36:37,sw-A
et-0/0/49,Up,1,0,0,0,0,0,0,,Off,Off,Off,Off,,Off,Off,,,,,Off,Off,Off,Off,2026-09-01 12:36:37,sw-A
et-0/0/50,Up,1,0,0,0,0,0,0,,Off,Off,Off,Off,,Off,Off,,,,,Off,Off,Off,Off,2026-09-01 12:36:37,sw-A
et-0/0/51,Up,1,0,0,0,0,0,0,38.0,Off,Off,Off,Off,6.719,Off,Off,1.058,0.24,0.786,-1.05,Off,Off,Off,Off,2026-09-01 12:36:37,sw-A
et-0/0/48,Up,1,0,0,0,0,0,0,,Off,Off,Off,Off,,Off,Off,,,,,Off,Off,Off,Off,2026-09-01 12:41:38,sw-A
et-0/0/49,Up,1,0,0,0,0,0,0,,Off,Off,Off,Off,,Off,Off,,,,,Off,Off,Off,Off,2026-09-01 12:41:38,sw-A
et-0/0/50,Up,1,0,0,0,0,0,0,,Off,Off,Off,Off,,Off,Off,,,,,Off,Off,Off,Off,2026-09-01 12:41:38,sw-A
et-0/0/51,Up,1,0,0,0,0,0,0,38.0,Off,Off,Off,Off,6.677,Off,Off,1.051,0.22,0.786,-1.05,Off,Off,Off,Off,2026-09-01 12:41:38,sw-A
et-0/0/48,Up,1,0,0,0,0,0,0,,Off,Off,Off,Off,,Off,Off,,,,,Off,Off,Off,Off,2026-09-01 12:46:39,sw-A
et-0/0/49,Up,1,0,0,0,0,0,0,,Off,Off,Off,Off,,Off,Off,,,,,Off,Off,Off,Off,2026-09-01 12:46:39,sw-A
et-0/0/50,Up,1,0,0,0,0,0,0,,Off,Off,Off,Off,,Off,Off,,,,,Off,Off,Off,Off,2026-09-01 12:46:39,sw-A
et-0/0/51,Up,1,0,0,0,0,0,0,38.0,Off,Off,Off,Off,6.711,Off,Off,1.057,0.24,0.801,-0.96,Off,Off,Off,Off,2026-09-01 12:46:39,sw-A
et-0/0/48,Up,1,0,0,0,0,0,0,,Off,Off,Off,Off,,Off,Off,,,,,Off,Off,Off,Off,2026-09-01 12:51:41,sw-A
et-0/0/49,Up,1,0,0,0,0,0,0,,Off,Off,Off,Off,,Off,Off,,,,,Off,Off,Off,Off,2026-09-01 12:51:41,sw-A
et-0/0/50,Up,1,0,0,0,0,0,0,,Off,Off,Off,Off,,Off,Off,,,,,Off,Off,Off,Off,2026-09-01 12:51:41,sw-A
et-0/0/51,Up,1,0,0,0,0,0,0,37.0,Off,Off,Off,Off,6.693,Off,Off,1.054,0.23,0.771,-1.13,Off,Off,Off,Off,2026-09-01 12:51:41,sw-A
et-0/0/48,Up,1,0,0,0,0,0,0,,Off,Off,Off,Off,,Off,Off,,,,,Off,Off,Off,Off,2026-09-01 12:56:42,sw-A
et-0/0/49,Up,1,0,0,0,0,0,0,,Off,Off,Off,Off,,Off,Off,,,,,Off,Off,Off,Off,2026-09-01 12:56:42,sw-A
et-0/0/50,Up,1,0,0,0,0,0,0,,Off,Off,Off,Off,,Off,Off,,,,,Off,Off,Off,Off,2026-09-01 12:56:42,sw-A
et-0/0/51,Up,1,0,0,0,0,0,0,37.0,Off,Off,Off,Off,6.693,Off,Off,1.054,0.23,0.771,-1.13,Off,Off,Off,Off,2026-09-01 12:56:42,sw-A
et-0/0/48,Up,1,0,0,0,0,0,0,,Off,Off,Off,Off,,Off,Off,,,,,Off,Off,Off,Off,2026-09-01 13:01:43,sw-A
et-0/0/49,Up,1,0,0,0,0,0,0,,Off,Off,Off,Off,,Off,Off,,,,,Off,Off,Off,Off,2026-09-01 13:01:43,sw-A
et-0/0/50,Up,1,0,0,0,0,0,0,,Off,Off,Off,Off,,Off,Off,,,,,Off,Off,Off,Off,2026-09-01 13:01:43,sw-A
et-0/0/51,Up,1,0,0,0,0,0,0,37.0,Off,Off,Off,Off,6.711,Off,Off,1.057,0.24,0.801,-0.96,Off,Off,Off,Off,2026-09-01 13:01:43,sw-A
et-0/0/48,Up,1,0,0,0,0,0,0,,Off,Off,Off,Off,,Off,Off,,,,,Off,Off,Off,Off,2026-09-01 13:06:44,sw-A
et-0/0/49,Up,1,0,0,0,0,0,0,,Off,Off,Off,Off,,Off,Off,,,,,Off,Off,Off,Off,2026-09-01 13:06:44,sw-A
et-0/0/50,Up,1,0,0,0,0,0,0,,Off,Off,Off,Off,,Off,Off,,,,,Off,Off,Off,Off,2026-09-01 13:06:44,sw-A
et-0/0/51,Up,1,0,0,0,0,0,0,39.0,Off,Off,Off,Off,6.677,Off,Off,1.051,0.22,0.786,-1.05,Off,Off,Off,Off,2026-09-01 13:06:44,sw-A
et-0/0/48,Up,1,0,0,0,0,0,0,,Off,Off,Off,Off,,Off,Off,,,,,Off,Off,Off,Off,2026-09-01 13:11:46,sw-A
et-0/0/49,Up,1,0,0,0,0,0,0,,Off,Off,Off,Off,,Off,Off,,,,,Off,Off,Off,Off,2026-09-01 13:11:46,sw-A
et-0/0/50,Up,1,0,0,0,0,0,0,,Off,Off,Off,Off,,Off,Off,,,,,Off,Off,Off,Off,2026-09-01 13:11:46,sw-A
et-0/0/51,Up,1,0,0,0,0,0,0,39.0,Off,Off,Off,Off,6.693,Off,Off,1.054,0.23,0.786,-1.05,Off,Off,Off,Off,2026-09-01 13:11:46,sw-A
et-0/0/48,Up,1,0,0,0,0,0,0,,Off,Off,Off,Off,,Off,Off,,,,,Off,Off,Off,Off,2026-09-01 13:16:47,sw-A
et-0/0/49,Up,1,0,0,0,0,0,0,,Off,Off,Off,Off,,Off,Off,,,,,Off,Off,Off,Off,2026-09-01 13:16:47,sw-A
et-0/0/50,Up,1,0,0,0,0,0,0,,Off,Off,Off,Off,,Off,Off,,,,,Off,Off,Off,Off,2026-09-01 13:16:47,sw-A
et-0/0/51,Up,1,0,0,0,0,0,0,39.0,Off,Off,Off,Off,6.705,Off,Off,1.056,0.24,0.771,-1.13,Off,Off,Off,Off,2026-09-01 13:16:47,sw-A
et-0/0/48,Up,1,0,0,0,0,0,0,,Off,Off,Off,Off,,Off,Off,,,,,Off,Off,Off,Off,2026-09-01 13:21:48,sw-A
et-0/0/49,Up,1,0,0,0,0,0,0,,Off,Off,Off,Off,,Off,Off,,,,,Off,Off,Off,Off,2026-09-01 13:21:48,sw-A
et-0/0/50,Up,1,0,0,0,0,0,0,,Off,Off,Off,Off,,Off,Off,,,,,Off,Off,Off,Off,2026-09-01 13:21:48,sw-A
et-0/0/51,Up,1,0,0,0,0,0,0,39.0,Off,Off,Off,Off,6.685,Off,Off,1.052,0.22,0.801,-0.96,Off,Off,Off,Off,2026-09-01 13:21:48,sw-A
et-0/0/48,Up,1,0,0,0,0,0,0,,Off,Off,Off,Off,,Off,Off,,,,,Off,Off,Off,Off,2026-09-01 13:26:49,sw-A
et-0/0/49,Up,1,0,0,0,0,0,0,,Off,Off,Off,Off,,Off,Off,,,,,Off,Off,Off,Off,2026-09-01 13:26:49,sw-A
et-0/0/50,Up,1,0,0,0,0,0,0,,Off,Off,Off,Off,,Off,Off,,,,,Off,Off,Off,Off,2026-09-01 13:26:49,sw-A
et-0/0/51,Up,1,0,0,0,0,0,0,39.0,Off,Off,Off,Off,6.697,Off,Off,1.055,0.23,0.771,-1.13,Off,Off,Off,Off,2026-09-01 13:26:49,sw-A
et-0/0/48,Up,1,0,0,0,0,0,0,,Off,Off,Off,Off,,Off,Off,,,,,Off,Off,Off,Off,2026-09-01 13:31:51,sw-A
et-0/0/49,Up,1,0,0,0,0,0,0,,Off,Off,Off,Off,,Off,Off,,,,,Off,Off,Off,Off,2026-09-01 13:31:51,sw-A
et-0/0/50,Up,1,0,0,0,0,0,0,,Off,Off,Off,Off,,Off,Off,,,,,Off,Off,Off,Off,2026-09-01 13:31:51,sw-A
et-0/0/51,Up,1,0,0,0,0,0,0,39.0,Off,Off,Off,Off,6.691,Off,Off,1.053,0.23,0.786,-1.05,Off,Off,Off,Off,2026-09-01 13:31:51,sw-A
et-0/0/48,Up,1,0,0,0,0,0,0,,Off,Off,Off,Off,,Off,Off,,,,,Off,Off,Off,Off,2026-09-01 13:36:52,sw-A
et-0/0/49,Up,1,0,0,0,0,0,0,,Off,Off,Off,Off,,Off,Off,,,,,Off,Off,Off,Off,2026-09-01 13:36:52,sw-A
et-0/0/50,Up,1,0,0,0,0,0,0,,Off,Off,Off,Off,,Off,Off,,,,,Off,Off,Off,Off,2026-09-01 13:36:52,sw-A
et-0/0/51,Up,1,0,0,0,0,0,0,39.0,Off,Off,Off,Off,6.697,Off,Off,1.054,0.23,0.771,-1.13,Off,Off,Off,Off,2026-09-01 13:36:52,sw-A
et-0/0/48,Up,1,0,0,0,0,0,0,,Off,Off,Off,Off,,Off,Off,,,,,Off,Off,Off,Off,2026-09-01 13:41:53,sw-A
et-0/0/49,Up,1,0,0,0,0,0,0,,Off,Off,Off,Off,,Off,Off,,,,,Off,Off,Off,Off,2026-09-01 13:41:53,sw-A
et-0/0/50,Up,1,0,0,0,0,0,0,,Off,Off,Off,Off,,Off,Off,,,,,Off,Off,Off,Off,2026-09-01 13:41:53,sw-A
et-0/0/51,Up,1,0,0,0,0,0,0,39.0,Off,Off,Off,Off,6.697,Off,Off,1.054,0.23,0.771,-1.13,Off,Off,Off,Off,2026-09-01 13:41:53,sw-A
et-0/0/48,Up,1,0,0,0,0,0,0,,Off,Off,Off,Off,,Off,Off,,,,,Off,Off,Off,Off,2026-09-01 13:46:55,sw-A
et-0/0/49,Up,1,0,0,0,0,0,0,,Off,Off,Off,Off,,Off,Off,,,,,Off,Off,Off,Off,2026-09-01 13:46:55,sw-A
et-0/0/50,Up,1,0,0,0,0,0,0,,Off,Off,Off,Off,,Off,Off,,,,,Off,Off,Off,Off,2026-09-01 13:46:55,sw-A
et-0/0/51,Up,1,0,0,0,0,0,0,39.0,Off,Off,Off,Off,6.697,Off,Off,1.056,0.24,0.771,-1.13,Off,Off,Off,Off,2026-09-01 13:46:55,sw-A
et-0/0/48,Up,1,0,0,0,0,0,0,,Off,Off,Off,Off,,Off,Off,,,,,Off,Off,Off,Off,2026-09-01 13:51:56,sw-A
et-0/0/49,Up,1,0,0,0,0,0,0,,Off,Off,Off,Off,,Off,Off,,,,,Off,Off,Off,Off,2026-09-01 13:51:56,sw-A
et-0/0/50,Up,1,0,0,0,0,0,0,,Off,Off,Off,Off,,Off,Off,,,,,Off,Off,Off,Off,2026-09-01 13:51:56,sw-A
et-0/0/51,Up,1,0,0,0,0,0,0,39.0,Off,Off,Off,Off,6.705,Off,Off,1.056,0.24,0.771,-1.13,Off,Off,Off,Off,2026-09-01 13:51:56,sw-A
et-0/0/48,Up,1,0,0,0,0,0,0,,Off,Off,Off,Off,,Off,Off,,,,,Off,Off,Off,Off,2026-09-01 13:56:57,sw-A
et-0/0/49,Up,1,0,0,0,0,0,0,,Off,Off,Off,Off,,Off,Off,,,,,Off,Off,Off,Off,2026-09-01 13:56:57,sw-A
et-0/0/50,Up,1,0,0,0,0,0,0,,Off,Off,Off,Off,,Off,Off,,,,,Off,Off,Off,Off,2026-09-01 13:56:57,sw-A
et-0/0/51,Up,1,0,0,0,0,0,0,39.0,Off,Off,Off,Off,6.71,Off,Off,1.056,0.24,0.786,-1.05,Off,Off,Off,Off,2026-09-01 13:56:57,sw-A
et-0/0/48,Up,1,0,0,0,0,0,0,,Off,Off,Off,Off,,Off,Off,,,,,Off,Off,Off,Off,2026-09-01 14:01:58,sw-A
et-0/0/49,Up,1,0,0,0,0,0,0,,Off,Off,Off,Off,,Off,Off,,,,,Off,Off,Off,Off,2026-09-01 14:01:58,sw-A
et-0/0/50,Up,1,0,0,0,0,0,0,,Off,Off,Off,Off,,Off,Off,,,,,Off,Off,Off,Off,2026-09-01 14:01:58,sw-A
et-0/0/51,Up,1,0,0,0,0,0,0,39.0,Off,Off,Off,Off,6.691,Off,Off,1.053,0.23,0.771,-1.13,Off,Off,Off,Off,2026-09-01 14:01:58,sw-A
et-0/0/48,Up,1,0,0,0,0,0,0,,Off,Off,Off,Off,,Off,Off,,,,,Off,Off,Off,Off,2026-09-01 14:07:00,sw-A
et-0/0/49,Up,1,0,0,0,0,0,0,,Off,Off,Off,Off,,Off,Off,,,,,Off,Off,Off,Off,2026-09-01 14:07:00,sw-A
et-0/0/50,Up,1,0,0,0,0,0,0,,Off,Off,Off,Off,,Off,Off,,,,,Off,Off,Off,Off,2026-09-01 14:07:00,sw-A
et-0/0/51,Up,1,0,0,0,0,0,0,39.0,Off,Off,Off,Off,6.685,Off,Off,1.052,0.22,0.771,-1.13,Off,Off,Off,Off,2026-09-01 14:07:00,sw-A
et-0/0/48,Up,1,0,0,0,0,0,0,,Off,Off,Off,Off,,Off,Off,,,,,Off,Off,Off,Off,2026-09-01 14:12:01,sw-A
et-0/0/49,Up,1,0,0,0,0,0,0,,Off,Off,Off,Off,,Off,Off,,,,,Off,Off,Off,Off,2026-09-01 14:12:01,sw-A
et-0/0/50,Up,1,0,0,0,0,0,0,,Off,Off,Off,Off,,Off,Off,,,,,Off,Off,Off,Off,2026-09-01 14:12:01,sw-A
et-0/0/51,Up,1,0,0,0,0,0,0,38.0,Off,Off,Off,Off,6.711,Off,Off,1.058,0.24,0.771,-1.13,Off,Off,Off,Off,2026-09-01 14:12:01,sw-A
et-0/0/48,Up,1,0,0,0,0,0,0,,Off,Off,Off,Off,,Off,Off,,,,,Off,Off,Off,Off,2026-09-01 14:17:02,sw-A
et-0/0/49,Up,1,0,0,0,0,0,0,,Off,Off,Off,Off,,Off,Off,,,,,Off,Off,Off,Off,2026-09-01 14:17:02,sw-A
et-0/0/50,Up,1,0,0,0,0,0,0,,Off,Off,Off,Off,,Off,Off,,,,,Off,Off,Off,Off,2026-09-01 14:17:02,sw-A
et-0/0/51,Up,1,0,0,0,0,0,0,39.0,Off,Off,Off,Off,6.691,Off,Off,1.053,0.23,0.771,-1.13,Off,Off,Off,Off,2026-09-01 14:17:02,sw-A
et-0/0/48,Up,1,0,0,0,0,0,0,,Off,Off,Off,Off,,Off,Off,,,,,Off,Off,Off,Off,2026-09-01 14:22:04,sw-A
et-0/0/49,Up,1,0,0,0,0,0,0,,Off,Off,Off,Off,,Off,Off,,,,,Off,Off,Off,Off,2026-09-01 14:22:04,sw-A
et-0/0/50,Up,1,0,0,0,0,0,0,,Off,Off,Off,Off,,Off,Off,,,,,Off,Off,Off,Off,2026-09-01 14:22:04,sw-A
et-0/0/51,Up,1,0,0,0,0,0,0,39.0,Off,Off,Off,Off,6.703,Off,Off,1.055,0.23,0.771,-1.13,Off,Off,Off,Off,2026-09-01 14:22:04,sw-A
et-0/0/48,Up,1,0,0,0,0,0,0,,Off,Off,Off,Off,,Off,Off,,,,,Off,Off,Off,Off,2026-09-01 14:27:05,sw-A
et-0/0/49,Up,1,0,0,0,0,0,0,,Off,Off,Off,Off,,Off,Off,,,,,Off,Off,Off,Off,2026-09-01 14:27:05,sw-A
et-0/0/50,Up,1,0,0,0,0,0,0,,Off,Off,Off,Off,,Off,Off,,,,,Off,Off,Off,Off,2026-09-01 14:27:05,sw-A
et-0/0/51,Up,1,0,0,0,0,0,0,39.0,Off,Off,Off,Off,6.697,Off,Off,1.054,0.23,0.771,-1.13,Off,Off,Off,Off,2026-09-01 14:27:05,sw-A
et-0/0/48,Up,1,0,0,0,0,0,0,,Off,Off,Off,Off,,Off,Off,,,,,Off,Off,Off,Off,2026-09-01 14:32:06,sw-A
et-0/0/49,Up,1,0,0,0,0,0,0,,Off,Off,Off,Off,,Off,Off,,,,,Off,Off,Off,Off,2026-09-01 14:32:06,sw-A
et-0/0/50,Up,1,0,0,0,0,0,0,,Off,Off,Off,Off,,Off,Off,,,,,Off,Off,Off,Off,2026-09-01 14:32:06,sw-A
et-0/0/51,Up,1,0,0,0,0,0,0,39.0,Off,Off,Off,Off,6.711,Off,Off,1.057,0.24,0.771,-1.13,Off,Off,Off,Off,2026-09-01 14:32:06,sw-A
et-0/0/48,Up,1,0,0,0,0,0,0,,Off,Off,Off,Off,,Off,Off,,,,,Off,Off,Off,Off,2026-09-01 14:37:08,sw-A
et-0/0/49,Up,1,0,0,0,0,0,0,,Off,Off,Off,Off,,Off,Off,,,,,Off,Off,Off,Off,2026-09-01 14:37:08,sw-A
et-0/0/50,Up,1,0,0,0,0,0,0,,Off,Off,Off,Off,,Off,Off,,,,,Off,Off,Off,Off,2026-09-01 14:37:08,sw-A
et-0/0/51,Up,1,0,0,0,0,0,0,39.0,Off,Off,Off,Off,6.717,Off,Off,1.058,0.24,0.786,-1.05,Off,Off,Off,Off,2026-09-01 14:37:08,sw-A
et-0/0/48,Up,1,0,0,0,0,0,0,,Off,Off,Off,Off,,Off,Off,,,,,Off,Off,Off,Off,2026-09-01 14:42:09,sw-A
et-0/0/49,Up,1,0,0,0,0,0,0,,Off,Off,Off,Off,,Off,Off,,,,,Off,Off,Off,Off,2026-09-01 14:42:09,sw-A
et-0/0/50,Up,1,0,0,0,0,0,0,,Off,Off,Off,Off,,Off,Off,,,,,Off,Off,Off,Off,2026-09-01 14:42:09,sw-A
et-0/0/51,Up,1,0,0,0,0,0,0,39.0,Off,Off,Off,Off,6.679,Off,Off,1.052,0.22,0.771,-1.13,Off,Off,Off,Off,2026-09-01 14:42:09,sw-A
et-0/0/48,Up,1,0,0,0,0,0,0,,Off,Off,Off,Off,,Off,Off,,,,,Off,Off,Off,Off,2026-09-01 14:47:10,sw-A
et-0/0/49,Up,1,0,0,0,0,0,0,,Off,Off,Off,Off,,Off,Off,,,,,Off,Off,Off,Off,2026-09-01 14:47:10,sw-A
et-0/0/50,Up,1,0,0,0,0,0,0,,Off,Off,Off,Off,,Off,Off,,,,,Off,Off,Off,Off,2026-09-01 14:47:10,sw-A
et-0/0/51,Up,1,0,0,0,0,0,0,39.0,Off,Off,Off,Off,6.711,Off,Off,1.057,0.24,0.771,-1.13,Off,Off,Off,Off,2026-09-01 14:47:10,sw-A
et-0/0/48,Up,1,0,0,0,0,0,0,,Off,Off,Off,Off,,Off,Off,,,,,Off,Off,Off,Off,2026-09-01 14:52:11,sw-A
et-0/0/49,Up,1,0,0,0,0,0,0,,Off,Off,Off,Off,,Off,Off,,,,,Off,Off,Off,Off,2026-09-01 14:52:11,sw-A
et-0/0/50,Up,1,0,0,0,0,0,0,,Off,Off,Off,Off,,Off,Off,,,,,Off,Off,Off,Off,2026-09-01 14:52:11,sw-A
et-0/0/51,Up,1,0,0,0,0,0,0,39.0,Off,Off,Off,Off,6.679,Off,Off,1.052,0.22,0.771,-1.13,Off,Off,Off,Off,2026-09-01 14:52:11,sw-A
et-0/0/48,Up,1,0,0,0,0,0,0,,Off,Off,Off,Off,,Off,Off,,,,,Off,Off,Off,Off,2026-09-01 14:57:13,sw-A
et-0/0/49,Up,1,0,0,0,0,0,0,,Off,Off,Off,Off,,Off,Off,,,,,Off,Off,Off,Off,2026-09-01 14:57:13,sw-A
et-0/0/50,Up,1,0,0,0,0,0,0,,Off,Off,Off,Off,,Off,Off,,,,,Off,Off,Off,Off,2026-09-01 14:57:13,sw-A
et-0/0/51,Up,1,0,0,0,0,0,0,39.0,Off,Off,Off,Off,6.677,Off,Off,1.051,0.22,0.771,-1.13,Off,Off,Off,Off,2026-09-01 14:57:13,sw-A
et-0/0/48,Up,1,0,0,0,0,0,0,,Off,Off,Off,Off,,Off,Off,,,,,Off,Off,Off,Off,2026-09-01 15:02:14,sw-A
et-0/0/49,Up,1,0,0,0,0,0,0,,Off,Off,Off,Off,,Off,Off,,,,,Off,Off,Off,Off,2026-09-01 15:02:14,sw-A
et-0/0/50,Up,1,0,0,0,0,0,0,,Off,Off,Off,Off,,Off,Off,,,,,Off,Off,Off,Off,2026-09-01 15:02:14,sw-A
et-0/0/51,Up,1,0,0,0,0,0,0,39.0,Off,Off,Off,Off,6.688,Off,Off,1.053,0.22,0.786,-1.05,Off,Off,Off,Off,2026-09-01 15:02:14,sw-A
et-0/0/48,Up,1,0,0,0,0,0,0,,Off,Off,Off,Off,,Off,Off,,,,,Off,Off,Off,Off,2026-09-01 15:07:15,sw-A
et-0/0/49,Up,1,0,0,0,0,0,0,,Off,Off,Off,Off,,Off,Off,,,,,Off,Off,Off,Off,2026-09-01 15:07:15,sw-A
et-0/0/50,Up,1,0,0,0,0,0,0,,Off,Off,Off,Off,,Off,Off,,,,,Off,Off,Off,Off,2026-09-01 15:07:15,sw-A
et-0/0/51,Up,1,0,0,0,0,0,0,39.0,Off,Off,Off,Off,6.717,Off,Off,1.058,0.24,0.771,-1.13,Off,Off,Off,Off,2026-09-01 15:07:15,sw-A
et-0/0/48,Up,1,0,0,0,0,0,0,,Off,Off,Off,Off,,Off,Off,,,,,Off,Off,Off,Off,2026-09-01 15:12:17,sw-A
et-0/0/49,Up,1,0,0,0,0,0,0,,Off,Off,Off,Off,,Off,Off,,,,,Off,Off,Off,Off,2026-09-01 15:12:17,sw-A
et-0/0/50,Up,1,0,0,0,0,0,0,,Off,Off,Off,Off,,Off,Off,,,,,Off,Off,Off,Off,2026-09-01 15:12:17,sw-A
et-0/0/51,Up,1,0,0,0,0,0,0,39.0,Off,Off,Off,Off,6.693,Off,Off,1.054,0.23,0.786,-1.05,Off,Off,Off,Off,2026-09-01 15:12:17,sw-A
et-0/0/48,Up,1,0,0,0,0,0,0,,Off,Off,Off,Off,,Off,Off,,,,,Off,Off,Off,Off,2026-09-01 15:17:18,sw-A
et-0/0/49,Up,1,0,0,0,0,0,0,,Off,Off,Off,Off,,Off,Off,,,,,Off,Off,Off,Off,2026-09-01 15:17:18,sw-A
et-0/0/50,Up,1,0,0,0,0,0,0,,Off,Off,Off,Off,,Off,Off,,,,,Off,Off,Off,Off,2026-09-01 15:17:18,sw-A
et-0/0/51,Up,1,0,0,0,0,0,0,39.0,Off,Off,Off,Off,6.699,Off,Off,1.055,0.23,0.771,-1.13,Off,Off,Off,Off,2026-09-01 15:17:18,sw-A
et-0/0/48,Up,1,0,0,0,0,0,0,,Off,Off,Off,Off,,Off,Off,,,,,Off,Off,Off,Off,2026-09-01 15:22:19,sw-A
et-0/0/49,Up,1,0,0,0,0,0,0,,Off,Off,Off,Off,,Off,Off,,,,,Off,Off,Off,Off,2026-09-01 15:22:19,sw-A
et-0/0/50,Up,1,0,0,0,0,0,0,,Off,Off,Off,Off,,Off,Off,,,,,Off,Off,Off,Off,2026-09-01 15:22:19,sw-A
et-0/0/51,Up,1,0,0,0,0,0,0,39.0,Off,Off,Off,Off,6.703,Off,Off,1.055,0.23,0.771,-1.13,Off,Off,Off,Off,2026-09-01 15:22:19,sw-A
et-0/0/48,Up,1,0,0,0,0,0,0,,Off,Off,Off,Off,,Off,Off,,,,,Off,Off,Off,Off,2026-09-01 15:27:20,sw-A
et-0/0/49,Up,1,0,0,0,0,0,0,,Off,Off,Off,Off,,Off,Off,,,,,Off,Off,Off,Off,2026-09-01 15:27:20,sw-A
et-0/0/50,Up,1,0,0,0,0,0,0,,Off,Off,Off,Off,,Off,Off,,,,,Off,Off,Off,Off,2026-09-01 15:27:20,sw-A
et-0/0/51,Up,1,0,0,0,0,0,0,39.0,Off,Off,Off,Off,6.719,Off,Off,1.058,0.24,0.786,-1.05,Off,Off,Off,Off,2026-09-01 15:27:20,sw-A
et-0/0/48,Up,1,0,0,0,0,0,0,,Off,Off,Off,Off,,Off,Off,,,,,Off,Off,Off,Off,2026-09-01 15:32:22,sw-A
et-0/0/49,Up,1,0,0,0,0,0,0,,Off,Off,Off,Off,,Off,Off,,,,,Off,Off,Off,Off,2026-09-01 15:32:22,sw-A
et-0/0/50,Up,1,0,0,0,0,0,0,,Off,Off,Off,Off,,Off,Off,,,,,Off,Off,Off,Off,2026-09-01 15:32:22,sw-A
et-0/0/51,Up,1,0,0,0,0,0,0,39.0,Off,Off,Off,Off,6.703,Off,Off,1.055,0.23,0.786,-1.05,Off,Off,Off,Off,2026-09-01 15:32:22,sw-A
et-0/0/48,Up,1,0,0,0,0,0,0,,Off,Off,Off,Off,,Off,Off,,,,,Off,Off,Off,Off,2026-09-01 15:37:23,sw-A
et-0/0/49,Up,1,0,0,0,0,0,0,,Off,Off,Off,Off,,Off,Off,,,,,Off,Off,Off,Off,2026-09-01 15:37:23,sw-A
et-0/0/50,Up,1,0,0,0,0,0,0,,Off,Off,Off,Off,,Off,Off,,,,,Off,Off,Off,Off,2026-09-01 15:37:23,sw-A
et-0/0/51,Up,1,0,0,0,0,0,0,39.0,Off,Off,Off,Off,6.699,Off,Off,1.055,0.23,0.771,-1.13,Off,Off,Off,Off,2026-09-01 15:37:23,sw-A
et-0/0/48,Up,1,0,0,0,0,0,0,,Off,Off,Off,Off,,Off,Off,,,,,Off,Off,Off,Off,2026-09-01 15:42:25,sw-A
et-0/0/49,Up,1,0,0,0,0,0,0,,Off,Off,Off,Off,,Off,Off,,,,,Off,Off,Off,Off,2026-09-01 15:42:25,sw-A
et-0/0/50,Up,1,0,0,0,0,0,0,,Off,Off,Off,Off,,Off,Off,,,,,Off,Off,Off,Off,2026-09-01 15:42:25,sw-A
et-0/0/51,Up,1,0,0,0,0,0,0,39.0,Off,Off,Off,Off,6.699,Off,Off,1.055,0.23,0.771,-1.13,Off,Off,Off,Off,2026-09-01 15:42:25,sw-A
et-0/0/48,Up,1,0,0,0,0,0,0,,Off,Off,Off,Off,,Off,Off,,,,,Off,Off,Off,Off,2026-09-01 15:47:26,sw-A
et-0/0/49,Up,1,0,0,0,0,0,0,,Off,Off,Off,Off,,Off,Off,,,,,Off,Off,Off,Off,2026-09-01 15:47:26,sw-A
et-0/0/50,Up,1,0,0,0,0,0,0,,Off,Off,Off,Off,,Off,Off,,,,,Off,Off,Off,Off,2026-09-01 15:47:26,sw-A
et-0/0/51,Up,1,0,0,0,0,0,0,39.0,Off,Off,Off,Off,6.688,Off,Off,1.053,0.22,0.786,-1.05,Off,Off,Off,Off,2026-09-01 15:47:26,sw-A
et-0/0/48,Up,1,0,0,0,0,0,0,,Off,Off,Off,Off,,Off,Off,,,,,Off,Off,Off,Off,2026-09-01 15:52:27,sw-A
et-0/0/49,Up,1,0,0,0,0,0,0,,Off,Off,Off,Off,,Off,Off,,,,,Off,Off,Off,Off,2026-09-01 15:52:27,sw-A
et-0/0/50,Up,1,0,0,0,0,0,0,,Off,Off,Off,Off,,Off,Off,,,,,Off,Off,Off,Off,2026-09-01 15:52:27,sw-A
et-0/0/51,Up,1,0,0,0,0,0,0,39.0,Off,Off,Off,Off,6.705,Off,Off,1.056,0.24,0.786,-1.05,Off,Off,Off,Off,2026-09-01 15:52:27,sw-A
et-0/0/48,Up,1,0,0,0,0,0,0,,Off,Off,Off,Off,,Off,Off,,,,,Off,Off,Off,Off,2026-09-01 15:57:29,sw-A
et-0/0/49,Up,1,0,0,0,0,0,0,,Off,Off,Off,Off,,Off,Off,,,,,Off,Off,Off,Off,2026-09-01 15:57:29,sw-A
et-0/0/50,Up,1,0,0,0,0,0,0,,Off,Off,Off,Off,,Off,Off,,,,,Off,Off,Off,Off,2026-09-01 15:57:29,sw-A
et-0/0/51,Up,1,0,0,0,0,0,0,39.0,Off,Off,Off,Off,6.693,Off,Off,1.054,0.23,0.786,-1.05,Off,Off,Off,Off,2026-09-01 15:57:29,sw-A
et-0/0/48,Up,1,0,0,0,0,0,0,,Off,Off,Off,Off,,Off,Off,,,,,Off,Off,Off,Off,2026-09-01 16:02:30,sw-A
et-0/0/49,Up,1,0,0,0,0,0,0,,Off,Off,Off,Off,,Off,Off,,,,,Off,Off,Off,Off,2026-09-01 16:02:30,sw-A
et-0/0/50,Up,1,0,0,0,0,0,0,,Off,Off,Off,Off,,Off,Off,,,,,Off,Off,Off,Off,2026-09-01 16:02:30,sw-A
et-0/0/51,Up,1,0,0,0,0,0,0,39.0,Off,Off,Off,Off,6.679,Off,Off,1.052,0.22,0.786,-1.05,Off,Off,Off,Off,2026-09-01 16:02:30,sw-A
et-0/0/48,Up,1,0,0,0,0,0,0,,Off,Off,Off,Off,,Off,Off,,,,,Off,Off,Off,Off,2026-09-01 16:07:31,sw-A
et-0/0/49,Up,1,0,0,0,0,0,0,,Off,Off,Off,Off,,Off,Off,,,,,Off,Off,Off,Off,2026-09-01 16:07:31,sw-A
et-0/0/50,Up,1,0,0,0,0,0,0,,Off,Off,Off,Off,,Off,Off,,,,,Off,Off,Off,Off,2026-09-01 16:07:31,sw-A
et-0/0/51,Up,1,0,0,0,0,0,0,39.0,Off,Off,Off,Off,6.71,Off,Off,1.056,0.24,0.786,-1.05,Off,Off,Off,Off,2026-09-01 16:07:31,sw-A
et-0/0/48,Up,1,0,0,0,0,0,0,,Off,Off,Off,Off,,Off,Off,,,,,Off,Off,Off,Off,2026-09-01 16:12:33,sw-A
et-0/0/49,Up,1,0,0,0,0,0,0,,Off,Off,Off,Off,,Off,Off,,,,,Off,Off,Off,Off,2026-09-01 16:12:33,sw-A
et-0/0/50,Up,1,0,0,0,0,0,0,,Off,Off,Off,Off,,Off,Off,,,,,Off,Off,Off,Off,2026-09-01 16:12:33,sw-A
et-0/0/51,Up,1,0,0,0,0,0,0,39.0,Off,Off,Off,Off,6.71,Off,Off,1.058,0.24,0.786,-1.05,Off,Off,Off,Off,2026-09-01 16:12:33,sw-A
et-0/0/48,Up,1,0,0,0,0,0,0,,Off,Off,Off,Off,,Off,Off,,,,,Off,Off,Off,Off,2026-09-01 16:17:34,sw-A
et-0/0/49,Up,1,0,0,0,0,0,0,,Off,Off,Off,Off,,Off,Off,,,,,Off,Off,Off,Off,2026-09-01 16:17:34,sw-A
et-0/0/50,Up,1,0,0,0,0,0,0,,Off,Off,Off,Off,,Off,Off,,,,,Off,Off,Off,Off,2026-09-01 16:17:34,sw-A
et-0/0/51,Up,1,0,0,0,0,0,0,39.0,Off,Off,Off,Off,6.697,Off,Off,1.055,0.23,0.786,-1.05,Off,Off,Off,Off,2026-09-01 16:17:34,sw-A
et-0/0/48,Up,1,0,0,0,0,0,0,,Off,Off,Off,Off,,Off,Off,,,,,Off,Off,Off,Off,2026-09-01 16:22:35,sw-A
et-0/0/49,Up,1,0,0,0,0,0,0,,Off,Off,Off,Off,,Off,Off,,,,,Off,Off,Off,Off,2026-09-01 16:22:35,sw-A
et-0/0/50,Up,1,0,0,0,0,0,0,,Off,Off,Off,Off,,Off,Off,,,,,Off,Off,Off,Off,2026-09-01 16:22:35,sw-A
et-0/0/51,Up,1,0,0,0,0,0,0,39.0,Off,Off,Off,Off,6.717,Off,Off,1.058,0.24,0.786,-1.05,Off,Off,Off,Off,2026-09-01 16:22:35,sw-A
et-0/0/48,Up,1,0,0,0,0,0,0,,Off,Off,Off,Off,,Off,Off,,,,,Off,Off,Off,Off,2026-09-01 16:27:36,sw-A
et-0/0/49,Up,1,0,0,0,0,0,0,,Off,Off,Off,Off,,Off,Off,,,,,Off,Off,Off,Off,2026-09-01 16:27:36,sw-A
et-0/0/50,Up,1,0,0,0,0,0,0,,Off,Off,Off,Off,,Off,Off,,,,,Off,Off,Off,Off,2026-09-01 16:27:36,sw-A
et-0/0/51,Up,1,0,0,0,0,0,0,39.0,Off,Off,Off,Off,6.705,Off,Off,1.056,0.24,0.786,-1.05,Off,Off,Off,Off,2026-09-01 16:27:36,sw-A
et-0/0/48,Up,1,0,0,0,0,0,0,,Off,Off,Off,Off,,Off,Off,,,,,Off,Off,Off,Off,2026-09-01 16:32:38,sw-A
et-0/0/49,Up,1,0,0,0,0,0,0,,Off,Off,Off,Off,,Off,Off,,,,,Off,Off,Off,Off,2026-09-01 16:32:38,sw-A
et-0/0/50,Up,1,0,0,0,0,0,0,,Off,Off,Off,Off,,Off,Off,,,,,Off,Off,Off,Off,2026-09-01 16:32:38,sw-A
et-0/0/51,Up,1,0,0,0,0,0,0,39.0,Off,Off,Off,Off,6.719,Off,Off,1.058,0.24,0.771,-1.13,Off,Off,Off,Off,2026-09-01 16:32:38,sw-A
et-0/0/48,Up,1,0,0,0,0,0,0,,Off,Off,Off,Off,,Off,Off,,,,,Off,Off,Off,Off,2026-09-01 16:37:39,sw-A
et-0/0/49,Up,1,0,0,0,0,0,0,,Off,Off,Off,Off,,Off,Off,,,,,Off,Off,Off,Off,2026-09-01 16:37:39,sw-A
et-0/0/50,Up,1,0,0,0,0,0,0,,Off,Off,Off,Off,,Off,Off,,,,,Off,Off,Off,Off,2026-09-01 16:37:39,sw-A
et-0/0/51,Up,1,0,0,0,0,0,0,39.0,Off,Off,Off,Off,6.691,Off,Off,1.053,0.23,0.801,-0.96,Off,Off,Off,Off,2026-09-01 16:37:39,sw-A
et-0/0/48,Up,1,0,0,0,0,0,0,,Off,Off,Off,Off,,Off,Off,,,,,Off,Off,Off,Off,2026-09-01 16:42:41,sw-A
et-0/0/49,Up,1,0,0,0,0,0,0,,Off,Off,Off,Off,,Off,Off,,,,,Off,Off,Off,Off,2026-09-01 16:42:41,sw-A
et-0/0/50,Up,1,0,0,0,0,0,0,,Off,Off,Off,Off,,Off,Off,,,,,Off,Off,Off,Off,2026-09-01 16:42:41,sw-A
et-0/0/51,Up,1,0,0,0,0,0,0,39.0,Off,Off,Off,Off,6.677,Off,Off,1.051,0.22,0.817,-0.88,Off,Off,Off,Off,2026-09-01 16:42:41,sw-A
et-0/0/48,Up,1,0,0,0,0,0,0,,Off,Off,Off,Off,,Off,Off,,,,,Off,Off,Off,Off,2026-09-01 16:47:42,sw-A
et-0/0/49,Up,1,0,0,0,0,0,0,,Off,Off,Off,Off,,Off,Off,,,,,Off,Off,Off,Off,2026-09-01 16:47:42,sw-A
et-0/0/50,Up,1,0,0,0,0,0,0,,Off,Off,Off,Off,,Off,Off,,,,,Off,Off,Off,Off,2026-09-01 16:47:42,sw-A
et-0/0/51,Up,1,0,0,0,0,0,0,39.0,Off,Off,Off,Off,6.711,Off,Off,1.057,0.24,0.801,-0.96,Off,Off,Off,Off,2026-09-01 16:47:42,sw-A
et-0/0/48,Up,1,0,0,0,0,0,0,,Off,Off,Off,Off,,Off,Off,,,,,Off,Off,Off,Off,2026-09-01 16:52:43,sw-A
et-0/0/49,Up,1,0,0,0,0,0,0,,Off,Off,Off,Off,,Off,Off,,,,,Off,Off,Off,Off,2026-09-01 16:52:43,sw-A
et-0/0/50,Up,1,0,0,0,0,0,0,,Off,Off,Off,Off,,Off,Off,,,,,Off,Off,Off,Off,2026-09-01 16:52:43,sw-A
et-0/0/51,Up,1,0,0,0,0,0,0,39.0,Off,Off,Off,Off,6.719,Off,Off,1.058,0.24,0.786,-1.05,Off,Off,Off,Off,2026-09-01 16:52:43,sw-A
et-0/0/48,Up,1,0,0,0,0,0,0,,Off,Off,Off,Off,,Off,Off,,,,,Off,Off,Off,Off,2026-09-01 16:57:45,sw-A
et-0/0/49,Up,1,0,0,0,0,0,0,,Off,Off,Off,Off,,Off,Off,,,,,Off,Off,Off,Off,2026-09-01 16:57:45,sw-A
et-0/0/50,Up,1,0,0,0,0,0,0,,Off,Off,Off,Off,,Off,Off,,,,,Off,Off,Off,Off,2026-09-01 16:57:45,sw-A
et-0/0/51,Up,1,0,0,0,0,0,0,39.0,Off,Off,Off,Off,6.688,Off,Off,1.053,0.22,0.786,-1.05,Off,Off,Off,Off,2026-09-01 16:57:45,sw-A
et-0/0/48,Up,1,0,0,0,0,0,0,,Off,Off,Off,Off,,Off,Off,,,,,Off,Off,Off,Off,2026-09-01 17:02:46,sw-A
et-0/0/49,Up,1,0,0,0,0,0,0,,Off,Off,Off,Off,,Off,Off,,,,,Off,Off,Off,Off,2026-09-01 17:02:46,sw-A
et-0/0/50,Up,1,0,0,0,0,0,0,,Off,Off,Off,Off,,Off,Off,,,,,Off,Off,Off,Off,2026-09-01 17:02:46,sw-A
et-0/0/51,Up,1,0,0,0,0,0,0,39.0,Off,Off,Off,Off,6.711,Off,Off,1.057,0.24,0.801,-0.96,Off,Off,Off,Off,2026-09-01 17:02:46,sw-A
et-0/0/48,Up,1,0,0,0,0,0,0,,Off,Off,Off,Off,,Off,Off,,,,,Off,Off,Off,Off,2026-09-01 17:07:47,sw-A
et-0/0/49,Up,1,0,0,0,0,0,0,,Off,Off,Off,Off,,Off,Off,,,,,Off,Off,Off,Off,2026-09-01 17:07:47,sw-A
et-0/0/50,Up,1,0,0,0,0,0,0,,Off,Off,Off,Off,,Off,Off,,,,,Off,Off,Off,Off,2026-09-01 17:07:47,sw-A
et-0/0/51,Up,1,0,0,0,0,0,0,39.0,Off,Off,Off,Off,6.685,Off,Off,1.052,0.22,0.801,-0.96,Off,Off,Off,Off,2026-09-01 17:07:47,sw-A
et-0/0/48,Up,1,0,0,0,0,0,0,,Off,Off,Off,Off,,Off,Off,,,,,Off,Off,Off,Off,2026-09-01 17:12:48,sw-A
et-0/0/49,Up,1,0,0,0,0,0,0,,Off,Off,Off,Off,,Off,Off,,,,,Off,Off,Off,Off,2026-09-01 17:12:48,sw-A
et-0/0/50,Up,1,0,0,0,0,0,0,,Off,Off,Off,Off,,Off,Off,,,,,Off,Off,Off,Off,2026-09-01 17:12:48,sw-A
et-0/0/51,Up,1,0,0,0,0,0,0,39.0,Off,Off,Off,Off,6.691,Off,Off,1.055,0.23,0.786,-1.05,Off,Off,Off,Off,2026-09-01 17:12:48,sw-A
et-0/0/48,Up,1,0,0,0,0,0,0,,Off,Off,Off,Off,,Off,Off,,,,,Off,Off,Off,Off,2026-09-01 17:17:49,sw-A
et-0/0/49,Up,1,0,0,0,0,0,0,,Off,Off,Off,Off,,Off,Off,,,,,Off,Off,Off,Off,2026-09-01 17:17:49,sw-A
et-0/0/50,Up,1,0,0,0,0,0,0,,Off,Off,Off,Off,,Off,Off,,,,,Off,Off,Off,Off,2026-09-01 17:17:49,sw-A
et-0/0/51,Up,1,0,0,0,0,0,0,39.0,Off,Off,Off,Off,6.719,Off,Off,1.058,0.24,0.801,-0.96,Off,Off,Off,Off,2026-09-01 17:17:49,sw-A
et-0/0/48,Up,1,0,0,0,0,0,0,,Off,Off,Off,Off,,Off,Off,,,,,Off,Off,Off,Off,2026-09-01 17:22:51,sw-A
et-0/0/49,Up,1,0,0,0,0,0,0,,Off,Off,Off,Off,,Off,Off,,,,,Off,Off,Off,Off,2026-09-01 17:22:51,sw-A
et-0/0/50,Up,1,0,0,0,0,0,0,,Off,Off,Off,Off,,Off,Off,,,,,Off,Off,Off,Off,2026-09-01 17:22:51,sw-A
et-0/0/51,Up,1,0,0,0,0,0,0,39.0,Off,Off,Off,Off,6.699,Off,Off,1.055,0.23,0.786,-1.05,Off,Off,Off,Off,2026-09-01 17:22:51,sw-A
et-0/0/48,Up,1,0,0,0,0,0,0,,Off,Off,Off,Off,,Off,Off,,,,,Off,Off,Off,Off,2026-09-01 17:27:52,sw-A
et-0/0/49,Up,1,0,0,0,0,0,0,,Off,Off,Off,Off,,Off,Off,,,,,Off,Off,Off,Off,2026-09-01 17:27:52,sw-A
et-0/0/50,Up,1,0,0,0,0,0,0,,Off,Off,Off,Off,,Off,Off,,,,,Off,Off,Off,Off,2026-09-01 17:27:52,sw-A
et-0/0/51,Up,1,0,0,0,0,0,0,39.0,Off,Off,Off,Off,6.679,Off,Off,1.052,0.22,0.801,-0.96,Off,Off,Off,Off,2026-09-01 17:27:52,sw-A
et-0/0/48,Up,1,0,0,0,0,0,0,,Off,Off,Off,Off,,Off,Off,,,,,Off,Off,Off,Off,2026-09-01 17:32:54,sw-A
et-0/0/49,Up,1,0,0,0,0,0,0,,Off,Off,Off,Off,,Off,Off,,,,,Off,Off,Off,Off,2026-09-01 17:32:54,sw-A
et-0/0/50,Up,1,0,0,0,0,0,0,,Off,Off,Off,Off,,Off,Off,,,,,Off,Off,Off,Off,2026-09-01 17:32:54,sw-A
et-0/0/51,Up,1,0,0,0,0,0,0,39.0,Off,Off,Off,Off,6.717,Off,Off,1.051,0.22,0.786,-1.05,Off,Off,Off,Off,2026-09-01 17:32:54,sw-A
et-0/0/48,Up,1,0,0,0,0,0,0,,Off,Off,Off,Off,,Off,Off,,,,,Off,Off,Off,Off,2026-09-01 17:37:55,sw-A
et-0/0/49,Up,1,0,0,0,0,0,0,,Off,Off,Off,Off,,Off,Off,,,,,Off,Off,Off,Off,2026-09-01 17:37:55,sw-A
et-0/0/50,Up,1,0,0,0,0,0,0,,Off,Off,Off,Off,,Off,Off,,,,,Off,Off,Off,Off,2026-09-01 17:37:55,sw-A
et-0/0/51,Up,1,0,0,0,0,0,0,39.0,Off,Off,Off,Off,6.691,Off,Off,1.054,0.23,0.786,-1.05,Off,Off,Off,Off,2026-09-01 17:37:55,sw-A
et-0/0/48,Up,1,0,0,0,0,0,0,,Off,Off,Off,Off,,Off,Off,,,,,Off,Off,Off,Off,2026-09-01 17:42:56,sw-A
et-0/0/49,Up,1,0,0,0,0,0,0,,Off,Off,Off,Off,,Off,Off,,,,,Off,Off,Off,Off,2026-09-01 17:42:56,sw-A
et-0/0/50,Up,1,0,0,0,0,0,0,,Off,Off,Off,Off,,Off,Off,,,,,Off,Off,Off,Off,2026-09-01 17:42:56,sw-A
et-0/0/51,Up,1,0,0,0,0,0,0,39.0,Off,Off,Off,Off,6.691,Off,Off,1.053,0.23,0.786,-1.05,Off,Off,Off,Off,2026-09-01 17:42:56,sw-A
et-0/0/48,Up,1,0,0,0,0,0,0,,Off,Off,Off,Off,,Off,Off,,,,,Off,Off,Off,Off,2026-09-01 17:47:57,sw-A
et-0/0/49,Up,1,0,0,0,0,0,0,,Off,Off,Off,Off,,Off,Off,,,,,Off,Off,Off,Off,2026-09-01 17:47:57,sw-A
et-0/0/50,Up,1,0,0,0,0,0,0,,Off,Off,Off,Off,,Off,Off,,,,,Off,Off,Off,Off,2026-09-01 17:47:57,sw-A
et-0/0/51,Up,1,0,0,0,0,0,0,39.0,Off,Off,Off,Off,6.717,Off,Off,1.058,0.24,0.771,-1.13,Off,Off,Off,Off,2026-09-01 17:47:57,sw-A
et-0/0/48,Up,1,0,0,0,0,0,0,,Off,Off,Off,Off,,Off,Off,,,,,Off,Off,Off,Off,2026-09-01 17:52:59,sw-A
et-0/0/49,Up,1,0,0,0,0,0,0,,Off,Off,Off,Off,,Off,Off,,,,,Off,Off,Off,Off,2026-09-01 17:52:59,sw-A
et-0/0/50,Up,1,0,0,0,0,0,0,,Off,Off,Off,Off,,Off,Off,,,,,Off,Off,Off,Off,2026-09-01 17:52:59,sw-A
et-0/0/51,Up,1,0,0,0,0,0,0,39.0,Off,Off,Off,Off,6.717,Off,Off,1.058,0.24,0.786,-1.05,Off,Off,Off,Off,2026-09-01 17:52:59,sw-A
et-0/0/48,Up,1,0,0,0,0,0,0,,Off,Off,Off,Off,,Off,Off,,,,,Off,Off,Off,Off,2026-09-01 17:58:00,sw-A
et-0/0/49,Up,1,0,0,0,0,0,0,,Off,Off,Off,Off,,Off,Off,,,,,Off,Off,Off,Off,2026-09-01 17:58:00,sw-A
et-0/0/50,Up,1,0,0,0,0,0,0,,Off,Off,Off,Off,,Off,Off,,,,,Off,Off,Off,Off,2026-09-01 17:58:00,sw-A
et-0/0/51,Up,1,0,0,0,0,0,0,39.0,Off,Off,Off,Off,6.691,Off,Off,1.054,0.23,0.786,-1.05,Off,Off,Off,Off,2026-09-01 17:58:00,sw-A
et-0/0/48,Up,1,0,0,0,0,0,0,,Off,Off,Off,Off,,Off,Off,,,,,Off,Off,Off,Off,2026-09-01 18:03:01,sw-A
et-0/0/49,Up,1,0,0,0,0,0,0,,Off,Off,Off,Off,,Off,Off,,,,,Off,Off,Off,Off,2026-09-01 18:03:01,sw-A
et-0/0/50,Up,1,0,0,0,0,0,0,,Off,Off,Off,Off,,Off,Off,,,,,Off,Off,Off,Off,2026-09-01 18:03:01,sw-A
et-0/0/51,Up,1,0,0,0,0,0,0,39.0,Off,Off,Off,Off,6.679,Off,Off,1.052,0.22,0.786,-1.05,Off,Off,Off,Off,2026-09-01 18:03:01,sw-A
et-0/0/48,Up,1,0,0,0,0,0,0,,Off,Off,Off,Off,,Off,Off,,,,,Off,Off,Off,Off,2026-09-01 18:08:02,sw-A
et-0/0/49,Up,1,0,0,0,0,0,0,,Off,Off,Off,Off,,Off,Off,,,,,Off,Off,Off,Off,2026-09-01 18:08:02,sw-A
et-0/0/50,Up,1,0,0,0,0,0,0,,Off,Off,Off,Off,,Off,Off,,,,,Off,Off,Off,Off,2026-09-01 18:08:02,sw-A
et-0/0/51,Up,1,0,0,0,0,0,0,39.0,Off,Off,Off,Off,6.697,Off,Off,1.054,0.23,0.786,-1.05,Off,Off,Off,Off,2026-09-01 18:08:02,sw-A
et-0/0/48,Up,1,0,0,0,0,0,0,,Off,Off,Off,Off,,Off,Off,,,,,Off,Off,Off,Off,2026-09-01 18:13:04,sw-A
et-0/0/49,Up,1,0,0,0,0,0,0,,Off,Off,Off,Off,,Off,Off,,,,,Off,Off,Off,Off,2026-09-01 18:13:04,sw-A
et-0/0/50,Up,1,0,0,0,0,0,0,,Off,Off,Off,Off,,Off,Off,,,,,Off,Off,Off,Off,2026-09-01 18:13:04,sw-A
et-0/0/51,Up,1,0,0,0,0,0,0,39.0,Off,Off,Off,Off,6.697,Off,Off,1.054,0.23,0.771,-1.13,Off,Off,Off,Off,2026-09-01 18:13:04,sw-A
et-0/0/48,Up,1,0,0,0,0,0,0,,Off,Off,Off,Off,,Off,Off,,,,,Off,Off,Off,Off,2026-09-01 18:18:05,sw-A
et-0/0/49,Up,1,0,0,0,0,0,0,,Off,Off,Off,Off,,Off,Off,,,,,Off,Off,Off,Off,2026-09-01 18:18:05,sw-A
et-0/0/50,Up,1,0,0,0,0,0,0,,Off,Off,Off,Off,,Off,Off,,,,,Off,Off,Off,Off,2026-09-01 18:18:05,sw-A
et-0/0/51,Up,1,0,0,0,0,0,0,39.0,Off,Off,Off,Off,6.71,Off,Off,1.056,0.24,0.771,-1.13,Off,Off,Off,Off,2026-09-01 18:18:05,sw-A
et-0/0/48,Up,1,0,0,0,0,0,0,,Off,Off,Off,Off,,Off,Off,,,,,Off,Off,Off,Off,2026-09-01 18:23:06,sw-A
et-0/0/49,Up,1,0,0,0,0,0,0,,Off,Off,Off,Off,,Off,Off,,,,,Off,Off,Off,Off,2026-09-01 18:23:06,sw-A
et-0/0/50,Up,1,0,0,0,0,0,0,,Off,Off,Off,Off,,Off,Off,,,,,Off,Off,Off,Off,2026-09-01 18:23:06,sw-A
et-0/0/51,Up,1,0,0,0,0,0,0,38.0,Off,Off,Off,Off,6.693,Off,Off,1.054,0.23,0.801,-0.96,Off,Off,Off,Off,2026-09-01 18:23:06,sw-A
et-0/0/48,Up,1,0,0,0,0,0,0,,Off,Off,Off,Off,,Off,Off,,,,,Off,Off,Off,Off,2026-09-01 18:28:07,sw-A
et-0/0/49,Up,1,0,0,0,0,0,0,,Off,Off,Off,Off,,Off,Off,,,,,Off,Off,Off,Off,2026-09-01 18:28:07,sw-A
et-0/0/50,Up,1,0,0,0,0,0,0,,Off,Off,Off,Off,,Off,Off,,,,,Off,Off,Off,Off,2026-09-01 18:28:07,sw-A
et-0/0/51,Up,1,0,0,0,0,0,0,39.0,Off,Off,Off,Off,6.697,Off,Off,1.054,0.23,0.786,-1.05,Off,Off,Off,Off,2026-09-01 18:28:07,sw-A
et-0/0/48,Up,1,0,0,0,0,0,0,,Off,Off,Off,Off,,Off,Off,,,,,Off,Off,Off,Off,2026-09-01 18:33:09,sw-A
et-0/0/49,Up,1,0,0,0,0,0,0,,Off,Off,Off,Off,,Off,Off,,,,,Off,Off,Off,Off,2026-09-01 18:33:09,sw-A
et-0/0/50,Up,1,0,0,0,0,0,0,,Off,Off,Off,Off,,Off,Off,,,,,Off,Off,Off,Off,2026-09-01 18:33:09,sw-A
et-0/0/51,Up,1,0,0,0,0,0,0,39.0,Off,Off,Off,Off,6.679,Off,Off,1.052,0.22,0.786,-1.05,Off,Off,Off,Off,2026-09-01 18:33:09,sw-A
et-0/0/48,Up,1,0,0,0,0,0,0,,Off,Off,Off,Off,,Off,Off,,,,,Off,Off,Off,Off,2026-09-01 18:38:10,sw-A
et-0/0/49,Up,1,0,0,0,0,0,0,,Off,Off,Off,Off,,Off,Off,,,,,Off,Off,Off,Off,2026-09-01 18:38:10,sw-A
et-0/0/50,Up,1,0,0,0,0,0,0,,Off,Off,Off,Off,,Off,Off,,,,,Off,Off,Off,Off,2026-09-01 18:38:10,sw-A
et-0/0/51,Up,1,0,0,0,0,0,0,39.0,Off,Off,Off,Off,6.679,Off,Off,1.052,0.22,0.771,-1.13,Off,Off,Off,Off,2026-09-01 18:38:10,sw-A
et-0/0/48,Up,1,0,0,0,0,0,0,,Off,Off,Off,Off,,Off,Off,,,,,Off,Off,Off,Off,2026-09-01 18:43:11,sw-A
et-0/0/49,Up,1,0,0,0,0,0,0,,Off,Off,Off,Off,,Off,Off,,,,,Off,Off,Off,Off,2026-09-01 18:43:11,sw-A
et-0/0/50,Up,1,0,0,0,0,0,0,,Off,Off,Off,Off,,Off,Off,,,,,Off,Off,Off,Off,2026-09-01 18:43:11,sw-A
et-0/0/51,Up,1,0,0,0,0,0,0,39.0,Off,Off,Off,Off,6.691,Off,Off,1.053,0.23,0.786,-1.05,Off,Off,Off,Off,2026-09-01 18:43:11,sw-A
et-0/0/48,Up,1,0,0,0,0,0,0,,Off,Off,Off,Off,,Off,Off,,,,,Off,Off,Off,Off,2026-09-01 18:48:12,sw-A
et-0/0/49,Up,1,0,0,0,0,0,0,,Off,Off,Off,Off,,Off,Off,,,,,Off,Off,Off,Off,2026-09-01 18:48:12,sw-A
et-0/0/50,Up,1,0,0,0,0,0,0,,Off,Off,Off,Off,,Off,Off,,,,,Off,Off,Off,Off,2026-09-01 18:48:12,sw-A
et-0/0/51,Up,1,0,0,0,0,0,0,39.0,Off,Off,Off,Off,6.688,Off,Off,1.053,0.22,0.771,-1.13,Off,Off,Off,Off,2026-09-01 18:48:12,sw-A
et-0/0/48,Up,1,0,0,0,0,0,0,,Off,Off,Off,Off,,Off,Off,,,,,Off,Off,Off,Off,2026-09-01 18:53:14,sw-A
et-0/0/49,Up,1,0,0,0,0,0,0,,Off,Off,Off,Off,,Off,Off,,,,,Off,Off,Off,Off,2026-09-01 18:53:14,sw-A
et-0/0/50,Up,1,0,0,0,0,0,0,,Off,Off,Off,Off,,Off,Off,,,,,Off,Off,Off,Off,2026-09-01 18:53:14,sw-A
et-0/0/51,Up,1,0,0,0,0,0,0,39.0,Off,Off,Off,Off,6.697,Off,Off,1.054,0.23,0.771,-1.13,Off,Off,Off,Off,2026-09-01 18:53:14,sw-A
et-0/0/48,Up,1,0,0,0,0,0,0,,Off,Off,Off,Off,,Off,Off,,,,,Off,Off,Off,Off,2026-09-01 18:58:15,sw-A
et-0/0/49,Up,1,0,0,0,0,0,0,,Off,Off,Off,Off,,Off,Off,,,,,Off,Off,Off,Off,2026-09-01 18:58:15,sw-A
et-0/0/50,Up,1,0,0,0,0,0,0,,Off,Off,Off,Off,,Off,Off,,,,,Off,Off,Off,Off,2026-09-01 18:58:15,sw-A
et-0/0/51,Up,1,0,0,0,0,0,0,39.0,Off,Off,Off,Off,6.711,Off,Off,1.057,0.24,0.786,-1.05,Off,Off,Off,Off,2026-09-01 18:58:15,sw-A
et-0/0/48,Up,1,0,0,0,0,0,0,,Off,Off,Off,Off,,Off,Off,,,,,Off,Off,Off,Off,2026-09-01 19:03:16,sw-A
et-0/0/49,Up,1,0,0,0,0,0,0,,Off,Off,Off,Off,,Off,Off,,,,,Off,Off,Off,Off,2026-09-01 19:03:16,sw-A
et-0/0/50,Up,1,0,0,0,0,0,0,,Off,Off,Off,Off,,Off,Off,,,,,Off,Off,Off,Off,2026-09-01 19:03:16,sw-A
et-0/0/51,Up,1,0,0,0,0,0,0,39.0,Off,Off,Off,Off,6.697,Off,Off,1.054,0.23,0.786,-1.05,Off,Off,Off,Off,2026-09-01 19:03:16,sw-A
et-0/0/48,Up,1,0,0,0,0,0,0,,Off,Off,Off,Off,,Off,Off,,,,,Off,Off,Off,Off,2026-09-01 19:08:17,sw-A
et-0/0/49,Up,1,0,0,0,0,0,0,,Off,Off,Off,Off,,Off,Off,,,,,Off,Off,Off,Off,2026-09-01 19:08:17,sw-A
et-0/0/50,Up,1,0,0,0,0,0,0,,Off,Off,Off,Off,,Off,Off,,,,,Off,Off,Off,Off,2026-09-01 19:08:17,sw-A
et-0/0/51,Up,1,0,0,0,0,0,0,39.0,Off,Off,Off,Off,6.717,Off,Off,1.051,0.22,0.786,-1.05,Off,Off,Off,Off,2026-09-01 19:08:17,sw-A
et-0/0/48,Up,1,0,0,0,0,0,0,,Off,Off,Off,Off,,Off,Off,,,,,Off,Off,Off,Off,2026-09-01 19:13:19,sw-A
et-0/0/49,Up,1,0,0,0,0,0,0,,Off,Off,Off,Off,,Off,Off,,,,,Off,Off,Off,Off,2026-09-01 19:13:19,sw-A
et-0/0/50,Up,1,0,0,0,0,0,0,,Off,Off,Off,Off,,Off,Off,,,,,Off,Off,Off,Off,2026-09-01 19:13:19,sw-A
et-0/0/51,Up,1,0,0,0,0,0,0,39.0,Off,Off,Off,Off,6.697,Off,Off,1.054,0.23,0.771,-1.13,Off,Off,Off,Off,2026-09-01 19:13:19,sw-A
et-0/0/48,Up,1,0,0,0,0,0,0,,Off,Off,Off,Off,,Off,Off,,,,,Off,Off,Off,Off,2026-09-01 19:18:20,sw-A
et-0/0/49,Up,1,0,0,0,0,0,0,,Off,Off,Off,Off,,Off,Off,,,,,Off,Off,Off,Off,2026-09-01 19:18:20,sw-A
et-0/0/50,Up,1,0,0,0,0,0,0,,Off,Off,Off,Off,,Off,Off,,,,,Off,Off,Off,Off,2026-09-01 19:18:20,sw-A
et-0/0/51,Up,1,0,0,0,0,0,0,39.0,Off,Off,Off,Off,6.691,Off,Off,1.053,0.23,0.771,-1.13,Off,Off,Off,Off,2026-09-01 19:18:20,sw-A
et-0/0/48,Up,1,0,0,0,0,0,0,,Off,Off,Off,Off,,Off,Off,,,,,Off,Off,Off,Off,2026-09-01 19:23:21,sw-A
et-0/0/49,Up,1,0,0,0,0,0,0,,Off,Off,Off,Off,,Off,Off,,,,,Off,Off,Off,Off,2026-09-01 19:23:21,sw-A
et-0/0/50,Up,1,0,0,0,0,0,0,,Off,Off,Off,Off,,Off,Off,,,,,Off,Off,Off,Off,2026-09-01 19:23:21,sw-A
et-0/0/51,Up,1,0,0,0,0,0,0,38.0,Off,Off,Off,Off,6.717,Off,Off,1.058,0.24,0.786,-1.05,Off,Off,Off,Off,2026-09-01 19:23:21,sw-A
et-0/0/48,Up,1,0,0,0,0,0,0,,Off,Off,Off,Off,,Off,Off,,,,,Off,Off,Off,Off,2026-09-01 19:28:22,sw-A
et-0/0/49,Up,1,0,0,0,0,0,0,,Off,Off,Off,Off,,Off,Off,,,,,Off,Off,Off,Off,2026-09-01 19:28:22,sw-A
et-0/0/50,Up,1,0,0,0,0,0,0,,Off,Off,Off,Off,,Off,Off,,,,,Off,Off,Off,Off,2026-09-01 19:28:22,sw-A
et-0/0/51,Up,1,0,0,0,0,0,0,39.0,Off,Off,Off,Off,6.717,Off,Off,1.053,0.23,0.771,-1.13,Off,Off,Off,Off,2026-09-01 19:28:22,sw-A
et-0/0/48,Up,1,0,0,0,0,0,0,,Off,Off,Off,Off,,Off,Off,,,,,Off,Off,Off,Off,2026-09-01 19:33:24,sw-A
et-0/0/49,Up,1,0,0,0,0,0,0,,Off,Off,Off,Off,,Off,Off,,,,,Off,Off,Off,Off,2026-09-01 19:33:24,sw-A
et-0/0/50,Up,1,0,0,0,0,0,0,,Off,Off,Off,Off,,Off,Off,,,,,Off,Off,Off,Off,2026-09-01 19:33:24,sw-A
et-0/0/51,Up,1,0,0,0,0,0,0,39.0,Off,Off,Off,Off,6.677,Off,Off,1.051,0.22,0.771,-1.13,Off,Off,Off,Off,2026-09-01 19:33:24,sw-A
et-0/0/48,Up,1,0,0,0,0,0,0,,Off,Off,Off,Off,,Off,Off,,,,,Off,Off,Off,Off,2026-09-01 19:38:25,sw-A
et-0/0/49,Up,1,0,0,0,0,0,0,,Off,Off,Off,Off,,Off,Off,,,,,Off,Off,Off,Off,2026-09-01 19:38:25,sw-A
et-0/0/50,Up,1,0,0,0,0,0,0,,Off,Off,Off,Off,,Off,Off,,,,,Off,Off,Off,Off,2026-09-01 19:38:25,sw-A
et-0/0/51,Up,1,0,0,0,0,0,0,39.0,Off,Off,Off,Off,6.711,Off,Off,1.057,0.24,0.771,-1.13,Off,Off,Off,Off,2026-09-01 19:38:25,sw-A
et-0/0/48,Up,1,0,0,0,0,0,0,,Off,Off,Off,Off,,Off,Off,,,,,Off,Off,Off,Off,2026-09-01 19:43:26,sw-A
et-0/0/49,Up,1,0,0,0,0,0,0,,Off,Off,Off,Off,,Off,Off,,,,,Off,Off,Off,Off,2026-09-01 19:43:26,sw-A
et-0/0/50,Up,1,0,0,0,0,0,0,,Off,Off,Off,Off,,Off,Off,,,,,Off,Off,Off,Off,2026-09-01 19:43:26,sw-A
et-0/0/51,Up,1,0,0,0,0,0,0,39.0,Off,Off,Off,Off,6.711,Off,Off,1.052,0.22,0.771,-1.13,Off,Off,Off,Off,2026-09-01 19:43:26,sw-A
et-0/0/48,Up,1,0,0,0,0,0,0,,Off,Off,Off,Off,,Off,Off,,,,,Off,Off,Off,Off,2026-09-01 19:48:28,sw-A
et-0/0/49,Up,1,0,0,0,0,0,0,,Off,Off,Off,Off,,Off,Off,,,,,Off,Off,Off,Off,2026-09-01 19:48:28,sw-A
et-0/0/50,Up,1,0,0,0,0,0,0,,Off,Off,Off,Off,,Off,Off,,,,,Off,Off,Off,Off,2026-09-01 19:48:28,sw-A
et-0/0/51,Up,1,0,0,0,0,0,0,39.0,Off,Off,Off,Off,6.717,Off,Off,1.053,0.23,0.786,-1.05,Off,Off,Off,Off,2026-09-01 19:48:28,sw-A
et-0/0/48,Up,1,0,0,0,0,0,0,,Off,Off,Off,Off,,Off,Off,,,,,Off,Off,Off,Off,2026-09-01 19:53:29,sw-A
et-0/0/49,Up,1,0,0,0,0,0,0,,Off,Off,Off,Off,,Off,Off,,,,,Off,Off,Off,Off,2026-09-01 19:53:29,sw-A
et-0/0/50,Up,1,0,0,0,0,0,0,,Off,Off,Off,Off,,Off,Off,,,,,Off,Off,Off,Off,2026-09-01 19:53:29,sw-A
et-0/0/51,Up,1,0,0,0,0,0,0,39.0,Off,Off,Off,Off,6.685,Off,Off,1.054,0.23,0.786,-1.05,Off,Off,Off,Off,2026-09-01 19:53:29,sw-A
et-0/0/48,Up,1,0,0,0,0,0,0,,Off,Off,Off,Off,,Off,Off,,,,,Off,Off,Off,Off,2026-09-01 19:58:30,sw-A
et-0/0/49,Up,1,0,0,0,0,0,0,,Off,Off,Off,Off,,Off,Off,,,,,Off,Off,Off,Off,2026-09-01 19:58:30,sw-A
et-0/0/50,Up,1,0,0,0,0,0,0,,Off,Off,Off,Off,,Off,Off,,,,,Off,Off,Off,Off,2026-09-01 19:58:30,sw-A
et-0/0/51,Up,1,0,0,0,0,0,0,39.0,Off,Off,Off,Off,6.691,Off,Off,1.053,0.23,0.771,-1.13,Off,Off,Off,Off,2026-09-01 19:58:30,sw-A
et-0/0/48,Up,1,0,0,0,0,0,0,,Off,Off,Off,Off,,Off,Off,,,,,Off,Off,Off,Off,2026-09-01 20:03:31,sw-A
et-0/0/49,Up,1,0,0,0,0,0,0,,Off,Off,Off,Off,,Off,Off,,,,,Off,Off,Off,Off,2026-09-01 20:03:31,sw-A
et-0/0/50,Up,1,0,0,0,0,0,0,,Off,Off,Off,Off,,Off,Off,,,,,Off,Off,Off,Off,2026-09-01 20:03:31,sw-A
et-0/0/51,Up,1,0,0,0,0,0,0,39.0,Off,Off,Off,Off,6.717,Off,Off,1.058,0.24,0.786,-1.05,Off,Off,Off,Off,2026-09-01 20:03:31,sw-A
et-0/0/48,Up,1,0,0,0,0,0,0,,Off,Off,Off,Off,,Off,Off,,,,,Off,Off,Off,Off,2026-09-01 20:08:33,sw-A
et-0/0/49,Up,1,0,0,0,0,0,0,,Off,Off,Off,Off,,Off,Off,,,,,Off,Off,Off,Off,2026-09-01 20:08:33,sw-A
et-0/0/50,Up,1,0,0,0,0,0,0,,Off,Off,Off,Off,,Off,Off,,,,,Off,Off,Off,Off,2026-09-01 20:08:33,sw-A
et-0/0/51,Up,1,0,0,0,0,0,0,39.0,Off,Off,Off,Off,6.711,Off,Off,1.057,0.24,0.786,-1.05,Off,Off,Off,Off,2026-09-01 20:08:33,sw-A
et-0/0/48,Up,1,0,0,0,0,0,0,,Off,Off,Off,Off,,Off,Off,,,,,Off,Off,Off,Off,2026-09-01 20:13:34,sw-A
et-0/0/49,Up,1,0,0,0,0,0,0,,Off,Off,Off,Off,,Off,Off,,,,,Off,Off,Off,Off,2026-09-01 20:13:34,sw-A
et-0/0/50,Up,1,0,0,0,0,0,0,,Off,Off,Off,Off,,Off,Off,,,,,Off,Off,Off,Off,2026-09-01 20:13:34,sw-A
et-0/0/51,Up,1,0,0,0,0,0,0,39.0,Off,Off,Off,Off,6.697,Off,Off,1.054,0.23,0.801,-0.96,Off,Off,Off,Off,2026-09-01 20:13:34,sw-A
et-0/0/48,Up,1,0,0,0,0,0,0,,Off,Off,Off,Off,,Off,Off,,,,,Off,Off,Off,Off,2026-09-01 20:18:35,sw-A
et-0/0/49,Up,1,0,0,0,0,0,0,,Off,Off,Off,Off,,Off,Off,,,,,Off,Off,Off,Off,2026-09-01 20:18:35,sw-A
et-0/0/50,Up,1,0,0,0,0,0,0,,Off,Off,Off,Off,,Off,Off,,,,,Off,Off,Off,Off,2026-09-01 20:18:35,sw-A
et-0/0/51,Up,1,0,0,0,0,0,0,39.0,Off,Off,Off,Off,6.685,Off,Off,1.052,0.22,0.786,-1.05,Off,Off,Off,Off,2026-09-01 20:18:35,sw-A
et-0/0/48,Up,1,0,0,0,0,0,0,,Off,Off,Off,Off,,Off,Off,,,,,Off,Off,Off,Off,2026-09-01 20:23:37,sw-A
et-0/0/49,Up,1,0,0,0,0,0,0,,Off,Off,Off,Off,,Off,Off,,,,,Off,Off,Off,Off,2026-09-01 20:23:37,sw-A
et-0/0/50,Up,1,0,0,0,0,0,0,,Off,Off,Off,Off,,Off,Off,,,,,Off,Off,Off,Off,2026-09-01 20:23:37,sw-A
et-0/0/51,Up,1,0,0,0,0,0,0,39.0,Off,Off,Off,Off,6.705,Off,Off,1.056,0.24,0.771,-1.13,Off,Off,Off,Off,2026-09-01 20:23:37,sw-A
et-0/0/48,Up,1,0,0,0,0,0,0,,Off,Off,Off,Off,,Off,Off,,,,,Off,Off,Off,Off,2026-09-01 20:28:38,sw-A
et-0/0/49,Up,1,0,0,0,0,0,0,,Off,Off,Off,Off,,Off,Off,,,,,Off,Off,Off,Off,2026-09-01 20:28:38,sw-A
et-0/0/50,Up,1,0,0,0,0,0,0,,Off,Off,Off,Off,,Off,Off,,,,,Off,Off,Off,Off,2026-09-01 20:28:38,sw-A
et-0/0/51,Up,1,0,0,0,0,0,0,39.0,Off,Off,Off,Off,6.691,Off,Off,1.053,0.23,0.786,-1.05,Off,Off,Off,Off,2026-09-01 20:28:38,sw-A
et-0/0/48,Up,1,0,0,0,0,0,0,,Off,Off,Off,Off,,Off,Off,,,,,Off,Off,Off,Off,2026-09-01 20:33:39,sw-A
et-0/0/49,Up,1,0,0,0,0,0,0,,Off,Off,Off,Off,,Off,Off,,,,,Off,Off,Off,Off,2026-09-01 20:33:39,sw-A
et-0/0/50,Up,1,0,0,0,0,0,0,,Off,Off,Off,Off,,Off,Off,,,,,Off,Off,Off,Off,2026-09-01 20:33:39,sw-A
et-0/0/51,Up,1,0,0,0,0,0,0,39.0,Off,Off,Off,Off,6.693,Off,Off,1.054,0.23,0.786,-1.05,Off,Off,Off,Off,2026-09-01 20:33:39,sw-A
et-0/0/48,Up,1,0,0,0,0,0,0,,Off,Off,Off,Off,,Off,Off,,,,,Off,Off,Off,Off,2026-09-01 20:38:40,sw-A
et-0/0/49,Up,1,0,0,0,0,0,0,,Off,Off,Off,Off,,Off,Off,,,,,Off,Off,Off,Off,2026-09-01 20:38:40,sw-A
et-0/0/50,Up,1,0,0,0,0,0,0,,Off,Off,Off,Off,,Off,Off,,,,,Off,Off,Off,Off,2026-09-01 20:38:40,sw-A
et-0/0/51,Up,1,0,0,0,0,0,0,39.0,Off,Off,Off,Off,6.685,Off,Off,1.052,0.22,0.786,-1.05,Off,Off,Off,Off,2026-09-01 20:38:40,sw-A
et-0/0/48,Up,1,0,0,0,0,0,0,,Off,Off,Off,Off,,Off,Off,,,,,Off,Off,Off,Off,2026-09-01 20:43:42,sw-A
et-0/0/49,Up,1,0,0,0,0,0,0,,Off,Off,Off,Off,,Off,Off,,,,,Off,Off,Off,Off,2026-09-01 20:43:42,sw-A
et-0/0/50,Up,1,0,0,0,0,0,0,,Off,Off,Off,Off,,Off,Off,,,,,Off,Off,Off,Off,2026-09-01 20:43:42,sw-A
et-0/0/51,Up,1,0,0,0,0,0,0,39.0,Off,Off,Off,Off,6.691,Off,Off,1.053,0.23,0.771,-1.13,Off,Off,Off,Off,2026-09-01 20:43:42,sw-A
et-0/0/48,Up,1,0,0,0,0,0,0,,Off,Off,Off,Off,,Off,Off,,,,,Off,Off,Off,Off,2026-09-01 20:48:43,sw-A
et-0/0/49,Up,1,0,0,0,0,0,0,,Off,Off,Off,Off,,Off,Off,,,,,Off,Off,Off,Off,2026-09-01 20:48:43,sw-A
et-0/0/50,Up,1,0,0,0,0,0,0,,Off,Off,Off,Off,,Off,Off,,,,,Off,Off,Off,Off,2026-09-01 20:48:43,sw-A
et-0/0/51,Up,1,0,0,0,0,0,0,39.0,Off,Off,Off,Off,6.688,Off,Off,1.053,0.22,0.786,-1.05,Off,Off,Off,Off,2026-09-01 20:48:43,sw-A
et-0/0/48,Up,1,0,0,0,0,0,0,,Off,Off,Off,Off,,Off,Off,,,,,Off,Off,Off,Off,2026-09-01 20:53:44,sw-A
et-0/0/49,Up,1,0,0,0,0,0,0,,Off,Off,Off,Off,,Off,Off,,,,,Off,Off,Off,Off,2026-09-01 20:53:44,sw-A
et-0/0/50,Up,1,0,0,0,0,0,0,,Off,Off,Off,Off,,Off,Off,,,,,Off,Off,Off,Off,2026-09-01 20:53:44,sw-A
et-0/0/51,Up,1,0,0,0,0,0,0,38.0,Off,Off,Off,Off,6.688,Off,Off,1.053,0.22,0.786,-1.05,Off,Off,Off,Off,2026-09-01 20:53:44,sw-A
et-0/0/48,Up,1,0,0,0,0,0,0,,Off,Off,Off,Off,,Off,Off,,,,,Off,Off,Off,Off,2026-09-01 20:58:45,sw-A
et-0/0/49,Up,1,0,0,0,0,0,0,,Off,Off,Off,Off,,Off,Off,,,,,Off,Off,Off,Off,2026-09-01 20:58:45,sw-A
et-0/0/50,Up,1,0,0,0,0,0,0,,Off,Off,Off,Off,,Off,Off,,,,,Off,Off,Off,Off,2026-09-01 20:58:45,sw-A
et-0/0/51,Up,1,0,0,0,0,0,0,39.0,Off,Off,Off,Off,6.705,Off,Off,1.056,0.24,0.786,-1.05,Off,Off,Off,Off,2026-09-01 20:58:45,sw-A
et-0/0/48,Up,1,0,0,0,0,0,0,,Off,Off,Off,Off,,Off,Off,,,,,Off,Off,Off,Off,2026-09-01 21:03:47,sw-A
et-0/0/49,Up,1,0,0,0,0,0,0,,Off,Off,Off,Off,,Off,Off,,,,,Off,Off,Off,Off,2026-09-01 21:03:47,sw-A
et-0/0/50,Up,1,0,0,0,0,0,0,,Off,Off,Off,Off,,Off,Off,,,,,Off,Off,Off,Off,2026-09-01 21:03:47,sw-A
et-0/0/51,Up,1,0,0,0,0,0,0,39.0,Off,Off,Off,Off,6.697,Off,Off,1.055,0.23,0.786,-1.05,Off,Off,Off,Off,2026-09-01 21:03:47,sw-A
et-0/0/48,Up,1,0,0,0,0,0,0,,Off,Off,Off,Off,,Off,Off,,,,,Off,Off,Off,Off,2026-09-01 21:08:48,sw-A
et-0/0/49,Up,1,0,0,0,0,0,0,,Off,Off,Off,Off,,Off,Off,,,,,Off,Off,Off,Off,2026-09-01 21:08:48,sw-A
et-0/0/50,Up,1,0,0,0,0,0,0,,Off,Off,Off,Off,,Off,Off,,,,,Off,Off,Off,Off,2026-09-01 21:08:48,sw-A
et-0/0/51,Up,1,0,0,0,0,0,0,39.0,Off,Off,Off,Off,6.71,Off,Off,1.056,0.24,0.771,-1.13,Off,Off,Off,Off,2026-09-01 21:08:48,sw-A
et-0/0/48,Up,1,0,0,0,0,0,0,,Off,Off,Off,Off,,Off,Off,,,,,Off,Off,Off,Off,2026-09-01 21:13:49,sw-A
et-0/0/49,Up,1,0,0,0,0,0,0,,Off,Off,Off,Off,,Off,Off,,,,,Off,Off,Off,Off,2026-09-01 21:13:49,sw-A
et-0/0/50,Up,1,0,0,0,0,0,0,,Off,Off,Off,Off,,Off,Off,,,,,Off,Off,Off,Off,2026-09-01 21:13:49,sw-A
et-0/0/51,Up,1,0,0,0,0,0,0,38.0,Off,Off,Off,Off,6.697,Off,Off,1.054,0.23,0.771,-1.13,Off,Off,Off,Off,2026-09-01 21:13:49,sw-A
et-0/0/48,Up,1,0,0,0,0,0,0,,Off,Off,Off,Off,,Off,Off,,,,,Off,Off,Off,Off,2026-09-01 21:18:51,sw-A
et-0/0/49,Up,1,0,0,0,0,0,0,,Off,Off,Off,Off,,Off,Off,,,,,Off,Off,Off,Off,2026-09-01 21:18:51,sw-A
et-0/0/50,Up,1,0,0,0,0,0,0,,Off,Off,Off,Off,,Off,Off,,,,,Off,Off,Off,Off,2026-09-01 21:18:51,sw-A
et-0/0/51,Up,1,0,0,0,0,0,0,39.0,Off,Off,Off,Off,6.693,Off,Off,1.056,0.24,0.771,-1.13,Off,Off,Off,Off,2026-09-01 21:18:51,sw-A
et-0/0/48,Up,1,0,0,0,0,0,0,,Off,Off,Off,Off,,Off,Off,,,,,Off,Off,Off,Off,2026-09-01 21:23:52,sw-A
et-0/0/49,Up,1,0,0,0,0,0,0,,Off,Off,Off,Off,,Off,Off,,,,,Off,Off,Off,Off,2026-09-01 21:23:52,sw-A
et-0/0/50,Up,1,0,0,0,0,0,0,,Off,Off,Off,Off,,Off,Off,,,,,Off,Off,Off,Off,2026-09-01 21:23:52,sw-A
et-0/0/51,Up,1,0,0,0,0,0,0,39.0,Off,Off,Off,Off,6.691,Off,Off,1.053,0.23,0.771,-1.13,Off,Off,Off,Off,2026-09-01 21:23:52,sw-A
et-0/0/48,Up,1,0,0,0,0,0,0,,Off,Off,Off,Off,,Off,Off,,,,,Off,Off,Off,Off,2026-09-01 21:28:53,sw-A
et-0/0/49,Up,1,0,0,0,0,0,0,,Off,Off,Off,Off,,Off,Off,,,,,Off,Off,Off,Off,2026-09-01 21:28:53,sw-A
et-0/0/50,Up,1,0,0,0,0,0,0,,Off,Off,Off,Off,,Off,Off,,,,,Off,Off,Off,Off,2026-09-01 21:28:53,sw-A
et-0/0/51,Up,1,0,0,0,0,0,0,39.0,Off,Off,Off,Off,6.705,Off,Off,1.056,0.24,0.771,-1.13,Off,Off,Off,Off,2026-09-01 21:28:53,sw-A
et-0/0/48,Up,1,0,0,0,0,0,0,,Off,Off,Off,Off,,Off,Off,,,,,Off,Off,Off,Off,2026-09-01 21:33:54,sw-A
et-0/0/49,Up,1,0,0,0,0,0,0,,Off,Off,Off,Off,,Off,Off,,,,,Off,Off,Off,Off,2026-09-01 21:33:54,sw-A
et-0/0/50,Up,1,0,0,0,0,0,0,,Off,Off,Off,Off,,Off,Off,,,,,Off,Off,Off,Off,2026-09-01 21:33:54,sw-A
et-0/0/51,Up,1,0,0,0,0,0,0,39.0,Off,Off,Off,Off,6.699,Off,Off,1.055,0.23,0.771,-1.13,Off,Off,Off,Off,2026-09-01 21:33:54,sw-A
et-0/0/48,Up,1,0,0,0,0,0,0,,Off,Off,Off,Off,,Off,Off,,,,,Off,Off,Off,Off,2026-09-01 21:38:56,sw-A
et-0/0/49,Up,1,0,0,0,0,0,0,,Off,Off,Off,Off,,Off,Off,,,,,Off,Off,Off,Off,2026-09-01 21:38:56,sw-A
et-0/0/50,Up,1,0,0,0,0,0,0,,Off,Off,Off,Off,,Off,Off,,,,,Off,Off,Off,Off,2026-09-01 21:38:56,sw-A
et-0/0/51,Up,1,0,0,0,0,0,0,39.0,Off,Off,Off,Off,6.705,Off,Off,1.056,0.24,0.786,-1.05,Off,Off,Off,Off,2026-09-01 21:38:56,sw-A
et-0/0/48,Up,1,0,0,0,0,0,0,,Off,Off,Off,Off,,Off,Off,,,,,Off,Off,Off,Off,2026-09-01 21:43:57,sw-A
et-0/0/49,Up,1,0,0,0,0,0,0,,Off,Off,Off,Off,,Off,Off,,,,,Off,Off,Off,Off,2026-09-01 21:43:57,sw-A
et-0/0/50,Up,1,0,0,0,0,0,0,,Off,Off,Off,Off,,Off,Off,,,,,Off,Off,Off,Off,2026-09-01 21:43:57,sw-A
et-0/0/51,Up,1,0,0,0,0,0,0,39.0,Off,Off,Off,Off,6.71,Off,Off,1.058,0.24,0.771,-1.13,Off,Off,Off,Off,2026-09-01 21:43:57,sw-A
et-0/0/48,Up,1,0,0,0,0,0,0,,Off,Off,Off,Off,,Off,Off,,,,,Off,Off,Off,Off,2026-09-01 21:48:58,sw-A
et-0/0/49,Up,1,0,0,0,0,0,0,,Off,Off,Off,Off,,Off,Off,,,,,Off,Off,Off,Off,2026-09-01 21:48:58,sw-A
et-0/0/50,Up,1,0,0,0,0,0,0,,Off,Off,Off,Off,,Off,Off,,,,,Off,Off,Off,Off,2026-09-01 21:48:58,sw-A
et-0/0/51,Up,1,0,0,0,0,0,0,39.0,Off,Off,Off,Off,6.693,Off,Off,1.055,0.23,0.771,-1.13,Off,Off,Off,Off,2026-09-01 21:48:58,sw-A
et-0/0/48,Up,1,0,0,0,0,0,0,,Off,Off,Off,Off,,Off,Off,,,,,Off,Off,Off,Off,2026-09-01 21:54:00,sw-A
et-0/0/49,Up,1,0,0,0,0,0,0,,Off,Off,Off,Off,,Off,Off,,,,,Off,Off,Off,Off,2026-09-01 21:54:00,sw-A
et-0/0/50,Up,1,0,0,0,0,0,0,,Off,Off,Off,Off,,Off,Off,,,,,Off,Off,Off,Off,2026-09-01 21:54:00,sw-A
et-0/0/51,Up,1,0,0,0,0,0,0,39.0,Off,Off,Off,Off,6.717,Off,Off,1.058,0.24,0.755,-1.22,Off,Off,Off,Off,2026-09-01 21:54:00,sw-A
et-0/0/48,Up,1,0,0,0,0,0,0,,Off,Off,Off,Off,,Off,Off,,,,,Off,Off,Off,Off,2026-09-01 21:59:01,sw-A
et-0/0/49,Up,1,0,0,0,0,0,0,,Off,Off,Off,Off,,Off,Off,,,,,Off,Off,Off,Off,2026-09-01 21:59:01,sw-A
et-0/0/50,Up,1,0,0,0,0,0,0,,Off,Off,Off,Off,,Off,Off,,,,,Off,Off,Off,Off,2026-09-01 21:59:01,sw-A
et-0/0/51,Up,1,0,0,0,0,0,0,38.0,Off,Off,Off,Off,6.697,Off,Off,1.054,0.23,0.771,-1.13,Off,Off,Off,Off,2026-09-01 21:59:01,sw-A
et-0/0/48,Up,1,0,0,0,0,0,0,,Off,Off,Off,Off,,Off,Off,,,,,Off,Off,Off,Off,2026-09-01 22:04:02,sw-A
et-0/0/49,Up,1,0,0,0,0,0,0,,Off,Off,Off,Off,,Off,Off,,,,,Off,Off,Off,Off,2026-09-01 22:04:02,sw-A
et-0/0/50,Up,1,0,0,0,0,0,0,,Off,Off,Off,Off,,Off,Off,,,,,Off,Off,Off,Off,2026-09-01 22:04:02,sw-A
et-0/0/51,Up,1,0,0,0,0,0,0,39.0,Off,Off,Off,Off,6.685,Off,Off,1.052,0.22,0.786,-1.05,Off,Off,Off,Off,2026-09-01 22:04:02,sw-A
et-0/0/48,Up,1,0,0,0,0,0,0,,Off,Off,Off,Off,,Off,Off,,,,,Off,Off,Off,Off,2026-09-01 22:09:03,sw-A
et-0/0/49,Up,1,0,0,0,0,0,0,,Off,Off,Off,Off,,Off,Off,,,,,Off,Off,Off,Off,2026-09-01 22:09:03,sw-A
et-0/0/50,Up,1,0,0,0,0,0,0,,Off,Off,Off,Off,,Off,Off,,,,,Off,Off,Off,Off,2026-09-01 22:09:03,sw-A
et-0/0/51,Up,1,0,0,0,0,0,0,39.0,Off,Off,Off,Off,6.697,Off,Off,1.054,0.23,0.786,-1.05,Off,Off,Off,Off,2026-09-01 22:09:03,sw-A
et-0/0/48,Up,1,0,0,0,0,0,0,,Off,Off,Off,Off,,Off,Off,,,,,Off,Off,Off,Off,2026-09-01 22:14:05,sw-A
et-0/0/49,Up,1,0,0,0,0,0,0,,Off,Off,Off,Off,,Off,Off,,,,,Off,Off,Off,Off,2026-09-01 22:14:05,sw-A
et-0/0/50,Up,1,0,0,0,0,0,0,,Off,Off,Off,Off,,Off,Off,,,,,Off,Off,Off,Off,2026-09-01 22:14:05,sw-A
et-0/0/51,Up,1,0,0,0,0,0,0,39.0,Off,Off,Off,Off,6.705,Off,Off,1.056,0.24,0.786,-1.05,Off,Off,Off,Off,2026-09-01 22:14:05,sw-A
et-0/0/48,Up,1,0,0,0,0,0,0,,Off,Off,Off,Off,,Off,Off,,,,,Off,Off,Off,Off,2026-09-01 22:19:06,sw-A
et-0/0/49,Up,1,0,0,0,0,0,0,,Off,Off,Off,Off,,Off,Off,,,,,Off,Off,Off,Off,2026-09-01 22:19:06,sw-A
et-0/0/50,Up,1,0,0,0,0,0,0,,Off,Off,Off,Off,,Off,Off,,,,,Off,Off,Off,Off,2026-09-01 22:19:06,sw-A
et-0/0/51,Up,1,0,0,0,0,0,0,39.0,Off,Off,Off,Off,6.719,Off,Off,1.058,0.24,0.771,-1.13,Off,Off,Off,Off,2026-09-01 22:19:06,sw-A
et-0/0/48,Up,1,0,0,0,0,0,0,,Off,Off,Off,Off,,Off,Off,,,,,Off,Off,Off,Off,2026-09-01 22:24:07,sw-A
et-0/0/49,Up,1,0,0,0,0,0,0,,Off,Off,Off,Off,,Off,Off,,,,,Off,Off,Off,Off,2026-09-01 22:24:07,sw-A
et-0/0/50,Up,1,0,0,0,0,0,0,,Off,Off,Off,Off,,Off,Off,,,,,Off,Off,Off,Off,2026-09-01 22:24:07,sw-A
et-0/0/51,Up,1,0,0,0,0,0,0,39.0,Off,Off,Off,Off,6.711,Off,Off,1.057,0.24,0.755,-1.22,Off,Off,Off,Off,2026-09-01 22:24:07,sw-A
et-0/0/48,Up,1,0,0,0,0,0,0,,Off,Off,Off,Off,,Off,Off,,,,,Off,Off,Off,Off,2026-09-01 22:29:09,sw-A
et-0/0/49,Up,1,0,0,0,0,0,0,,Off,Off,Off,Off,,Off,Off,,,,,Off,Off,Off,Off,2026-09-01 22:29:09,sw-A
et-0/0/50,Up,1,0,0,0,0,0,0,,Off,Off,Off,Off,,Off,Off,,,,,Off,Off,Off,Off,2026-09-01 22:29:09,sw-A
et-0/0/51,Up,1,0,0,0,0,0,0,39.0,Off,Off,Off,Off,6.711,Off,Off,1.052,0.22,0.801,-0.96,Off,Off,Off,Off,2026-09-01 22:29:09,sw-A
et-0/0/48,Up,1,0,0,0,0,0,0,,Off,Off,Off,Off,,Off,Off,,,,,Off,Off,Off,Off,2026-09-01 22:34:10,sw-A
et-0/0/49,Up,1,0,0,0,0,0,0,,Off,Off,Off,Off,,Off,Off,,,,,Off,Off,Off,Off,2026-09-01 22:34:10,sw-A
et-0/0/50,Up,1,0,0,0,0,0,0,,Off,Off,Off,Off,,Off,Off,,,,,Off,Off,Off,Off,2026-09-01 22:34:10,sw-A
et-0/0/51,Up,1,0,0,0,0,0,0,39.0,Off,Off,Off,Off,6.703,Off,Off,1.055,0.23,0.771,-1.13,Off,Off,Off,Off,2026-09-01 22:34:10,sw-A
et-0/0/48,Up,1,0,0,0,0,0,0,,Off,Off,Off,Off,,Off,Off,,,,,Off,Off,Off,Off,2026-09-01 22:39:11,sw-A
et-0/0/49,Up,1,0,0,0,0,0,0,,Off,Off,Off,Off,,Off,Off,,,,,Off,Off,Off,Off,2026-09-01 22:39:11,sw-A
et-0/0/50,Up,1,0,0,0,0,0,0,,Off,Off,Off,Off,,Off,Off,,,,,Off,Off,Off,Off,2026-09-01 22:39:11,sw-A
et-0/0/51,Up,1,0,0,0,0,0,0,39.0,Off,Off,Off,Off,6.703,Off,Off,1.055,0.23,0.786,-1.05,Off,Off,Off,Off,2026-09-01 22:39:11,sw-A
et-0/0/48,Up,1,0,0,0,0,0,0,,Off,Off,Off,Off,,Off,Off,,,,,Off,Off,Off,Off,2026-09-01 22:44:12,sw-A
et-0/0/49,Up,1,0,0,0,0,0,0,,Off,Off,Off,Off,,Off,Off,,,,,Off,Off,Off,Off,2026-09-01 22:44:12,sw-A
et-0/0/50,Up,1,0,0,0,0,0,0,,Off,Off,Off,Off,,Off,Off,,,,,Off,Off,Off,Off,2026-09-01 22:44:12,sw-A
et-0/0/51,Up,1,0,0,0,0,0,0,39.0,Off,Off,Off,Off,6.717,Off,Off,1.058,0.24,0.771,-1.13,Off,Off,Off,Off,2026-09-01 22:44:12,sw-A
et-0/0/48,Up,1,0,0,0,0,0,0,,Off,Off,Off,Off,,Off,Off,,,,,Off,Off,Off,Off,2026-09-01 22:49:14,sw-A
et-0/0/49,Up,1,0,0,0,0,0,0,,Off,Off,Off,Off,,Off,Off,,,,,Off,Off,Off,Off,2026-09-01 22:49:14,sw-A
et-0/0/50,Up,1,0,0,0,0,0,0,,Off,Off,Off,Off,,Off,Off,,,,,Off,Off,Off,Off,2026-09-01 22:49:14,sw-A
et-0/0/51,Up,1,0,0,0,0,0,0,39.0,Off,Off,Off,Off,6.717,Off,Off,1.058,0.24,0.801,-0.96,Off,Off,Off,Off,2026-09-01 22:49:14,sw-A
et-0/0/48,Up,1,0,0,0,0,0,0,,Off,Off,Off,Off,,Off,Off,,,,,Off,Off,Off,Off,2026-09-01 22:54:15,sw-A
et-0/0/49,Up,1,0,0,0,0,0,0,,Off,Off,Off,Off,,Off,Off,,,,,Off,Off,Off,Off,2026-09-01 22:54:15,sw-A
et-0/0/50,Up,1,0,0,0,0,0,0,,Off,Off,Off,Off,,Off,Off,,,,,Off,Off,Off,Off,2026-09-01 22:54:15,sw-A
et-0/0/51,Up,1,0,0,0,0,0,0,39.0,Off,Off,Off,Off,6.711,Off,Off,1.057,0.24,0.786,-1.05,Off,Off,Off,Off,2026-09-01 22:54:15,sw-A
et-0/0/48,Up,1,0,0,0,0,0,0,,Off,Off,Off,Off,,Off,Off,,,,,Off,Off,Off,Off,2026-09-01 22:59:16,sw-A
et-0/0/49,Up,1,0,0,0,0,0,0,,Off,Off,Off,Off,,Off,Off,,,,,Off,Off,Off,Off,2026-09-01 22:59:16,sw-A
et-0/0/50,Up,1,0,0,0,0,0,0,,Off,Off,Off,Off,,Off,Off,,,,,Off,Off,Off,Off,2026-09-01 22:59:16,sw-A
et-0/0/51,Up,1,0,0,0,0,0,0,39.0,Off,Off,Off,Off,6.685,Off,Off,1.054,0.23,0.801,-0.96,Off,Off,Off,Off,2026-09-01 22:59:16,sw-A
et-0/0/48,Up,1,0,0,0,0,0,0,,Off,Off,Off,Off,,Off,Off,,,,,Off,Off,Off,Off,2026-09-01 23:04:17,sw-A
et-0/0/49,Up,1,0,0,0,0,0,0,,Off,Off,Off,Off,,Off,Off,,,,,Off,Off,Off,Off,2026-09-01 23:04:17,sw-A
et-0/0/50,Up,1,0,0,0,0,0,0,,Off,Off,Off,Off,,Off,Off,,,,,Off,Off,Off,Off,2026-09-01 23:04:17,sw-A
et-0/0/51,Up,1,0,0,0,0,0,0,38.0,Off,Off,Off,Off,6.717,Off,Off,1.058,0.24,0.771,-1.13,Off,Off,Off,Off,2026-09-01 23:04:17,sw-A
et-0/0/48,Up,1,0,0,0,0,0,0,,Off,Off,Off,Off,,Off,Off,,,,,Off,Off,Off,Off,2026-09-01 23:09:19,sw-A
et-0/0/49,Up,1,0,0,0,0,0,0,,Off,Off,Off,Off,,Off,Off,,,,,Off,Off,Off,Off,2026-09-01 23:09:19,sw-A
et-0/0/50,Up,1,0,0,0,0,0,0,,Off,Off,Off,Off,,Off,Off,,,,,Off,Off,Off,Off,2026-09-01 23:09:19,sw-A
et-0/0/51,Up,1,0,0,0,0,0,0,39.0,Off,Off,Off,Off,6.693,Off,Off,1.054,0.23,0.786,-1.05,Off,Off,Off,Off,2026-09-01 23:09:19,sw-A
et-0/0/48,Up,1,0,0,0,0,0,0,,Off,Off,Off,Off,,Off,Off,,,,,Off,Off,Off,Off,2026-09-01 23:14:20,sw-A
et-0/0/49,Up,1,0,0,0,0,0,0,,Off,Off,Off,Off,,Off,Off,,,,,Off,Off,Off,Off,2026-09-01 23:14:20,sw-A
et-0/0/50,Up,1,0,0,0,0,0,0,,Off,Off,Off,Off,,Off,Off,,,,,Off,Off,Off,Off,2026-09-01 23:14:20,sw-A
et-0/0/51,Up,1,0,0,0,0,0,0,39.0,Off,Off,Off,Off,6.688,Off,Off,1.053,0.22,0.786,-1.05,Off,Off,Off,Off,2026-09-01 23:14:20,sw-A
et-0/0/48,Up,1,0,0,0,0,0,0,,Off,Off,Off,Off,,Off,Off,,,,,Off,Off,Off,Off,2026-09-01 23:19:21,sw-A
et-0/0/49,Up,1,0,0,0,0,0,0,,Off,Off,Off,Off,,Off,Off,,,,,Off,Off,Off,Off,2026-09-01 23:19:21,sw-A
et-0/0/50,Up,1,0,0,0,0,0,0,,Off,Off,Off,Off,,Off,Off,,,,,Off,Off,Off,Off,2026-09-01 23:19:21,sw-A
et-0/0/51,Up,1,0,0,0,0,0,0,39.0,Off,Off,Off,Off,6.685,Off,Off,1.054,0.23,0.771,-1.13,Off,Off,Off,Off,2026-09-01 23:19:21,sw-A
et-0/0/48,Up,1,0,0,0,0,0,0,,Off,Off,Off,Off,,Off,Off,,,,,Off,Off,Off,Off,2026-09-01 23:24:22,sw-A
et-0/0/49,Up,1,0,0,0,0,0,0,,Off,Off,Off,Off,,Off,Off,,,,,Off,Off,Off,Off,2026-09-01 23:24:22,sw-A
et-0/0/50,Up,1,0,0,0,0,0,0,,Off,Off,Off,Off,,Off,Off,,,,,Off,Off,Off,Off,2026-09-01 23:24:22,sw-A
et-0/0/51,Up,1,0,0,0,0,0,0,39.0,Off,Off,Off,Off,6.688,Off,Off,1.054,0.23,0.801,-0.96,Off,Off,Off,Off,2026-09-01 23:24:22,sw-A
et-0/0/48,Up,1,0,0,0,0,0,0,,Off,Off,Off,Off,,Off,Off,,,,,Off,Off,Off,Off,2026-09-01 23:29:24,sw-A
et-0/0/49,Up,1,0,0,0,0,0,0,,Off,Off,Off,Off,,Off,Off,,,,,Off,Off,Off,Off,2026-09-01 23:29:24,sw-A
et-0/0/50,Up,1,0,0,0,0,0,0,,Off,Off,Off,Off,,Off,Off,,,,,Off,Off,Off,Off,2026-09-01 23:29:24,sw-A
et-0/0/51,Up,1,0,0,0,0,0,0,39.0,Off,Off,Off,Off,6.711,Off,Off,1.057,0.24,0.801,-0.96,Off,Off,Off,Off,2026-09-01 23:29:24,sw-A
et-0/0/48,Up,1,0,0,0,0,0,0,,Off,Off,Off,Off,,Off,Off,,,,,Off,Off,Off,Off,2026-09-01 23:34:25,sw-A
et-0/0/49,Up,1,0,0,0,0,0,0,,Off,Off,Off,Off,,Off,Off,,,,,Off,Off,Off,Off,2026-09-01 23:34:25,sw-A
et-0/0/50,Up,1,0,0,0,0,0,0,,Off,Off,Off,Off,,Off,Off,,,,,Off,Off,Off,Off,2026-09-01 23:34:25,sw-A
et-0/0/51,Up,1,0,0,0,0,0,0,39.0,Off,Off,Off,Off,6.685,Off,Off,1.053,0.23,0.786,-1.05,Off,Off,Off,Off,2026-09-01 23:34:25,sw-A
et-0/0/48,Up,1,0,0,0,0,0,0,,Off,Off,Off,Off,,Off,Off,,,,,Off,Off,Off,Off,2026-09-01 23:39:26,sw-A
et-0/0/49,Up,1,0,0,0,0,0,0,,Off,Off,Off,Off,,Off,Off,,,,,Off,Off,Off,Off,2026-09-01 23:39:26,sw-A
et-0/0/50,Up,1,0,0,0,0,0,0,,Off,Off,Off,Off,,Off,Off,,,,,Off,Off,Off,Off,2026-09-01 23:39:26,sw-A
et-0/0/51,Up,1,0,0,0,0,0,0,39.0,Off,Off,Off,Off,6.688,Off,Off,1.053,0.22,0.801,-0.96,Off,Off,Off,Off,2026-09-01 23:39:26,sw-A
et-0/0/48,Up,1,0,0,0,0,0,0,,Off,Off,Off,Off,,Off,Off,,,,,Off,Off,Off,Off,2026-09-01 23:44:27,sw-A
et-0/0/49,Up,1,0,0,0,0,0,0,,Off,Off,Off,Off,,Off,Off,,,,,Off,Off,Off,Off,2026-09-01 23:44:27,sw-A
et-0/0/50,Up,1,0,0,0,0,0,0,,Off,Off,Off,Off,,Off,Off,,,,,Off,Off,Off,Off,2026-09-01 23:44:27,sw-A
et-0/0/51,Up,1,0,0,0,0,0,0,39.0,Off,Off,Off,Off,6.679,Off,Off,1.052,0.22,0.801,-0.96,Off,Off,Off,Off,2026-09-01 23:44:27,sw-A
et-0/0/48,Up,1,0,0,0,0,0,0,,Off,Off,Off,Off,,Off,Off,,,,,Off,Off,Off,Off,2026-09-01 23:49:29,sw-A
et-0/0/49,Up,1,0,0,0,0,0,0,,Off,Off,Off,Off,,Off,Off,,,,,Off,Off,Off,Off,2026-09-01 23:49:29,sw-A
et-0/0/50,Up,1,0,0,0,0,0,0,,Off,Off,Off,Off,,Off,Off,,,,,Off,Off,Off,Off,2026-09-01 23:49:29,sw-A
et-0/0/51,Up,1,0,0,0,0,0,0,39.0,Off,Off,Off,Off,6.679,Off,Off,1.052,0.22,0.786,-1.05,Off,Off,Off,Off,2026-09-01 23:49:29,sw-A
et-0/0/48,Up,1,0,0,0,0,0,0,,Off,Off,Off,Off,,Off,Off,,,,,Off,Off,Off,Off,2026-09-01 23:54:30,sw-A
et-0/0/49,Up,1,0,0,0,0,0,0,,Off,Off,Off,Off,,Off,Off,,,,,Off,Off,Off,Off,2026-09-01 23:54:30,sw-A
et-0/0/50,Up,1,0,0,0,0,0,0,,Off,Off,Off,Off,,Off,Off,,,,,Off,Off,Off,Off,2026-09-01 23:54:30,sw-A
et-0/0/51,Up,1,0,0,0,0,0,0,39.0,Off,Off,Off,Off,6.717,Off,Off,1.058,0.24,0.786,-1.05,Off,Off,Off,Off,2026-09-01 23:54:30,sw-A
et-0/0/48,Up,1,0,0,0,0,0,0,,Off,Off,Off,Off,,Off,Off,,,,,Off,Off,Off,Off,2026-09-01 23:59:31,sw-A
et-0/0/49,Up,1,0,0,0,0,0,0,,Off,Off,Off,Off,,Off,Off,,,,,Off,Off,Off,Off,2026-09-01 23:59:31,sw-A
et-0/0/50,Up,1,0,0,0,0,0,0,,Off,Off,Off,Off,,Off,Off,,,,,Off,Off,Off,Off,2026-09-01 23:59:31,sw-A
et-0/0/51,Up,1,0,0,0,0,0,0,39.0,Off,Off,Off,Off,6.691,Off,Off,1.053,0.23,0.801,-0.96,Off,Off,Off,Off,2026-09-01 23:59:31,sw-A
et-0/0/48,Up,1,0,0,0,0,0,0,,Off,Off,Off,Off,,Off,Off,,,,,Off,Off,Off,Off,2026-09-02 00:04:33,sw-A
et-0/0/49,Up,1,0,0,0,0,0,0,,Off,Off,Off,Off,,Off,Off,,,,,Off,Off,Off,Off,2026-09-02 00:04:33,sw-A
et-0/0/50,Up,1,0,0,0,0,0,0,,Off,Off,Off,Off,,Off,Off,,,,,Off,Off,Off,Off,2026-09-02 00:04:33,sw-A
et-0/0/51,Up,1,0,0,0,0,0,0,39.0,Off,Off,Off,Off,6.719,Off,Off,1.058,0.24,0.786,-1.05,Off,Off,Off,Off,2026-09-02 00:04:33,sw-A
et-0/0/48,Up,1,0,0,0,0,0,0,,Off,Off,Off,Off,,Off,Off,,,,,Off,Off,Off,Off,2026-09-02 00:09:34,sw-A
et-0/0/49,Up,1,0,0,0,0,0,0,,Off,Off,Off,Off,,Off,Off,,,,,Off,Off,Off,Off,2026-09-02 00:09:34,sw-A
et-0/0/50,Up,1,0,0,0,0,0,0,,Off,Off,Off,Off,,Off,Off,,,,,Off,Off,Off,Off,2026-09-02 00:09:34,sw-A
et-0/0/51,Up,1,0,0,0,0,0,0,39.0,Off,Off,Off,Off,6.688,Off,Off,1.053,0.22,0.786,-1.05,Off,Off,Off,Off,2026-09-02 00:09:34,sw-A
et-0/0/48,Up,1,0,0,0,0,0,0,,Off,Off,Off,Off,,Off,Off,,,,,Off,Off,Off,Off,2026-09-02 00:14:35,sw-A
et-0/0/49,Up,1,0,0,0,0,0,0,,Off,Off,Off,Off,,Off,Off,,,,,Off,Off,Off,Off,2026-09-02 00:14:35,sw-A
et-0/0/50,Up,1,0,0,0,0,0,0,,Off,Off,Off,Off,,Off,Off,,,,,Off,Off,Off,Off,2026-09-02 00:14:35,sw-A
et-0/0/51,Up,1,0,0,0,0,0,0,39.0,Off,Off,Off,Off,6.717,Off,Off,1.058,0.24,0.786,-1.05,Off,Off,Off,Off,2026-09-02 00:14:35,sw-A
et-0/0/48,Up,1,0,0,0,0,0,0,,Off,Off,Off,Off,,Off,Off,,,,,Off,Off,Off,Off,2026-09-02 00:19:36,sw-A
et-0/0/49,Up,1,0,0,0,0,0,0,,Off,Off,Off,Off,,Off,Off,,,,,Off,Off,Off,Off,2026-09-02 00:19:36,sw-A
et-0/0/50,Up,1,0,0,0,0,0,0,,Off,Off,Off,Off,,Off,Off,,,,,Off,Off,Off,Off,2026-09-02 00:19:36,sw-A
et-0/0/51,Up,1,0,0,0,0,0,0,39.0,Off,Off,Off,Off,6.697,Off,Off,1.054,0.23,0.786,-1.05,Off,Off,Off,Off,2026-09-02 00:19:36,sw-A
et-0/0/48,Up,1,0,0,0,0,0,0,,Off,Off,Off,Off,,Off,Off,,,,,Off,Off,Off,Off,2026-09-02 00:24:38,sw-A
et-0/0/49,Up,1,0,0,0,0,0,0,,Off,Off,Off,Off,,Off,Off,,,,,Off,Off,Off,Off,2026-09-02 00:24:38,sw-A
et-0/0/50,Up,1,0,0,0,0,0,0,,Off,Off,Off,Off,,Off,Off,,,,,Off,Off,Off,Off,2026-09-02 00:24:38,sw-A
et-0/0/51,Up,1,0,0,0,0,0,0,39.0,Off,Off,Off,Off,6.719,Off,Off,1.052,0.22,0.786,-1.05,Off,Off,Off,Off,2026-09-02 00:24:38,sw-A
et-0/0/48,Up,1,0,0,0,0,0,0,,Off,Off,Off,Off,,Off,Off,,,,,Off,Off,Off,Off,2026-09-02 00:29:39,sw-A
et-0/0/49,Up,1,0,0,0,0,0,0,,Off,Off,Off,Off,,Off,Off,,,,,Off,Off,Off,Off,2026-09-02 00:29:39,sw-A
et-0/0/50,Up,1,0,0,0,0,0,0,,Off,Off,Off,Off,,Off,Off,,,,,Off,Off,Off,Off,2026-09-02 00:29:39,sw-A
et-0/0/51,Up,1,0,0,0,0,0,0,39.0,Off,Off,Off,Off,6.693,Off,Off,1.054,0.23,0.801,-0.96,Off,Off,Off,Off,2026-09-02 00:29:39,sw-A
et-0/0/48,Up,1,0,0,0,0,0,0,,Off,Off,Off,Off,,Off,Off,,,,,Off,Off,Off,Off,2026-09-02 00:34:40,sw-A
et-0/0/49,Up,1,0,0,0,0,0,0,,Off,Off,Off,Off,,Off,Off,,,,,Off,Off,Off,Off,2026-09-02 00:34:40,sw-A
et-0/0/50,Up,1,0,0,0,0,0,0,,Off,Off,Off,Off,,Off,Off,,,,,Off,Off,Off,Off,2026-09-02 00:34:40,sw-A
et-0/0/51,Up,1,0,0,0,0,0,0,39.0,Off,Off,Off,Off,6.711,Off,Off,1.057,0.24,0.786,-1.05,Off,Off,Off,Off,2026-09-02 00:34:40,sw-A
et-0/0/48,Up,1,0,0,0,0,0,0,,Off,Off,Off,Off,,Off,Off,,,,,Off,Off,Off,Off,2026-09-02 00:39:41,sw-A
et-0/0/49,Up,1,0,0,0,0,0,0,,Off,Off,Off,Off,,Off,Off,,,,,Off,Off,Off,Off,2026-09-02 00:39:41,sw-A
et-0/0/50,Up,1,0,0,0,0,0,0,,Off,Off,Off,Off,,Off,Off,,,,,Off,Off,Off,Off,2026-09-02 00:39:41,sw-A
et-0/0/51,Up,1,0,0,0,0,0,0,38.0,Off,Off,Off,Off,6.677,Off,Off,1.051,0.22,0.786,-1.05,Off,Off,Off,Off,2026-09-02 00:39:41,sw-A
et-0/0/48,Up,1,0,0,0,0,0,0,,Off,Off,Off,Off,,Off,Off,,,,,Off,Off,Off,Off,2026-09-02 00:44:43,sw-A
et-0/0/49,Up,1,0,0,0,0,0,0,,Off,Off,Off,Off,,Off,Off,,,,,Off,Off,Off,Off,2026-09-02 00:44:43,sw-A
et-0/0/50,Up,1,0,0,0,0,0,0,,Off,Off,Off,Off,,Off,Off,,,,,Off,Off,Off,Off,2026-09-02 00:44:43,sw-A
et-0/0/51,Up,1,0,0,0,0,0,0,39.0,Off,Off,Off,Off,6.691,Off,Off,1.053,0.23,0.786,-1.05,Off,Off,Off,Off,2026-09-02 00:44:43,sw-A
et-0/0/48,Up,1,0,0,0,0,0,0,,Off,Off,Off,Off,,Off,Off,,,,,Off,Off,Off,Off,2026-09-02 00:49:44,sw-A
et-0/0/49,Up,1,0,0,0,0,0,0,,Off,Off,Off,Off,,Off,Off,,,,,Off,Off,Off,Off,2026-09-02 00:49:44,sw-A
et-0/0/50,Up,1,0,0,0,0,0,0,,Off,Off,Off,Off,,Off,Off,,,,,Off,Off,Off,Off,2026-09-02 00:49:44,sw-A
et-0/0/51,Up,1,0,0,0,0,0,0,39.0,Off,Off,Off,Off,6.679,Off,Off,1.052,0.22,0.801,-0.96,Off,Off,Off,Off,2026-09-02 00:49:44,sw-A
et-0/0/48,Up,1,0,0,0,0,0,0,,Off,Off,Off,Off,,Off,Off,,,,,Off,Off,Off,Off,2026-09-02 00:54:45,sw-A
et-0/0/49,Up,1,0,0,0,0,0,0,,Off,Off,Off,Off,,Off,Off,,,,,Off,Off,Off,Off,2026-09-02 00:54:45,sw-A
et-0/0/50,Up,1,0,0,0,0,0,0,,Off,Off,Off,Off,,Off,Off,,,,,Off,Off,Off,Off,2026-09-02 00:54:45,sw-A
et-0/0/51,Up,1,0,0,0,0,0,0,39.0,Off,Off,Off,Off,6.717,Off,Off,1.058,0.24,0.786,-1.05,Off,Off,Off,Off,2026-09-02 00:54:45,sw-A
et-0/0/48,Up,1,0,0,0,0,0,0,,Off,Off,Off,Off,,Off,Off,,,,,Off,Off,Off,Off,2026-09-02 00:59:46,sw-A
et-0/0/49,Up,1,0,0,0,0,0,0,,Off,Off,Off,Off,,Off,Off,,,,,Off,Off,Off,Off,2026-09-02 00:59:46,sw-A
et-0/0/50,Up,1,0,0,0,0,0,0,,Off,Off,Off,Off,,Off,Off,,,,,Off,Off,Off,Off,2026-09-02 00:59:46,sw-A
et-0/0/51,Up,1,0,0,0,0,0,0,39.0,Off,Off,Off,Off,6.719,Off,Off,1.058,0.24,0.786,-1.05,Off,Off,Off,Off,2026-09-02 00:59:46,sw-A
et-0/0/48,Up,1,0,0,0,0,0,0,,Off,Off,Off,Off,,Off,Off,,,,,Off,Off,Off,Off,2026-09-02 01:04:48,sw-A
et-0/0/49,Up,1,0,0,0,0,0,0,,Off,Off,Off,Off,,Off,Off,,,,,Off,Off,Off,Off,2026-09-02 01:04:48,sw-A
et-0/0/50,Up,1,0,0,0,0,0,0,,Off,Off,Off,Off,,Off,Off,,,,,Off,Off,Off,Off,2026-09-02 01:04:48,sw-A
et-0/0/51,Up,1,0,0,0,0,0,0,39.0,Off,Off,Off,Off,6.717,Off,Off,1.058,0.24,0.786,-1.05,Off,Off,Off,Off,2026-09-02 01:04:48,sw-A
et-0/0/48,Up,1,0,0,0,0,0,0,,Off,Off,Off,Off,,Off,Off,,,,,Off,Off,Off,Off,2026-09-02 01:09:49,sw-A
et-0/0/49,Up,1,0,0,0,0,0,0,,Off,Off,Off,Off,,Off,Off,,,,,Off,Off,Off,Off,2026-09-02 01:09:49,sw-A
et-0/0/50,Up,1,0,0,0,0,0,0,,Off,Off,Off,Off,,Off,Off,,,,,Off,Off,Off,Off,2026-09-02 01:09:49,sw-A
et-0/0/51,Up,1,0,0,0,0,0,0,39.0,Off,Off,Off,Off,6.685,Off,Off,1.052,0.22,0.786,-1.05,Off,Off,Off,Off,2026-09-02 01:09:49,sw-A
et-0/0/48,Up,1,0,0,0,0,0,0,,Off,Off,Off,Off,,Off,Off,,,,,Off,Off,Off,Off,2026-09-02 01:14:50,sw-A
et-0/0/49,Up,1,0,0,0,0,0,0,,Off,Off,Off,Off,,Off,Off,,,,,Off,Off,Off,Off,2026-09-02 01:14:50,sw-A
et-0/0/50,Up,1,0,0,0,0,0,0,,Off,Off,Off,Off,,Off,Off,,,,,Off,Off,Off,Off,2026-09-02 01:14:50,sw-A
et-0/0/51,Up,1,0,0,0,0,0,0,39.0,Off,Off,Off,Off,6.688,Off,Off,1.054,0.23,0.786,-1.05,Off,Off,Off,Off,2026-09-02 01:14:50,sw-A
et-0/0/48,Up,1,0,0,0,0,0,0,,Off,Off,Off,Off,,Off,Off,,,,,Off,Off,Off,Off,2026-09-02 01:19:51,sw-A
et-0/0/49,Up,1,0,0,0,0,0,0,,Off,Off,Off,Off,,Off,Off,,,,,Off,Off,Off,Off,2026-09-02 01:19:51,sw-A
et-0/0/50,Up,1,0,0,0,0,0,0,,Off,Off,Off,Off,,Off,Off,,,,,Off,Off,Off,Off,2026-09-02 01:19:51,sw-A
et-0/0/51,Up,1,0,0,0,0,0,0,39.0,Off,Off,Off,Off,6.693,Off,Off,1.056,0.24,0.786,-1.05,Off,Off,Off,Off,2026-09-02 01:19:51,sw-A
et-0/0/48,Up,1,0,0,0,0,0,0,,Off,Off,Off,Off,,Off,Off,,,,,Off,Off,Off,Off,2026-09-02 01:24:53,sw-A
et-0/0/49,Up,1,0,0,0,0,0,0,,Off,Off,Off,Off,,Off,Off,,,,,Off,Off,Off,Off,2026-09-02 01:24:53,sw-A
et-0/0/50,Up,1,0,0,0,0,0,0,,Off,Off,Off,Off,,Off,Off,,,,,Off,Off,Off,Off,2026-09-02 01:24:53,sw-A
et-0/0/51,Up,1,0,0,0,0,0,0,39.0,Off,Off,Off,Off,6.717,Off,Off,1.058,0.24,0.801,-0.96,Off,Off,Off,Off,2026-09-02 01:24:53,sw-A
et-0/0/48,Up,1,0,0,0,0,0,0,,Off,Off,Off,Off,,Off,Off,,,,,Off,Off,Off,Off,2026-09-02 01:29:54,sw-A
et-0/0/49,Up,1,0,0,0,0,0,0,,Off,Off,Off,Off,,Off,Off,,,,,Off,Off,Off,Off,2026-09-02 01:29:54,sw-A
et-0/0/50,Up,1,0,0,0,0,0,0,,Off,Off,Off,Off,,Off,Off,,,,,Off,Off,Off,Off,2026-09-02 01:29:54,sw-A
et-0/0/51,Up,1,0,0,0,0,0,0,38.0,Off,Off,Off,Off,6.719,Off,Off,1.058,0.24,0.786,-1.05,Off,Off,Off,Off,2026-09-02 01:29:54,sw-A
et-0/0/48,Up,1,0,0,0,0,0,0,,Off,Off,Off,Off,,Off,Off,,,,,Off,Off,Off,Off,2026-09-02 01:34:55,sw-A
et-0/0/49,Up,1,0,0,0,0,0,0,,Off,Off,Off,Off,,Off,Off,,,,,Off,Off,Off,Off,2026-09-02 01:34:55,sw-A
et-0/0/50,Up,1,0,0,0,0,0,0,,Off,Off,Off,Off,,Off,Off,,,,,Off,Off,Off,Off,2026-09-02 01:34:55,sw-A
et-0/0/51,Up,1,0,0,0,0,0,0,38.0,Off,Off,Off,Off,6.717,Off,Off,1.058,0.24,0.771,-1.13,Off,Off,Off,Off,2026-09-02 01:34:55,sw-A
et-0/0/48,Up,1,0,0,0,0,0,0,,Off,Off,Off,Off,,Off,Off,,,,,Off,Off,Off,Off,2026-09-02 01:39:56,sw-A
et-0/0/49,Up,1,0,0,0,0,0,0,,Off,Off,Off,Off,,Off,Off,,,,,Off,Off,Off,Off,2026-09-02 01:39:56,sw-A
et-0/0/50,Up,1,0,0,0,0,0,0,,Off,Off,Off,Off,,Off,Off,,,,,Off,Off,Off,Off,2026-09-02 01:39:56,sw-A
et-0/0/51,Up,1,0,0,0,0,0,0,39.0,Off,Off,Off,Off,6.693,Off,Off,1.054,0.23,0.771,-1.13,Off,Off,Off,Off,2026-09-02 01:39:56,sw-A
et-0/0/48,Up,1,0,0,0,0,0,0,,Off,Off,Off,Off,,Off,Off,,,,,Off,Off,Off,Off,2026-09-02 01:44:58,sw-A
et-0/0/49,Up,1,0,0,0,0,0,0,,Off,Off,Off,Off,,Off,Off,,,,,Off,Off,Off,Off,2026-09-02 01:44:58,sw-A
et-0/0/50,Up,1,0,0,0,0,0,0,,Off,Off,Off,Off,,Off,Off,,,,,Off,Off,Off,Off,2026-09-02 01:44:58,sw-A
et-0/0/51,Up,1,0,0,0,0,0,0,39.0,Off,Off,Off,Off,6.705,Off,Off,1.056,0.24,0.771,-1.13,Off,Off,Off,Off,2026-09-02 01:44:58,sw-A
et-0/0/48,Up,1,0,0,0,0,0,0,,Off,Off,Off,Off,,Off,Off,,,,,Off,Off,Off,Off,2026-09-02 01:49:59,sw-A
et-0/0/49,Up,1,0,0,0,0,0,0,,Off,Off,Off,Off,,Off,Off,,,,,Off,Off,Off,Off,2026-09-02 01:49:59,sw-A
et-0/0/50,Up,1,0,0,0,0,0,0,,Off,Off,Off,Off,,Off,Off,,,,,Off,Off,Off,Off,2026-09-02 01:49:59,sw-A
et-0/0/51,Up,1,0,0,0,0,0,0,39.0,Off,Off,Off,Off,6.705,Off,Off,1.056,0.24,0.771,-1.13,Off,Off,Off,Off,2026-09-02 01:49:59,sw-A
et-0/0/48,Up,1,0,0,0,0,0,0,,Off,Off,Off,Off,,Off,Off,,,,,Off,Off,Off,Off,2026-09-02 01:55:00,sw-A
et-0/0/49,Up,1,0,0,0,0,0,0,,Off,Off,Off,Off,,Off,Off,,,,,Off,Off,Off,Off,2026-09-02 01:55:00,sw-A
et-0/0/50,Up,1,0,0,0,0,0,0,,Off,Off,Off,Off,,Off,Off,,,,,Off,Off,Off,Off,2026-09-02 01:55:00,sw-A
et-0/0/51,Up,1,0,0,0,0,0,0,39.0,Off,Off,Off,Off,6.699,Off,Off,1.055,0.23,0.786,-1.05,Off,Off,Off,Off,2026-09-02 01:55:00,sw-A
et-0/0/48,Up,1,0,0,0,0,0,0,,Off,Off,Off,Off,,Off,Off,,,,,Off,Off,Off,Off,2026-09-02 02:00:01,sw-A
et-0/0/49,Up,1,0,0,0,0,0,0,,Off,Off,Off,Off,,Off,Off,,,,,Off,Off,Off,Off,2026-09-02 02:00:01,sw-A
et-0/0/50,Up,1,0,0,0,0,0,0,,Off,Off,Off,Off,,Off,Off,,,,,Off,Off,Off,Off,2026-09-02 02:00:01,sw-A
et-0/0/51,Up,1,0,0,0,0,0,0,39.0,Off,Off,Off,Off,6.688,Off,Off,1.053,0.22,0.771,-1.13,Off,Off,Off,Off,2026-09-02 02:00:01,sw-A
et-0/0/48,Up,1,0,0,0,0,0,0,,Off,Off,Off,Off,,Off,Off,,,,,Off,Off,Off,Off,2026-09-02 02:05:03,sw-A
et-0/0/49,Up,1,0,0,0,0,0,0,,Off,Off,Off,Off,,Off,Off,,,,,Off,Off,Off,Off,2026-09-02 02:05:03,sw-A
et-0/0/50,Up,1,0,0,0,0,0,0,,Off,Off,Off,Off,,Off,Off,,,,,Off,Off,Off,Off,2026-09-02 02:05:03,sw-A
et-0/0/51,Up,1,0,0,0,0,0,0,39.0,Off,Off,Off,Off,6.679,Off,Off,1.052,0.22,0.771,-1.13,Off,Off,Off,Off,2026-09-02 02:05:03,sw-A
et-0/0/48,Up,1,0,0,0,0,0,0,,Off,Off,Off,Off,,Off,Off,,,,,Off,Off,Off,Off,2026-09-02 02:10:04,sw-A
et-0/0/49,Up,1,0,0,0,0,0,0,,Off,Off,Off,Off,,Off,Off,,,,,Off,Off,Off,Off,2026-09-02 02:10:04,sw-A
et-0/0/50,Up,1,0,0,0,0,0,0,,Off,Off,Off,Off,,Off,Off,,,,,Off,Off,Off,Off,2026-09-02 02:10:04,sw-A
et-0/0/51,Up,1,0,0,0,0,0,0,39.0,Off,Off,Off,Off,6.685,Off,Off,1.052,0.22,0.771,-1.13,Off,Off,Off,Off,2026-09-02 02:10:04,sw-A
et-0/0/48,Up,1,0,0,0,0,0,0,,Off,Off,Off,Off,,Off,Off,,,,,Off,Off,Off,Off,2026-09-02 02:15:05,sw-A
et-0/0/49,Up,1,0,0,0,0,0,0,,Off,Off,Off,Off,,Off,Off,,,,,Off,Off,Off,Off,2026-09-02 02:15:05,sw-A
et-0/0/50,Up,1,0,0,0,0,0,0,,Off,Off,Off,Off,,Off,Off,,,,,Off,Off,Off,Off,2026-09-02 02:15:05,sw-A
et-0/0/51,Up,1,0,0,0,0,0,0,39.0,Off,Off,Off,Off,6.679,Off,Off,1.052,0.22,0.771,-1.13,Off,Off,Off,Off,2026-09-02 02:15:05,sw-A
et-0/0/48,Up,1,0,0,0,0,0,0,,Off,Off,Off,Off,,Off,Off,,,,,Off,Off,Off,Off,2026-09-02 02:20:06,sw-A
et-0/0/49,Up,1,0,0,0,0,0,0,,Off,Off,Off,Off,,Off,Off,,,,,Off,Off,Off,Off,2026-09-02 02:20:06,sw-A
et-0/0/50,Up,1,0,0,0,0,0,0,,Off,Off,Off,Off,,Off,Off,,,,,Off,Off,Off,Off,2026-09-02 02:20:06,sw-A
et-0/0/51,Up,1,0,0,0,0,0,0,39.0,Off,Off,Off,Off,6.685,Off,Off,1.052,0.22,0.771,-1.13,Off,Off,Off,Off,2026-09-02 02:20:06,sw-A
et-0/0/48,Up,1,0,0,0,0,0,0,,Off,Off,Off,Off,,Off,Off,,,,,Off,Off,Off,Off,2026-09-02 02:25:08,sw-A
et-0/0/49,Up,1,0,0,0,0,0,0,,Off,Off,Off,Off,,Off,Off,,,,,Off,Off,Off,Off,2026-09-02 02:25:08,sw-A
et-0/0/50,Up,1,0,0,0,0,0,0,,Off,Off,Off,Off,,Off,Off,,,,,Off,Off,Off,Off,2026-09-02 02:25:08,sw-A
et-0/0/51,Up,1,0,0,0,0,0,0,39.0,Off,Off,Off,Off,6.693,Off,Off,1.055,0.23,0.771,-1.13,Off,Off,Off,Off,2026-09-02 02:25:08,sw-A
et-0/0/48,Up,1,0,0,0,0,0,0,,Off,Off,Off,Off,,Off,Off,,,,,Off,Off,Off,Off,2026-09-02 02:30:09,sw-A
et-0/0/49,Up,1,0,0,0,0,0,0,,Off,Off,Off,Off,,Off,Off,,,,,Off,Off,Off,Off,2026-09-02 02:30:09,sw-A
et-0/0/50,Up,1,0,0,0,0,0,0,,Off,Off,Off,Off,,Off,Off,,,,,Off,Off,Off,Off,2026-09-02 02:30:09,sw-A
et-0/0/51,Up,1,0,0,0,0,0,0,39.0,Off,Off,Off,Off,6.677,Off,Off,1.051,0.22,0.771,-1.13,Off,Off,Off,Off,2026-09-02 02:30:09,sw-A
et-0/0/48,Up,1,0,0,0,0,0,0,,Off,Off,Off,Off,,Off,Off,,,,,Off,Off,Off,Off,2026-09-02 02:35:10,sw-A
et-0/0/49,Up,1,0,0,0,0,0,0,,Off,Off,Off,Off,,Off,Off,,,,,Off,Off,Off,Off,2026-09-02 02:35:10,sw-A
et-0/0/50,Up,1,0,0,0,0,0,0,,Off,Off,Off,Off,,Off,Off,,,,,Off,Off,Off,Off,2026-09-02 02:35:10,sw-A
et-0/0/51,Up,1,0,0,0,0,0,0,39.0,Off,Off,Off,Off,6.691,Off,Off,1.053,0.23,0.786,-1.05,Off,Off,Off,Off,2026-09-02 02:35:10,sw-A
et-0/0/48,Up,1,0,0,0,0,0,0,,Off,Off,Off,Off,,Off,Off,,,,,Off,Off,Off,Off,2026-09-02 02:40:11,sw-A
et-0/0/49,Up,1,0,0,0,0,0,0,,Off,Off,Off,Off,,Off,Off,,,,,Off,Off,Off,Off,2026-09-02 02:40:11,sw-A
et-0/0/50,Up,1,0,0,0,0,0,0,,Off,Off,Off,Off,,Off,Off,,,,,Off,Off,Off,Off,2026-09-02 02:40:11,sw-A
et-0/0/51,Up,1,0,0,0,0,0,0,39.0,Off,Off,Off,Off,6.685,Off,Off,1.052,0.22,0.786,-1.05,Off,Off,Off,Off,2026-09-02 02:40:11,sw-A
et-0/0/48,Up,1,0,0,0,0,0,0,,Off,Off,Off,Off,,Off,Off,,,,,Off,Off,Off,Off,2026-09-02 02:45:13,sw-A
et-0/0/49,Up,1,0,0,0,0,0,0,,Off,Off,Off,Off,,Off,Off,,,,,Off,Off,Off,Off,2026-09-02 02:45:13,sw-A
et-0/0/50,Up,1,0,0,0,0,0,0,,Off,Off,Off,Off,,Off,Off,,,,,Off,Off,Off,Off,2026-09-02 02:45:13,sw-A
et-0/0/51,Up,1,0,0,0,0,0,0,39.0,Off,Off,Off,Off,6.693,Off,Off,1.055,0.23,0.771,-1.13,Off,Off,Off,Off,2026-09-02 02:45:13,sw-A
et-0/0/48,Up,1,0,0,0,0,0,0,,Off,Off,Off,Off,,Off,Off,,,,,Off,Off,Off,Off,2026-09-02 02:50:14,sw-A
et-0/0/49,Up,1,0,0,0,0,0,0,,Off,Off,Off,Off,,Off,Off,,,,,Off,Off,Off,Off,2026-09-02 02:50:14,sw-A
et-0/0/50,Up,1,0,0,0,0,0,0,,Off,Off,Off,Off,,Off,Off,,,,,Off,Off,Off,Off,2026-09-02 02:50:14,sw-A
et-0/0/51,Up,1,0,0,0,0,0,0,39.0,Off,Off,Off,Off,6.703,Off,Off,1.055,0.23,0.771,-1.13,Off,Off,Off,Off,2026-09-02 02:50:14,sw-A
et-0/0/48,Up,1,0,0,0,0,0,0,,Off,Off,Off,Off,,Off,Off,,,,,Off,Off,Off,Off,2026-09-02 02:55:15,sw-A
et-0/0/49,Up,1,0,0,0,0,0,0,,Off,Off,Off,Off,,Off,Off,,,,,Off,Off,Off,Off,2026-09-02 02:55:15,sw-A
et-0/0/50,Up,1,0,0,0,0,0,0,,Off,Off,Off,Off,,Off,Off,,,,,Off,Off,Off,Off,2026-09-02 02:55:15,sw-A
et-0/0/51,Up,1,0,0,0,0,0,0,39.0,Off,Off,Off,Off,6.677,Off,Off,1.051,0.22,0.771,-1.13,Off,Off,Off,Off,2026-09-02 02:55:15,sw-A
et-0/0/48,Up,1,0,0,0,0,0,0,,Off,Off,Off,Off,,Off,Off,,,,,Off,Off,Off,Off,2026-09-02 03:00:16,sw-A
et-0/0/49,Up,1,0,0,0,0,0,0,,Off,Off,Off,Off,,Off,Off,,,,,Off,Off,Off,Off,2026-09-02 03:00:16,sw-A
et-0/0/50,Up,1,0,0,0,0,0,0,,Off,Off,Off,Off,,Off,Off,,,,,Off,Off,Off,Off,2026-09-02 03:00:16,sw-A
et-0/0/51,Up,1,0,0,0,0,0,0,39.0,Off,Off,Off,Off,6.703,Off,Off,1.055,0.23,0.771,-1.13,Off,Off,Off,Off,2026-09-02 03:00:16,sw-A
et-0/0/48,Up,1,0,0,0,0,0,0,,Off,Off,Off,Off,,Off,Off,,,,,Off,Off,Off,Off,2026-09-02 03:05:18,sw-A
et-0/0/49,Up,1,0,0,0,0,0,0,,Off,Off,Off,Off,,Off,Off,,,,,Off,Off,Off,Off,2026-09-02 03:05:18,sw-A
et-0/0/50,Up,1,0,0,0,0,0,0,,Off,Off,Off,Off,,Off,Off,,,,,Off,Off,Off,Off,2026-09-02 03:05:18,sw-A
et-0/0/51,Up,1,0,0,0,0,0,0,38.0,Off,Off,Off,Off,6.685,Off,Off,1.052,0.22,0.786,-1.05,Off,Off,Off,Off,2026-09-02 03:05:18,sw-A
et-0/0/48,Up,1,0,0,0,0,0,0,,Off,Off,Off,Off,,Off,Off,,,,,Off,Off,Off,Off,2026-09-02 03:10:19,sw-A
et-0/0/49,Up,1,0,0,0,0,0,0,,Off,Off,Off,Off,,Off,Off,,,,,Off,Off,Off,Off,2026-09-02 03:10:19,sw-A
et-0/0/50,Up,1,0,0,0,0,0,0,,Off,Off,Off,Off,,Off,Off,,,,,Off,Off,Off,Off,2026-09-02 03:10:19,sw-A
et-0/0/51,Up,1,0,0,0,0,0,0,34.0,Off,Off,Off,Off,6.693,Off,Off,1.054,0.23,0.801,-0.96,Off,Off,Off,Off,2026-09-02 03:10:19,sw-A
et-0/0/48,Up,1,0,0,0,0,0,0,,Off,Off,Off,Off,,Off,Off,,,,,Off,Off,Off,Off,2026-09-02 03:15:20,sw-A
et-0/0/49,Up,1,0,0,0,0,0,0,,Off,Off,Off,Off,,Off,Off,,,,,Off,Off,Off,Off,2026-09-02 03:15:20,sw-A
et-0/0/50,Up,1,0,0,0,0,0,0,,Off,Off,Off,Off,,Off,Off,,,,,Off,Off,Off,Off,2026-09-02 03:15:20,sw-A
et-0/0/51,Up,1,0,0,0,0,0,0,33.0,Off,Off,Off,Off,6.711,Off,Off,1.052,0.22,0.801,-0.96,Off,Off,Off,Off,2026-09-02 03:15:20,sw-A
et-0/0/48,Up,1,0,0,0,0,0,0,,Off,Off,Off,Off,,Off,Off,,,,,Off,Off,Off,Off,2026-09-02 03:20:22,sw-A
et-0/0/49,Up,1,0,0,0,0,0,0,,Off,Off,Off,Off,,Off,Off,,,,,Off,Off,Off,Off,2026-09-02 03:20:22,sw-A
et-0/0/50,Up,1,0,0,0,0,0,0,,Off,Off,Off,Off,,Off,Off,,,,,Off,Off,Off,Off,2026-09-02 03:20:22,sw-A
et-0/0/51,Up,1,0,0,0,0,0,0,32.0,Off,Off,Off,Off,6.719,Off,Off,1.058,0.24,0.801,-0.96,Off,Off,Off,Off,2026-09-02 03:20:22,sw-A
et-0/0/48,Up,1,0,0,0,0,0,0,,Off,Off,Off,Off,,Off,Off,,,,,Off,Off,Off,Off,2026-09-02 03:25:23,sw-A
et-0/0/49,Up,1,0,0,0,0,0,0,,Off,Off,Off,Off,,Off,Off,,,,,Off,Off,Off,Off,2026-09-02 03:25:23,sw-A
et-0/0/50,Up,1,0,0,0,0,0,0,,Off,Off,Off,Off,,Off,Off,,,,,Off,Off,Off,Off,2026-09-02 03:25:23,sw-A
et-0/0/51,Up,1,0,0,0,0,0,0,32.0,Off,Off,Off,Off,6.697,Off,Off,1.054,0.23,0.801,-0.96,Off,Off,Off,Off,2026-09-02 03:25:23,sw-A
et-0/0/48,Up,1,0,0,0,0,0,0,,Off,Off,Off,Off,,Off,Off,,,,,Off,Off,Off,Off,2026-09-02 03:30:24,sw-A
et-0/0/49,Up,1,0,0,0,0,0,0,,Off,Off,Off,Off,,Off,Off,,,,,Off,Off,Off,Off,2026-09-02 03:30:24,sw-A
et-0/0/50,Up,1,0,0,0,0,0,0,,Off,Off,Off,Off,,Off,Off,,,,,Off,Off,Off,Off,2026-09-02 03:30:24,sw-A
et-0/0/51,Up,1,0,0,0,0,0,0,32.0,Off,Off,Off,Off,6.71,Off,Off,1.058,0.24,0.801,-0.96,Off,Off,Off,Off,2026-09-02 03:30:24,sw-A
et-0/0/48,Up,1,0,0,0,0,0,0,,Off,Off,Off,Off,,Off,Off,,,,,Off,Off,Off,Off,2026-09-02 03:35:26,sw-A
et-0/0/49,Up,1,0,0,0,0,0,0,,Off,Off,Off,Off,,Off,Off,,,,,Off,Off,Off,Off,2026-09-02 03:35:26,sw-A
et-0/0/50,Up,1,0,0,0,0,0,0,,Off,Off,Off,Off,,Off,Off,,,,,Off,Off,Off,Off,2026-09-02 03:35:26,sw-A
et-0/0/51,Up,1,0,0,0,0,0,0,32.0,Off,Off,Off,Off,6.705,Off,Off,1.056,0.24,0.786,-1.05,Off,Off,Off,Off,2026-09-02 03:35:26,sw-A
et-0/0/48,Up,1,0,0,0,0,0,0,,Off,Off,Off,Off,,Off,Off,,,,,Off,Off,Off,Off,2026-09-02 03:40:27,sw-A
et-0/0/49,Up,1,0,0,0,0,0,0,,Off,Off,Off,Off,,Off,Off,,,,,Off,Off,Off,Off,2026-09-02 03:40:27,sw-A
et-0/0/50,Up,1,0,0,0,0,0,0,,Off,Off,Off,Off,,Off,Off,,,,,Off,Off,Off,Off,2026-09-02 03:40:27,sw-A
et-0/0/51,Up,1,0,0,0,0,0,0,32.0,Off,Off,Off,Off,6.685,Off,Off,1.052,0.22,0.801,-0.96,Off,Off,Off,Off,2026-09-02 03:40:27,sw-A
et-0/0/48,Up,1,0,0,0,0,0,0,,Off,Off,Off,Off,,Off,Off,,,,,Off,Off,Off,Off,2026-09-02 03:45:28,sw-A
et-0/0/49,Up,1,0,0,0,0,0,0,,Off,Off,Off,Off,,Off,Off,,,,,Off,Off,Off,Off,2026-09-02 03:45:28,sw-A
et-0/0/50,Up,1,0,0,0,0,0,0,,Off,Off,Off,Off,,Off,Off,,,,,Off,Off,Off,Off,2026-09-02 03:45:28,sw-A
et-0/0/51,Up,1,0,0,0,0,0,0,32.0,Off,Off,Off,Off,6.677,Off,Off,1.051,0.22,0.801,-0.96,Off,Off,Off,Off,2026-09-02 03:45:28,sw-A
et-0/0/48,Up,1,0,0,0,0,0,0,,Off,Off,Off,Off,,Off,Off,,,,,Off,Off,Off,Off,2026-09-02 03:50:30,sw-A
et-0/0/49,Up,1,0,0,0,0,0,0,,Off,Off,Off,Off,,Off,Off,,,,,Off,Off,Off,Off,2026-09-02 03:50:30,sw-A
et-0/0/50,Up,1,0,0,0,0,0,0,,Off,Off,Off,Off,,Off,Off,,,,,Off,Off,Off,Off,2026-09-02 03:50:30,sw-A
et-0/0/51,Up,1,0,0,0,0,0,0,32.0,Off,Off,Off,Off,6.685,Off,Off,1.052,0.22,0.801,-0.96,Off,Off,Off,Off,2026-09-02 03:50:30,sw-A
et-0/0/48,Up,1,0,0,0,0,0,0,,Off,Off,Off,Off,,Off,Off,,,,,Off,Off,Off,Off,2026-09-02 03:55:31,sw-A
et-0/0/49,Up,1,0,0,0,0,0,0,,Off,Off,Off,Off,,Off,Off,,,,,Off,Off,Off,Off,2026-09-02 03:55:31,sw-A
et-0/0/50,Up,1,0,0,0,0,0,0,,Off,Off,Off,Off,,Off,Off,,,,,Off,Off,Off,Off,2026-09-02 03:55:31,sw-A
et-0/0/51,Up,1,0,0,0,0,0,0,35.0,Off,Off,Off,Off,6.717,Off,Off,1.051,0.22,0.801,-0.96,Off,Off,Off,Off,2026-09-02 03:55:31,sw-A
et-0/0/48,Up,1,0,0,0,0,0,0,,Off,Off,Off,Off,,Off,Off,,,,,Off,Off,Off,Off,2026-09-02 04:00:32,sw-A
et-0/0/49,Up,1,0,0,0,0,0,0,,Off,Off,Off,Off,,Off,Off,,,,,Off,Off,Off,Off,2026-09-02 04:00:32,sw-A
et-0/0/50,Up,1,0,0,0,0,0,0,,Off,Off,Off,Off,,Off,Off,,,,,Off,Off,Off,Off,2026-09-02 04:00:32,sw-A
et-0/0/51,Up,1,0,0,0,0,0,0,36.0,Off,Off,Off,Off,6.685,Off,Off,1.052,0.22,0.786,-1.05,Off,Off,Off,Off,2026-09-02 04:00:32,sw-A
et-0/0/48,Up,1,0,0,0,0,0,0,,Off,Off,Off,Off,,Off,Off,,,,,Off,Off,Off,Off,2026-09-02 04:05:33,sw-A
et-0/0/49,Up,1,0,0,0,0,0,0,,Off,Off,Off,Off,,Off,Off,,,,,Off,Off,Off,Off,2026-09-02 04:05:33,sw-A
et-0/0/50,Up,1,0,0,0,0,0,0,,Off,Off,Off,Off,,Off,Off,,,,,Off,Off,Off,Off,2026-09-02 04:05:33,sw-A
et-0/0/51,Up,1,0,0,0,0,0,0,36.0,Off,Off,Off,Off,6.699,Off,Off,1.055,0.23,0.786,-1.05,Off,Off,Off,Off,2026-09-02 04:05:33,sw-A
et-0/0/48,Up,1,0,0,0,0,0,0,,Off,Off,Off,Off,,Off,Off,,,,,Off,Off,Off,Off,2026-09-02 04:10:35,sw-A
et-0/0/49,Up,1,0,0,0,0,0,0,,Off,Off,Off,Off,,Off,Off,,,,,Off,Off,Off,Off,2026-09-02 04:10:35,sw-A
et-0/0/50,Up,1,0,0,0,0,0,0,,Off,Off,Off,Off,,Off,Off,,,,,Off,Off,Off,Off,2026-09-02 04:10:35,sw-A
et-0/0/51,Up,1,0,0,0,0,0,0,36.0,Off,Off,Off,Off,6.719,Off,Off,1.058,0.24,0.786,-1.05,Off,Off,Off,Off,2026-09-02 04:10:35,sw-A
et-0/0/48,Up,1,0,0,0,0,0,0,,Off,Off,Off,Off,,Off,Off,,,,,Off,Off,Off,Off,2026-09-02 04:15:36,sw-A
et-0/0/49,Up,1,0,0,0,0,0,0,,Off,Off,Off,Off,,Off,Off,,,,,Off,Off,Off,Off,2026-09-02 04:15:36,sw-A
et-0/0/50,Up,1,0,0,0,0,0,0,,Off,Off,Off,Off,,Off,Off,,,,,Off,Off,Off,Off,2026-09-02 04:15:36,sw-A
et-0/0/51,Up,1,0,0,0,0,0,0,36.0,Off,Off,Off,Off,6.677,Off,Off,1.051,0.22,0.771,-1.13,Off,Off,Off,Off,2026-09-02 04:15:36,sw-A
et-0/0/48,Up,1,0,0,0,0,0,0,,Off,Off,Off,Off,,Off,Off,,,,,Off,Off,Off,Off,2026-09-02 04:20:37,sw-A
et-0/0/49,Up,1,0,0,0,0,0,0,,Off,Off,Off,Off,,Off,Off,,,,,Off,Off,Off,Off,2026-09-02 04:20:37,sw-A
et-0/0/50,Up,1,0,0,0,0,0,0,,Off,Off,Off,Off,,Off,Off,,,,,Off,Off,Off,Off,2026-09-02 04:20:37,sw-A
et-0/0/51,Up,1,0,0,0,0,0,0,36.0,Off,Off,Off,Off,6.685,Off,Off,1.052,0.22,0.771,-1.13,Off,Off,Off,Off,2026-09-02 04:20:37,sw-A
et-0/0/48,Up,1,0,0,0,0,0,0,,Off,Off,Off,Off,,Off,Off,,,,,Off,Off,Off,Off,2026-09-02 04:25:38,sw-A
et-0/0/49,Up,1,0,0,0,0,0,0,,Off,Off,Off,Off,,Off,Off,,,,,Off,Off,Off,Off,2026-09-02 04:25:38,sw-A
et-0/0/50,Up,1,0,0,0,0,0,0,,Off,Off,Off,Off,,Off,Off,,,,,Off,Off,Off,Off,2026-09-02 04:25:38,sw-A
et-0/0/51,Up,1,0,0,0,0,0,0,37.0,Off,Off,Off,Off,6.699,Off,Off,1.056,0.24,0.771,-1.13,Off,Off,Off,Off,2026-09-02 04:25:38,sw-A
et-0/0/48,Up,1,0,0,0,0,0,0,,Off,Off,Off,Off,,Off,Off,,,,,Off,Off,Off,Off,2026-09-02 04:30:40,sw-A
et-0/0/49,Up,1,0,0,0,0,0,0,,Off,Off,Off,Off,,Off,Off,,,,,Off,Off,Off,Off,2026-09-02 04:30:40,sw-A
et-0/0/50,Up,1,0,0,0,0,0,0,,Off,Off,Off,Off,,Off,Off,,,,,Off,Off,Off,Off,2026-09-02 04:30:40,sw-A
et-0/0/51,Up,1,0,0,0,0,0,0,36.0,Off,Off,Off,Off,6.705,Off,Off,1.056,0.24,0.786,-1.05,Off,Off,Off,Off,2026-09-02 04:30:40,sw-A
et-0/0/48,Up,1,0,0,0,0,0,0,,Off,Off,Off,Off,,Off,Off,,,,,Off,Off,Off,Off,2026-09-02 04:35:41,sw-A
et-0/0/49,Up,1,0,0,0,0,0,0,,Off,Off,Off,Off,,Off,Off,,,,,Off,Off,Off,Off,2026-09-02 04:35:41,sw-A
et-0/0/50,Up,1,0,0,0,0,0,0,,Off,Off,Off,Off,,Off,Off,,,,,Off,Off,Off,Off,2026-09-02 04:35:41,sw-A
et-0/0/51,Up,1,0,0,0,0,0,0,36.0,Off,Off,Off,Off,6.693,Off,Off,1.054,0.23,0.771,-1.13,Off,Off,Off,Off,2026-09-02 04:35:41,sw-A
et-0/0/48,Up,1,0,0,0,0,0,0,,Off,Off,Off,Off,,Off,Off,,,,,Off,Off,Off,Off,2026-09-02 04:40:42,sw-A
et-0/0/49,Up,1,0,0,0,0,0,0,,Off,Off,Off,Off,,Off,Off,,,,,Off,Off,Off,Off,2026-09-02 04:40:42,sw-A
et-0/0/50,Up,1,0,0,0,0,0,0,,Off,Off,Off,Off,,Off,Off,,,,,Off,Off,Off,Off,2026-09-02 04:40:42,sw-A
et-0/0/51,Up,1,0,0,0,0,0,0,36.0,Off,Off,Off,Off,6.693,Off,Off,1.054,0.23,0.786,-1.05,Off,Off,Off,Off,2026-09-02 04:40:42,sw-A
et-0/0/48,Up,1,0,0,0,0,0,0,,Off,Off,Off,Off,,Off,Off,,,,,Off,Off,Off,Off,2026-09-02 04:45:43,sw-A
et-0/0/49,Up,1,0,0,0,0,0,0,,Off,Off,Off,Off,,Off,Off,,,,,Off,Off,Off,Off,2026-09-02 04:45:43,sw-A
et-0/0/50,Up,1,0,0,0,0,0,0,,Off,Off,Off,Off,,Off,Off,,,,,Off,Off,Off,Off,2026-09-02 04:45:43,sw-A
et-0/0/51,Up,1,0,0,0,0,0,0,36.0,Off,Off,Off,Off,6.71,Off,Off,1.053,0.23,0.786,-1.05,Off,Off,Off,Off,2026-09-02 04:45:43,sw-A
et-0/0/48,Up,1,0,0,0,0,0,0,,Off,Off,Off,Off,,Off,Off,,,,,Off,Off,Off,Off,2026-09-02 04:50:45,sw-A
et-0/0/49,Up,1,0,0,0,0,0,0,,Off,Off,Off,Off,,Off,Off,,,,,Off,Off,Off,Off,2026-09-02 04:50:45,sw-A
et-0/0/50,Up,1,0,0,0,0,0,0,,Off,Off,Off,Off,,Off,Off,,,,,Off,Off,Off,Off,2026-09-02 04:50:45,sw-A
et-0/0/51,Up,1,0,0,0,0,0,0,36.0,Off,Off,Off,Off,6.703,Off,Off,1.055,0.23,0.786,-1.05,Off,Off,Off,Off,2026-09-02 04:50:45,sw-A
et-0/0/48,Up,1,0,0,0,0,0,0,,Off,Off,Off,Off,,Off,Off,,,,,Off,Off,Off,Off,2026-09-02 04:55:46,sw-A
et-0/0/49,Up,1,0,0,0,0,0,0,,Off,Off,Off,Off,,Off,Off,,,,,Off,Off,Off,Off,2026-09-02 04:55:46,sw-A
et-0/0/50,Up,1,0,0,0,0,0,0,,Off,Off,Off,Off,,Off,Off,,,,,Off,Off,Off,Off,2026-09-02 04:55:46,sw-A
et-0/0/51,Up,1,0,0,0,0,0,0,38.0,Off,Off,Off,Off,6.711,Off,Off,1.057,0.24,0.786,-1.05,Off,Off,Off,Off,2026-09-02 04:55:46,sw-A
et-0/0/48,Up,1,0,0,0,0,0,0,,Off,Off,Off,Off,,Off,Off,,,,,Off,Off,Off,Off,2026-09-02 05:00:47,sw-A
et-0/0/49,Up,1,0,0,0,0,0,0,,Off,Off,Off,Off,,Off,Off,,,,,Off,Off,Off,Off,2026-09-02 05:00:47,sw-A
et-0/0/50,Up,1,0,0,0,0,0,0,,Off,Off,Off,Off,,Off,Off,,,,,Off,Off,Off,Off,2026-09-02 05:00:47,sw-A
et-0/0/51,Up,1,0,0,0,0,0,0,38.0,Off,Off,Off,Off,6.711,Off,Off,1.053,0.23,0.786,-1.05,Off,Off,Off,Off,2026-09-02 05:00:47,sw-A
et-0/0/48,Up,1,0,0,0,0,0,0,,Off,Off,Off,Off,,Off,Off,,,,,Off,Off,Off,Off,2026-09-02 05:05:48,sw-A
et-0/0/49,Up,1,0,0,0,0,0,0,,Off,Off,Off,Off,,Off,Off,,,,,Off,Off,Off,Off,2026-09-02 05:05:48,sw-A
et-0/0/50,Up,1,0,0,0,0,0,0,,Off,Off,Off,Off,,Off,Off,,,,,Off,Off,Off,Off,2026-09-02 05:05:48,sw-A
et-0/0/51,Up,1,0,0,0,0,0,0,38.0,Off,Off,Off,Off,6.699,Off,Off,1.055,0.23,0.771,-1.13,Off,Off,Off,Off,2026-09-02 05:05:48,sw-A
et-0/0/48,Up,1,0,0,0,0,0,0,,Off,Off,Off,Off,,Off,Off,,,,,Off,Off,Off,Off,2026-09-02 05:10:50,sw-A
et-0/0/49,Up,1,0,0,0,0,0,0,,Off,Off,Off,Off,,Off,Off,,,,,Off,Off,Off,Off,2026-09-02 05:10:50,sw-A
et-0/0/50,Up,1,0,0,0,0,0,0,,Off,Off,Off,Off,,Off,Off,,,,,Off,Off,Off,Off,2026-09-02 05:10:50,sw-A
et-0/0/51,Up,1,0,0,0,0,0,0,38.0,Off,Off,Off,Off,6.688,Off,Off,1.054,0.23,0.771,-1.13,Off,Off,Off,Off,2026-09-02 05:10:50,sw-A
et-0/0/48,Up,1,0,0,0,0,0,0,,Off,Off,Off,Off,,Off,Off,,,,,Off,Off,Off,Off,2026-09-02 05:15:51,sw-A
et-0/0/49,Up,1,0,0,0,0,0,0,,Off,Off,Off,Off,,Off,Off,,,,,Off,Off,Off,Off,2026-09-02 05:15:51,sw-A
et-0/0/50,Up,1,0,0,0,0,0,0,,Off,Off,Off,Off,,Off,Off,,,,,Off,Off,Off,Off,2026-09-02 05:15:51,sw-A
et-0/0/51,Up,1,0,0,0,0,0,0,38.0,Off,Off,Off,Off,6.691,Off,Off,1.053,0.23,0.771,-1.13,Off,Off,Off,Off,2026-09-02 05:15:51,sw-A
et-0/0/48,Up,1,0,0,0,0,0,0,,Off,Off,Off,Off,,Off,Off,,,,,Off,Off,Off,Off,2026-09-02 05:20:52,sw-A
et-0/0/49,Up,1,0,0,0,0,0,0,,Off,Off,Off,Off,,Off,Off,,,,,Off,Off,Off,Off,2026-09-02 05:20:52,sw-A
et-0/0/50,Up,1,0,0,0,0,0,0,,Off,Off,Off,Off,,Off,Off,,,,,Off,Off,Off,Off,2026-09-02 05:20:52,sw-A
et-0/0/51,Up,1,0,0,0,0,0,0,39.0,Off,Off,Off,Off,6.685,Off,Off,1.052,0.22,0.786,-1.05,Off,Off,Off,Off,2026-09-02 05:20:52,sw-A
et-0/0/48,Up,1,0,0,0,0,0,0,,Off,Off,Off,Off,,Off,Off,,,,,Off,Off,Off,Off,2026-09-02 05:25:53,sw-A
et-0/0/49,Up,1,0,0,0,0,0,0,,Off,Off,Off,Off,,Off,Off,,,,,Off,Off,Off,Off,2026-09-02 05:25:53,sw-A
et-0/0/50,Up,1,0,0,0,0,0,0,,Off,Off,Off,Off,,Off,Off,,,,,Off,Off,Off,Off,2026-09-02 05:25:53,sw-A
et-0/0/51,Up,1,0,0,0,0,0,0,39.0,Off,Off,Off,Off,6.697,Off,Off,1.054,0.23,0.771,-1.13,Off,Off,Off,Off,2026-09-02 05:25:53,sw-A
et-0/0/48,Up,1,0,0,0,0,0,0,,Off,Off,Off,Off,,Off,Off,,,,,Off,Off,Off,Off,2026-09-02 05:30:55,sw-A
et-0/0/49,Up,1,0,0,0,0,0,0,,Off,Off,Off,Off,,Off,Off,,,,,Off,Off,Off,Off,2026-09-02 05:30:55,sw-A
et-0/0/50,Up,1,0,0,0,0,0,0,,Off,Off,Off,Off,,Off,Off,,,,,Off,Off,Off,Off,2026-09-02 05:30:55,sw-A
et-0/0/51,Up,1,0,0,0,0,0,0,39.0,Off,Off,Off,Off,6.705,Off,Off,1.056,0.24,0.786,-1.05,Off,Off,Off,Off,2026-09-02 05:30:55,sw-A
et-0/0/48,Up,1,0,0,0,0,0,0,,Off,Off,Off,Off,,Off,Off,,,,,Off,Off,Off,Off,2026-09-02 05:35:56,sw-A
et-0/0/49,Up,1,0,0,0,0,0,0,,Off,Off,Off,Off,,Off,Off,,,,,Off,Off,Off,Off,2026-09-02 05:35:56,sw-A
et-0/0/50,Up,1,0,0,0,0,0,0,,Off,Off,Off,Off,,Off,Off,,,,,Off,Off,Off,Off,2026-09-02 05:35:56,sw-A
et-0/0/51,Up,1,0,0,0,0,0,0,39.0,Off,Off,Off,Off,6.679,Off,Off,1.052,0.22,0.801,-0.96,Off,Off,Off,Off,2026-09-02 05:35:56,sw-A
et-0/0/48,Up,1,0,0,0,0,0,0,,Off,Off,Off,Off,,Off,Off,,,,,Off,Off,Off,Off,2026-09-02 05:40:57,sw-A
et-0/0/49,Up,1,0,0,0,0,0,0,,Off,Off,Off,Off,,Off,Off,,,,,Off,Off,Off,Off,2026-09-02 05:40:57,sw-A
et-0/0/50,Up,1,0,0,0,0,0,0,,Off,Off,Off,Off,,Off,Off,,,,,Off,Off,Off,Off,2026-09-02 05:40:57,sw-A
et-0/0/51,Up,1,0,0,0,0,0,0,39.0,Off,Off,Off,Off,6.697,Off,Off,1.054,0.23,0.786,-1.05,Off,Off,Off,Off,2026-09-02 05:40:57,sw-A
et-0/0/48,Up,1,0,0,0,0,0,0,,Off,Off,Off,Off,,Off,Off,,,,,Off,Off,Off,Off,2026-09-02 05:45:58,sw-A
et-0/0/49,Up,1,0,0,0,0,0,0,,Off,Off,Off,Off,,Off,Off,,,,,Off,Off,Off,Off,2026-09-02 05:45:58,sw-A
et-0/0/50,Up,1,0,0,0,0,0,0,,Off,Off,Off,Off,,Off,Off,,,,,Off,Off,Off,Off,2026-09-02 05:45:58,sw-A
et-0/0/51,Up,1,0,0,0,0,0,0,39.0,Off,Off,Off,Off,6.691,Off,Off,1.054,0.23,0.786,-1.05,Off,Off,Off,Off,2026-09-02 05:45:58,sw-A
et-0/0/48,Up,1,0,0,0,0,0,0,,Off,Off,Off,Off,,Off,Off,,,,,Off,Off,Off,Off,2026-09-02 05:51:00,sw-A
et-0/0/49,Up,1,0,0,0,0,0,0,,Off,Off,Off,Off,,Off,Off,,,,,Off,Off,Off,Off,2026-09-02 05:51:00,sw-A
et-0/0/50,Up,1,0,0,0,0,0,0,,Off,Off,Off,Off,,Off,Off,,,,,Off,Off,Off,Off,2026-09-02 05:51:00,sw-A
et-0/0/51,Up,1,0,0,0,0,0,0,39.0,Off,Off,Off,Off,6.691,Off,Off,1.053,0.23,0.801,-0.96,Off,Off,Off,Off,2026-09-02 05:51:00,sw-A
et-0/0/48,Up,1,0,0,0,0,0,0,,Off,Off,Off,Off,,Off,Off,,,,,Off,Off,Off,Off,2026-09-02 05:56:01,sw-A
et-0/0/49,Up,1,0,0,0,0,0,0,,Off,Off,Off,Off,,Off,Off,,,,,Off,Off,Off,Off,2026-09-02 05:56:01,sw-A
et-0/0/50,Up,1,0,0,0,0,0,0,,Off,Off,Off,Off,,Off,Off,,,,,Off,Off,Off,Off,2026-09-02 05:56:01,sw-A
et-0/0/51,Up,1,0,0,0,0,0,0,39.0,Off,Off,Off,Off,6.679,Off,Off,1.053,0.22,0.786,-1.05,Off,Off,Off,Off,2026-09-02 05:56:01,sw-A
et-0/0/48,Up,1,0,0,0,0,0,0,,Off,Off,Off,Off,,Off,Off,,,,,Off,Off,Off,Off,2026-09-02 06:01:02,sw-A
et-0/0/49,Up,1,0,0,0,0,0,0,,Off,Off,Off,Off,,Off,Off,,,,,Off,Off,Off,Off,2026-09-02 06:01:02,sw-A
et-0/0/50,Up,1,0,0,0,0,0,0,,Off,Off,Off,Off,,Off,Off,,,,,Off,Off,Off,Off,2026-09-02 06:01:02,sw-A
et-0/0/51,Up,1,0,0,0,0,0,0,38.0,Off,Off,Off,Off,6.71,Off,Off,1.056,0.24,0.786,-1.05,Off,Off,Off,Off,2026-09-02 06:01:02,sw-A
et-0/0/48,Up,1,0,0,0,0,0,0,,Off,Off,Off,Off,,Off,Off,,,,,Off,Off,Off,Off,2026-09-02 06:06:04,sw-A
et-0/0/49,Up,1,0,0,0,0,0,0,,Off,Off,Off,Off,,Off,Off,,,,,Off,Off,Off,Off,2026-09-02 06:06:04,sw-A
et-0/0/50,Up,1,0,0,0,0,0,0,,Off,Off,Off,Off,,Off,Off,,,,,Off,Off,Off,Off,2026-09-02 06:06:04,sw-A
et-0/0/51,Up,1,0,0,0,0,0,0,39.0,Off,Off,Off,Off,6.697,Off,Off,1.056,0.24,0.786,-1.05,Off,Off,Off,Off,2026-09-02 06:06:04,sw-A
et-0/0/48,Up,1,0,0,0,0,0,0,,Off,Off,Off,Off,,Off,Off,,,,,Off,Off,Off,Off,2026-09-02 06:11:05,sw-A
et-0/0/49,Up,1,0,0,0,0,0,0,,Off,Off,Off,Off,,Off,Off,,,,,Off,Off,Off,Off,2026-09-02 06:11:05,sw-A
et-0/0/50,Up,1,0,0,0,0,0,0,,Off,Off,Off,Off,,Off,Off,,,,,Off,Off,Off,Off,2026-09-02 06:11:05,sw-A
et-0/0/51,Up,1,0,0,0,0,0,0,39.0,Off,Off,Off,Off,6.679,Off,Off,1.052,0.22,0.771,-1.13,Off,Off,Off,Off,2026-09-02 06:11:05,sw-A
et-0/0/48,Up,1,0,0,0,0,0,0,,Off,Off,Off,Off,,Off,Off,,,,,Off,Off,Off,Off,2026-09-02 06:16:06,sw-A
et-0/0/49,Up,1,0,0,0,0,0,0,,Off,Off,Off,Off,,Off,Off,,,,,Off,Off,Off,Off,2026-09-02 06:16:06,sw-A
et-0/0/50,Up,1,0,0,0,0,0,0,,Off,Off,Off,Off,,Off,Off,,,,,Off,Off,Off,Off,2026-09-02 06:16:06,sw-A
et-0/0/51,Up,1,0,0,0,0,0,0,39.0,Off,Off,Off,Off,6.677,Off,Off,1.054,0.23,0.771,-1.13,Off,Off,Off,Off,2026-09-02 06:16:06,sw-A
et-0/0/48,Up,1,0,0,0,0,0,0,,Off,Off,Off,Off,,Off,Off,,,,,Off,Off,Off,Off,2026-09-02 06:21:08,sw-A
et-0/0/49,Up,1,0,0,0,0,0,0,,Off,Off,Off,Off,,Off,Off,,,,,Off,Off,Off,Off,2026-09-02 06:21:08,sw-A
et-0/0/50,Up,1,0,0,0,0,0,0,,Off,Off,Off,Off,,Off,Off,,,,,Off,Off,Off,Off,2026-09-02 06:21:08,sw-A
et-0/0/51,Up,1,0,0,0,0,0,0,38.0,Off,Off,Off,Off,6.711,Off,Off,1.057,0.24,0.801,-0.96,Off,Off,Off,Off,2026-09-02 06:21:08,sw-A
et-0/0/48,Up,1,0,0,0,0,0,0,,Off,Off,Off,Off,,Off,Off,,,,,Off,Off,Off,Off,2026-09-02 06:26:09,sw-A
et-0/0/49,Up,1,0,0,0,0,0,0,,Off,Off,Off,Off,,Off,Off,,,,,Off,Off,Off,Off,2026-09-02 06:26:09,sw-A
et-0/0/50,Up,1,0,0,0,0,0,0,,Off,Off,Off,Off,,Off,Off,,,,,Off,Off,Off,Off,2026-09-02 06:26:09,sw-A
et-0/0/51,Up,1,0,0,0,0,0,0,39.0,Off,Off,Off,Off,6.677,Off,Off,1.054,0.23,0.801,-0.96,Off,Off,Off,Off,2026-09-02 06:26:09,sw-A
et-0/0/48,Up,1,0,0,0,0,0,0,,Off,Off,Off,Off,,Off,Off,,,,,Off,Off,Off,Off,2026-09-02 06:31:10,sw-A
et-0/0/49,Up,1,0,0,0,0,0,0,,Off,Off,Off,Off,,Off,Off,,,,,Off,Off,Off,Off,2026-09-02 06:31:10,sw-A
et-0/0/50,Up,1,0,0,0,0,0,0,,Off,Off,Off,Off,,Off,Off,,,,,Off,Off,Off,Off,2026-09-02 06:31:10,sw-A
et-0/0/51,Up,1,0,0,0,0,0,0,38.0,Off,Off,Off,Off,6.697,Off,Off,1.055,0.23,0.801,-0.96,Off,Off,Off,Off,2026-09-02 06:31:10,sw-A
et-0/0/48,Up,1,0,0,0,0,0,0,,Off,Off,Off,Off,,Off,Off,,,,,Off,Off,Off,Off,2026-09-02 06:36:11,sw-A
et-0/0/49,Up,1,0,0,0,0,0,0,,Off,Off,Off,Off,,Off,Off,,,,,Off,Off,Off,Off,2026-09-02 06:36:11,sw-A
et-0/0/50,Up,1,0,0,0,0,0,0,,Off,Off,Off,Off,,Off,Off,,,,,Off,Off,Off,Off,2026-09-02 06:36:11,sw-A
et-0/0/51,Up,1,0,0,0,0,0,0,39.0,Off,Off,Off,Off,6.699,Off,Off,1.055,0.23,0.786,-1.05,Off,Off,Off,Off,2026-09-02 06:36:11,sw-A
et-0/0/48,Up,1,0,0,0,0,0,0,,Off,Off,Off,Off,,Off,Off,,,,,Off,Off,Off,Off,2026-09-02 06:41:13,sw-A
et-0/0/49,Up,1,0,0,0,0,0,0,,Off,Off,Off,Off,,Off,Off,,,,,Off,Off,Off,Off,2026-09-02 06:41:13,sw-A
et-0/0/50,Up,1,0,0,0,0,0,0,,Off,Off,Off,Off,,Off,Off,,,,,Off,Off,Off,Off,2026-09-02 06:41:13,sw-A
et-0/0/51,Up,1,0,0,0,0,0,0,39.0,Off,Off,Off,Off,6.685,Off,Off,1.052,0.22,0.786,-1.05,Off,Off,Off,Off,2026-09-02 06:41:13,sw-A
et-0/0/48,Up,1,0,0,0,0,0,0,,Off,Off,Off,Off,,Off,Off,,,,,Off,Off,Off,Off,2026-09-02 06:46:14,sw-A
et-0/0/49,Up,1,0,0,0,0,0,0,,Off,Off,Off,Off,,Off,Off,,,,,Off,Off,Off,Off,2026-09-02 06:46:14,sw-A
et-0/0/50,Up,1,0,0,0,0,0,0,,Off,Off,Off,Off,,Off,Off,,,,,Off,Off,Off,Off,2026-09-02 06:46:14,sw-A
et-0/0/51,Up,1,0,0,0,0,0,0,39.0,Off,Off,Off,Off,6.71,Off,Off,1.056,0.24,0.786,-1.05,Off,Off,Off,Off,2026-09-02 06:46:14,sw-A
et-0/0/48,Up,1,0,0,0,0,0,0,,Off,Off,Off,Off,,Off,Off,,,,,Off,Off,Off,Off,2026-09-02 06:51:15,sw-A
et-0/0/49,Up,1,0,0,0,0,0,0,,Off,Off,Off,Off,,Off,Off,,,,,Off,Off,Off,Off,2026-09-02 06:51:15,sw-A
et-0/0/50,Up,1,0,0,0,0,0,0,,Off,Off,Off,Off,,Off,Off,,,,,Off,Off,Off,Off,2026-09-02 06:51:15,sw-A
et-0/0/51,Up,1,0,0,0,0,0,0,39.0,Off,Off,Off,Off,6.679,Off,Off,1.052,0.22,0.786,-1.05,Off,Off,Off,Off,2026-09-02 06:51:15,sw-A
et-0/0/48,Up,1,0,0,0,0,0,0,,Off,Off,Off,Off,,Off,Off,,,,,Off,Off,Off,Off,2026-09-02 06:56:17,sw-A
et-0/0/49,Up,1,0,0,0,0,0,0,,Off,Off,Off,Off,,Off,Off,,,,,Off,Off,Off,Off,2026-09-02 06:56:17,sw-A
et-0/0/50,Up,1,0,0,0,0,0,0,,Off,Off,Off,Off,,Off,Off,,,,,Off,Off,Off,Off,2026-09-02 06:56:17,sw-A
et-0/0/51,Up,1,0,0,0,0,0,0,39.0,Off,Off,Off,Off,6.711,Off,Off,1.057,0.24,0.786,-1.05,Off,Off,Off,Off,2026-09-02 06:56:17,sw-A
et-0/0/48,Up,1,0,0,0,0,0,0,,Off,Off,Off,Off,,Off,Off,,,,,Off,Off,Off,Off,2026-09-02 07:01:18,sw-A
et-0/0/49,Up,1,0,0,0,0,0,0,,Off,Off,Off,Off,,Off,Off,,,,,Off,Off,Off,Off,2026-09-02 07:01:18,sw-A
et-0/0/50,Up,1,0,0,0,0,0,0,,Off,Off,Off,Off,,Off,Off,,,,,Off,Off,Off,Off,2026-09-02 07:01:18,sw-A
et-0/0/51,Up,1,0,0,0,0,0,0,39.0,Off,Off,Off,Off,6.699,Off,Off,1.055,0.23,0.786,-1.05,Off,Off,Off,Off,2026-09-02 07:01:18,sw-A
et-0/0/48,Up,1,0,0,0,0,0,0,,Off,Off,Off,Off,,Off,Off,,,,,Off,Off,Off,Off,2026-09-02 07:06:19,sw-A
et-0/0/49,Up,1,0,0,0,0,0,0,,Off,Off,Off,Off,,Off,Off,,,,,Off,Off,Off,Off,2026-09-02 07:06:19,sw-A
et-0/0/50,Up,1,0,0,0,0,0,0,,Off,Off,Off,Off,,Off,Off,,,,,Off,Off,Off,Off,2026-09-02 07:06:19,sw-A
et-0/0/51,Up,1,0,0,0,0,0,0,38.0,Off,Off,Off,Off,6.691,Off,Off,1.053,0.23,0.786,-1.05,Off,Off,Off,Off,2026-09-02 07:06:19,sw-A
et-0/0/48,Up,1,0,0,0,0,0,0,,Off,Off,Off,Off,,Off,Off,,,,,Off,Off,Off,Off,2026-09-02 07:11:20,sw-A
et-0/0/49,Up,1,0,0,0,0,0,0,,Off,Off,Off,Off,,Off,Off,,,,,Off,Off,Off,Off,2026-09-02 07:11:20,sw-A
et-0/0/50,Up,1,0,0,0,0,0,0,,Off,Off,Off,Off,,Off,Off,,,,,Off,Off,Off,Off,2026-09-02 07:11:20,sw-A
et-0/0/51,Up,1,0,0,0,0,0,0,39.0,Off,Off,Off,Off,6.705,Off,Off,1.056,0.24,0.786,-1.05,Off,Off,Off,Off,2026-09-02 07:11:20,sw-A
et-0/0/48,Up,1,0,0,0,0,0,0,,Off,Off,Off,Off,,Off,Off,,,,,Off,Off,Off,Off,2026-09-02 07:16:22,sw-A
et-0/0/49,Up,1,0,0,0,0,0,0,,Off,Off,Off,Off,,Off,Off,,,,,Off,Off,Off,Off,2026-09-02 07:16:22,sw-A
et-0/0/50,Up,1,0,0,0,0,0,0,,Off,Off,Off,Off,,Off,Off,,,,,Off,Off,Off,Off,2026-09-02 07:16:22,sw-A
et-0/0/51,Up,1,0,0,0,0,0,0,39.0,Off,Off,Off,Off,6.679,Off,Off,1.053,0.22,0.786,-1.05,Off,Off,Off,Off,2026-09-02 07:16:22,sw-A
et-0/0/48,Up,1,0,0,0,0,0,0,,Off,Off,Off,Off,,Off,Off,,,,,Off,Off,Off,Off,2026-09-02 07:21:23,sw-A
et-0/0/49,Up,1,0,0,0,0,0,0,,Off,Off,Off,Off,,Off,Off,,,,,Off,Off,Off,Off,2026-09-02 07:21:23,sw-A
et-0/0/50,Up,1,0,0,0,0,0,0,,Off,Off,Off,Off,,Off,Off,,,,,Off,Off,Off,Off,2026-09-02 07:21:23,sw-A
et-0/0/51,Up,1,0,0,0,0,0,0,39.0,Off,Off,Off,Off,6.717,Off,Off,1.058,0.24,0.771,-1.13,Off,Off,Off,Off,2026-09-02 07:21:23,sw-A
et-0/0/48,Up,1,0,0,0,0,0,0,,Off,Off,Off,Off,,Off,Off,,,,,Off,Off,Off,Off,2026-09-02 07:26:24,sw-A
et-0/0/49,Up,1,0,0,0,0,0,0,,Off,Off,Off,Off,,Off,Off,,,,,Off,Off,Off,Off,2026-09-02 07:26:24,sw-A
et-0/0/50,Up,1,0,0,0,0,0,0,,Off,Off,Off,Off,,Off,Off,,,,,Off,Off,Off,Off,2026-09-02 07:26:24,sw-A
et-0/0/51,Up,1,0,0,0,0,0,0,39.0,Off,Off,Off,Off,6.685,Off,Off,1.054,0.23,0.801,-0.96,Off,Off,Off,Off,2026-09-02 07:26:24,sw-A
et-0/0/48,Up,1,0,0,0,0,0,0,,Off,Off,Off,Off,,Off,Off,,,,,Off,Off,Off,Off,2026-09-02 07:31:25,sw-A
et-0/0/49,Up,1,0,0,0,0,0,0,,Off,Off,Off,Off,,Off,Off,,,,,Off,Off,Off,Off,2026-09-02 07:31:25,sw-A
et-0/0/50,Up,1,0,0,0,0,0,0,,Off,Off,Off,Off,,Off,Off,,,,,Off,Off,Off,Off,2026-09-02 07:31:25,sw-A
et-0/0/51,Up,1,0,0,0,0,0,0,38.0,Off,Off,Off,Off,6.693,Off,Off,1.055,0.23,0.786,-1.05,Off,Off,Off,Off,2026-09-02 07:31:25,sw-A
et-0/0/48,Up,1,0,0,0,0,0,0,,Off,Off,Off,Off,,Off,Off,,,,,Off,Off,Off,Off,2026-09-02 07:36:27,sw-A
et-0/0/49,Up,1,0,0,0,0,0,0,,Off,Off,Off,Off,,Off,Off,,,,,Off,Off,Off,Off,2026-09-02 07:36:27,sw-A
et-0/0/50,Up,1,0,0,0,0,0,0,,Off,Off,Off,Off,,Off,Off,,,,,Off,Off,Off,Off,2026-09-02 07:36:27,sw-A
et-0/0/51,Up,1,0,0,0,0,0,0,37.0,Off,Off,Off,Off,6.691,Off,Off,1.054,0.23,0.771,-1.13,Off,Off,Off,Off,2026-09-02 07:36:27,sw-A
et-0/0/48,Up,1,0,0,0,0,0,0,,Off,Off,Off,Off,,Off,Off,,,,,Off,Off,Off,Off,2026-09-02 07:41:28,sw-A
et-0/0/49,Up,1,0,0,0,0,0,0,,Off,Off,Off,Off,,Off,Off,,,,,Off,Off,Off,Off,2026-09-02 07:41:28,sw-A
et-0/0/50,Up,1,0,0,0,0,0,0,,Off,Off,Off,Off,,Off,Off,,,,,Off,Off,Off,Off,2026-09-02 07:41:28,sw-A
et-0/0/51,Up,1,0,0,0,0,0,0,37.0,Off,Off,Off,Off,6.71,Off,Off,1.058,0.24,0.786,-1.05,Off,Off,Off,Off,2026-09-02 07:41:28,sw-A
et-0/0/48,Up,1,0,0,0,0,0,0,,Off,Off,Off,Off,,Off,Off,,,,,Off,Off,Off,Off,2026-09-02 07:46:29,sw-A
et-0/0/49,Up,1,0,0,0,0,0,0,,Off,Off,Off,Off,,Off,Off,,,,,Off,Off,Off,Off,2026-09-02 07:46:29,sw-A
et-0/0/50,Up,1,0,0,0,0,0,0,,Off,Off,Off,Off,,Off,Off,,,,,Off,Off,Off,Off,2026-09-02 07:46:29,sw-A
et-0/0/51,Up,1,0,0,0,0,0,0,37.0,Off,Off,Off,Off,6.677,Off,Off,1.051,0.22,0.786,-1.05,Off,Off,Off,Off,2026-09-02 07:46:29,sw-A
et-0/0/48,Up,1,0,0,0,0,0,0,,Off,Off,Off,Off,,Off,Off,,,,,Off,Off,Off,Off,2026-09-02 07:51:30,sw-A
et-0/0/49,Up,1,0,0,0,0,0,0,,Off,Off,Off,Off,,Off,Off,,,,,Off,Off,Off,Off,2026-09-02 07:51:30,sw-A
et-0/0/50,Up,1,0,0,0,0,0,0,,Off,Off,Off,Off,,Off,Off,,,,,Off,Off,Off,Off,2026-09-02 07:51:30,sw-A
et-0/0/51,Up,1,0,0,0,0,0,0,37.0,Off,Off,Off,Off,6.711,Off,Off,1.058,0.24,0.771,-1.13,Off,Off,Off,Off,2026-09-02 07:51:30,sw-A
et-0/0/48,Up,1,0,0,0,0,0,0,,Off,Off,Off,Off,,Off,Off,,,,,Off,Off,Off,Off,2026-09-02 07:56:32,sw-A
et-0/0/49,Up,1,0,0,0,0,0,0,,Off,Off,Off,Off,,Off,Off,,,,,Off,Off,Off,Off,2026-09-02 07:56:32,sw-A
et-0/0/50,Up,1,0,0,0,0,0,0,,Off,Off,Off,Off,,Off,Off,,,,,Off,Off,Off,Off,2026-09-02 07:56:32,sw-A
et-0/0/51,Up,1,0,0,0,0,0,0,37.0,Off,Off,Off,Off,6.693,Off,Off,1.056,0.24,0.786,-1.05,Off,Off,Off,Off,2026-09-02 07:56:32,sw-A
et-0/0/48,Up,1,0,0,0,0,0,0,,Off,Off,Off,Off,,Off,Off,,,,,Off,Off,Off,Off,2026-09-02 08:01:33,sw-A
et-0/0/49,Up,1,0,0,0,0,0,0,,Off,Off,Off,Off,,Off,Off,,,,,Off,Off,Off,Off,2026-09-02 08:01:33,sw-A
et-0/0/50,Up,1,0,0,0,0,0,0,,Off,Off,Off,Off,,Off,Off,,,,,Off,Off,Off,Off,2026-09-02 08:01:33,sw-A
et-0/0/51,Up,1,0,0,0,0,0,0,37.0,Off,Off,Off,Off,6.697,Off,Off,1.054,0.23,0.786,-1.05,Off,Off,Off,Off,2026-09-02 08:01:33,sw-A
et-0/0/48,Up,1,0,0,0,0,0,0,,Off,Off,Off,Off,,Off,Off,,,,,Off,Off,Off,Off,2026-09-02 08:06:34,sw-A
et-0/0/49,Up,1,0,0,0,0,0,0,,Off,Off,Off,Off,,Off,Off,,,,,Off,Off,Off,Off,2026-09-02 08:06:34,sw-A
et-0/0/50,Up,1,0,0,0,0,0,0,,Off,Off,Off,Off,,Off,Off,,,,,Off,Off,Off,Off,2026-09-02 08:06:34,sw-A
et-0/0/51,Up,1,0,0,0,0,0,0,37.0,Off,Off,Off,Off,6.71,Off,Off,1.056,0.24,0.786,-1.05,Off,Off,Off,Off,2026-09-02 08:06:34,sw-A
et-0/0/48,Up,1,0,0,0,0,0,0,,Off,Off,Off,Off,,Off,Off,,,,,Off,Off,Off,Off,2026-09-02 08:11:36,sw-A
et-0/0/49,Up,1,0,0,0,0,0,0,,Off,Off,Off,Off,,Off,Off,,,,,Off,Off,Off,Off,2026-09-02 08:11:36,sw-A
et-0/0/50,Up,1,0,0,0,0,0,0,,Off,Off,Off,Off,,Off,Off,,,,,Off,Off,Off,Off,2026-09-02 08:11:36,sw-A
et-0/0/51,Up,1,0,0,0,0,0,0,37.0,Off,Off,Off,Off,6.685,Off,Off,1.052,0.22,0.771,-1.13,Off,Off,Off,Off,2026-09-02 08:11:36,sw-A
et-0/0/48,Up,1,0,0,0,0,0,0,,Off,Off,Off,Off,,Off,Off,,,,,Off,Off,Off,Off,2026-09-02 08:16:37,sw-A
et-0/0/49,Up,1,0,0,0,0,0,0,,Off,Off,Off,Off,,Off,Off,,,,,Off,Off,Off,Off,2026-09-02 08:16:37,sw-A
et-0/0/50,Up,1,0,0,0,0,0,0,,Off,Off,Off,Off,,Off,Off,,,,,Off,Off,Off,Off,2026-09-02 08:16:37,sw-A
et-0/0/51,Up,1,0,0,0,0,0,0,37.0,Off,Off,Off,Off,6.699,Off,Off,1.055,0.23,0.786,-1.05,Off,Off,Off,Off,2026-09-02 08:16:37,sw-A
et-0/0/48,Up,1,0,0,0,0,0,0,,Off,Off,Off,Off,,Off,Off,,,,,Off,Off,Off,Off,2026-09-02 08:21:38,sw-A
et-0/0/49,Up,1,0,0,0,0,0,0,,Off,Off,Off,Off,,Off,Off,,,,,Off,Off,Off,Off,2026-09-02 08:21:38,sw-A
et-0/0/50,Up,1,0,0,0,0,0,0,,Off,Off,Off,Off,,Off,Off,,,,,Off,Off,Off,Off,2026-09-02 08:21:38,sw-A
et-0/0/51,Up,1,0,0,0,0,0,0,37.0,Off,Off,Off,Off,6.71,Off,Off,1.056,0.24,0.801,-0.96,Off,Off,Off,Off,2026-09-02 08:21:38,sw-A
et-0/0/48,Up,1,0,0,0,0,0,0,,Off,Off,Off,Off,,Off,Off,,,,,Off,Off,Off,Off,2026-09-02 08:26:39,sw-A
et-0/0/49,Up,1,0,0,0,0,0,0,,Off,Off,Off,Off,,Off,Off,,,,,Off,Off,Off,Off,2026-09-02 08:26:39,sw-A
et-0/0/50,Up,1,0,0,0,0,0,0,,Off,Off,Off,Off,,Off,Off,,,,,Off,Off,Off,Off,2026-09-02 08:26:39,sw-A
et-0/0/51,Up,1,0,0,0,0,0,0,37.0,Off,Off,Off,Off,6.711,Off,Off,1.057,0.24,0.771,-1.13,Off,Off,Off,Off,2026-09-02 08:26:39,sw-A
et-0/0/48,Up,1,0,0,0,0,0,0,,Off,Off,Off,Off,,Off,Off,,,,,Off,Off,Off,Off,2026-09-02 08:31:41,sw-A
et-0/0/49,Up,1,0,0,0,0,0,0,,Off,Off,Off,Off,,Off,Off,,,,,Off,Off,Off,Off,2026-09-02 08:31:41,sw-A
et-0/0/50,Up,1,0,0,0,0,0,0,,Off,Off,Off,Off,,Off,Off,,,,,Off,Off,Off,Off,2026-09-02 08:31:41,sw-A
et-0/0/51,Up,1,0,0,0,0,0,0,37.0,Off,Off,Off,Off,6.711,Off,Off,1.057,0.24,0.786,-1.05,Off,Off,Off,Off,2026-09-02 08:31:41,sw-A
et-0/0/48,Up,1,0,0,0,0,0,0,,Off,Off,Off,Off,,Off,Off,,,,,Off,Off,Off,Off,2026-09-02 08:36:42,sw-A
et-0/0/49,Up,1,0,0,0,0,0,0,,Off,Off,Off,Off,,Off,Off,,,,,Off,Off,Off,Off,2026-09-02 08:36:42,sw-A
et-0/0/50,Up,1,0,0,0,0,0,0,,Off,Off,Off,Off,,Off,Off,,,,,Off,Off,Off,Off,2026-09-02 08:36:42,sw-A
et-0/0/51,Up,1,0,0,0,0,0,0,37.0,Off,Off,Off,Off,6.685,Off,Off,1.052,0.22,0.801,-0.96,Off,Off,Off,Off,2026-09-02 08:36:42,sw-A
et-0/0/48,Up,1,0,0,0,0,0,0,,Off,Off,Off,Off,,Off,Off,,,,,Off,Off,Off,Off,2026-09-02 08:41:43,sw-A
et-0/0/49,Up,1,0,0,0,0,0,0,,Off,Off,Off,Off,,Off,Off,,,,,Off,Off,Off,Off,2026-09-02 08:41:43,sw-A
et-0/0/50,Up,1,0,0,0,0,0,0,,Off,Off,Off,Off,,Off,Off,,,,,Off,Off,Off,Off,2026-09-02 08:41:43,sw-A
et-0/0/51,Up,1,0,0,0,0,0,0,37.0,Off,Off,Off,Off,6.677,Off,Off,1.051,0.22,0.786,-1.05,Off,Off,Off,Off,2026-09-02 08:41:43,sw-A
et-0/0/48,Up,1,0,0,0,0,0,0,,Off,Off,Off,Off,,Off,Off,,,,,Off,Off,Off,Off,2026-09-02 08:46:44,sw-A
et-0/0/49,Up,1,0,0,0,0,0,0,,Off,Off,Off,Off,,Off,Off,,,,,Off,Off,Off,Off,2026-09-02 08:46:44,sw-A
et-0/0/50,Up,1,0,0,0,0,0,0,,Off,Off,Off,Off,,Off,Off,,,,,Off,Off,Off,Off,2026-09-02 08:46:44,sw-A
et-0/0/51,Up,1,0,0,0,0,0,0,37.0,Off,Off,Off,Off,6.717,Off,Off,1.058,0.24,0.771,-1.13,Off,Off,Off,Off,2026-09-02 08:46:44,sw-A
et-0/0/48,Up,1,0,0,0,0,0,0,,Off,Off,Off,Off,,Off,Off,,,,,Off,Off,Off,Off,2026-09-02 08:51:46,sw-A
et-0/0/49,Up,1,0,0,0,0,0,0,,Off,Off,Off,Off,,Off,Off,,,,,Off,Off,Off,Off,2026-09-02 08:51:46,sw-A
et-0/0/50,Up,1,0,0,0,0,0,0,,Off,Off,Off,Off,,Off,Off,,,,,Off,Off,Off,Off,2026-09-02 08:51:46,sw-A
et-0/0/51,Up,1,0,0,0,0,0,0,36.0,Off,Off,Off,Off,6.705,Off,Off,1.056,0.24,0.786,-1.05,Off,Off,Off,Off,2026-09-02 08:51:46,sw-A
et-0/0/48,Up,1,0,0,0,0,0,0,,Off,Off,Off,Off,,Off,Off,,,,,Off,Off,Off,Off,2026-09-02 08:56:47,sw-A
et-0/0/49,Up,1,0,0,0,0,0,0,,Off,Off,Off,Off,,Off,Off,,,,,Off,Off,Off,Off,2026-09-02 08:56:47,sw-A
et-0/0/50,Up,1,0,0,0,0,0,0,,Off,Off,Off,Off,,Off,Off,,,,,Off,Off,Off,Off,2026-09-02 08:56:47,sw-A
et-0/0/51,Up,1,0,0,0,0,0,0,37.0,Off,Off,Off,Off,6.717,Off,Off,1.058,0.24,0.786,-1.05,Off,Off,Off,Off,2026-09-02 08:56:47,sw-A
et-0/0/48,Up,1,0,0,0,0,0,0,,Off,Off,Off,Off,,Off,Off,,,,,Off,Off,Off,Off,2026-09-02 09:01:48,sw-A
et-0/0/49,Up,1,0,0,0,0,0,0,,Off,Off,Off,Off,,Off,Off,,,,,Off,Off,Off,Off,2026-09-02 09:01:48,sw-A
et-0/0/50,Up,1,0,0,0,0,0,0,,Off,Off,Off,Off,,Off,Off,,,,,Off,Off,Off,Off,2026-09-02 09:01:48,sw-A
et-0/0/51,Up,1,0,0,0,0,0,0,37.0,Off,Off,Off,Off,6.688,Off,Off,1.053,0.22,0.786,-1.05,Off,Off,Off,Off,2026-09-02 09:01:48,sw-A
et-0/0/48,Up,1,0,0,0,0,0,0,,Off,Off,Off,Off,,Off,Off,,,,,Off,Off,Off,Off,2026-09-02 09:06:49,sw-A
et-0/0/49,Up,1,0,0,0,0,0,0,,Off,Off,Off,Off,,Off,Off,,,,,Off,Off,Off,Off,2026-09-02 09:06:49,sw-A
et-0/0/50,Up,1,0,0,0,0,0,0,,Off,Off,Off,Off,,Off,Off,,,,,Off,Off,Off,Off,2026-09-02 09:06:49,sw-A
et-0/0/51,Up,1,0,0,0,0,0,0,36.0,Off,Off,Off,Off,6.699,Off,Off,1.055,0.23,0.786,-1.05,Off,Off,Off,Off,2026-09-02 09:06:49,sw-A
et-0/0/48,Up,1,0,0,0,0,0,0,,Off,Off,Off,Off,,Off,Off,,,,,Off,Off,Off,Off,2026-09-02 09:11:51,sw-A
et-0/0/49,Up,1,0,0,0,0,0,0,,Off,Off,Off,Off,,Off,Off,,,,,Off,Off,Off,Off,2026-09-02 09:11:51,sw-A
et-0/0/50,Up,1,0,0,0,0,0,0,,Off,Off,Off,Off,,Off,Off,,,,,Off,Off,Off,Off,2026-09-02 09:11:51,sw-A
et-0/0/51,Up,1,0,0,0,0,0,0,36.0,Off,Off,Off,Off,6.719,Off,Off,1.058,0.24,0.786,-1.05,Off,Off,Off,Off,2026-09-02 09:11:51,sw-A
et-0/0/48,Up,1,0,0,0,0,0,0,,Off,Off,Off,Off,,Off,Off,,,,,Off,Off,Off,Off,2026-09-02 09:16:52,sw-A
et-0/0/49,Up,1,0,0,0,0,0,0,,Off,Off,Off,Off,,Off,Off,,,,,Off,Off,Off,Off,2026-09-02 09:16:52,sw-A
et-0/0/50,Up,1,0,0,0,0,0,0,,Off,Off,Off,Off,,Off,Off,,,,,Off,Off,Off,Off,2026-09-02 09:16:52,sw-A
et-0/0/51,Up,1,0,0,0,0,0,0,36.0,Off,Off,Off,Off,6.705,Off,Off,1.056,0.24,0.771,-1.13,Off,Off,Off,Off,2026-09-02 09:16:52,sw-A
et-0/0/48,Up,1,0,0,0,0,0,0,,Off,Off,Off,Off,,Off,Off,,,,,Off,Off,Off,Off,2026-09-02 09:21:53,sw-A
et-0/0/49,Up,1,0,0,0,0,0,0,,Off,Off,Off,Off,,Off,Off,,,,,Off,Off,Off,Off,2026-09-02 09:21:53,sw-A
et-0/0/50,Up,1,0,0,0,0,0,0,,Off,Off,Off,Off,,Off,Off,,,,,Off,Off,Off,Off,2026-09-02 09:21:53,sw-A
et-0/0/51,Up,1,0,0,0,0,0,0,36.0,Off,Off,Off,Off,6.693,Off,Off,1.055,0.23,0.771,-1.13,Off,Off,Off,Off,2026-09-02 09:21:53,sw-A
et-0/0/48,Up,1,0,0,0,0,0,0,,Off,Off,Off,Off,,Off,Off,,,,,Off,Off,Off,Off,2026-09-02 09:26:55,sw-A
et-0/0/49,Up,1,0,0,0,0,0,0,,Off,Off,Off,Off,,Off,Off,,,,,Off,Off,Off,Off,2026-09-02 09:26:55,sw-A
et-0/0/50,Up,1,0,0,0,0,0,0,,Off,Off,Off,Off,,Off,Off,,,,,Off,Off,Off,Off,2026-09-02 09:26:55,sw-A
et-0/0/51,Up,1,0,0,0,0,0,0,36.0,Off,Off,Off,Off,6.693,Off,Off,1.054,0.23,0.786,-1.05,Off,Off,Off,Off,2026-09-02 09:26:55,sw-A
et-0/0/48,Up,1,0,0,0,0,0,0,,Off,Off,Off,Off,,Off,Off,,,,,Off,Off,Off,Off,2026-09-02 09:31:56,sw-A
et-0/0/49,Up,1,0,0,0,0,0,0,,Off,Off,Off,Off,,Off,Off,,,,,Off,Off,Off,Off,2026-09-02 09:31:56,sw-A
et-0/0/50,Up,1,0,0,0,0,0,0,,Off,Off,Off,Off,,Off,Off,,,,,Off,Off,Off,Off,2026-09-02 09:31:56,sw-A
et-0/0/51,Up,1,0,0,0,0,0,0,36.0,Off,Off,Off,Off,6.699,Off,Off,1.055,0.23,0.771,-1.13,Off,Off,Off,Off,2026-09-02 09:31:56,sw-A
et-0/0/48,Up,1,0,0,0,0,0,0,,Off,Off,Off,Off,,Off,Off,,,,,Off,Off,Off,Off,2026-09-02 09:36:57,sw-A
et-0/0/49,Up,1,0,0,0,0,0,0,,Off,Off,Off,Off,,Off,Off,,,,,Off,Off,Off,Off,2026-09-02 09:36:57,sw-A
et-0/0/50,Up,1,0,0,0,0,0,0,,Off,Off,Off,Off,,Off,Off,,,,,Off,Off,Off,Off,2026-09-02 09:36:57,sw-A
et-0/0/51,Up,1,0,0,0,0,0,0,36.0,Off,Off,Off,Off,6.717,Off,Off,1.051,0.22,0.786,-1.05,Off,Off,Off,Off,2026-09-02 09:36:57,sw-A
et-0/0/48,Up,1,0,0,0,0,0,0,,Off,Off,Off,Off,,Off,Off,,,,,Off,Off,Off,Off,2026-09-02 09:41:58,sw-A
et-0/0/49,Up,1,0,0,0,0,0,0,,Off,Off,Off,Off,,Off,Off,,,,,Off,Off,Off,Off,2026-09-02 09:41:58,sw-A
et-0/0/50,Up,1,0,0,0,0,0,0,,Off,Off,Off,Off,,Off,Off,,,,,Off,Off,Off,Off,2026-09-02 09:41:58,sw-A
et-0/0/51,Up,1,0,0,0,0,0,0,36.0,Off,Off,Off,Off,6.677,Off,Off,1.051,0.22,0.786,-1.05,Off,Off,Off,Off,2026-09-02 09:41:58,sw-A
et-0/0/48,Up,1,0,0,0,0,0,0,,Off,Off,Off,Off,,Off,Off,,,,,Off,Off,Off,Off,2026-09-02 09:47:00,sw-A
et-0/0/49,Up,1,0,0,0,0,0,0,,Off,Off,Off,Off,,Off,Off,,,,,Off,Off,Off,Off,2026-09-02 09:47:00,sw-A
et-0/0/50,Up,1,0,0,0,0,0,0,,Off,Off,Off,Off,,Off,Off,,,,,Off,Off,Off,Off,2026-09-02 09:47:00,sw-A
et-0/0/51,Up,1,0,0,0,0,0,0,36.0,Off,Off,Off,Off,6.711,Off,Off,1.057,0.24,0.786,-1.05,Off,Off,Off,Off,2026-09-02 09:47:00,sw-A
et-0/0/48,Up,1,0,0,0,0,0,0,,Off,Off,Off,Off,,Off,Off,,,,,Off,Off,Off,Off,2026-09-02 09:52:01,sw-A
et-0/0/49,Up,1,0,0,0,0,0,0,,Off,Off,Off,Off,,Off,Off,,,,,Off,Off,Off,Off,2026-09-02 09:52:01,sw-A
et-0/0/50,Up,1,0,0,0,0,0,0,,Off,Off,Off,Off,,Off,Off,,,,,Off,Off,Off,Off,2026-09-02 09:52:01,sw-A
et-0/0/51,Up,1,0,0,0,0,0,0,36.0,Off,Off,Off,Off,6.711,Off,Off,1.057,0.24,0.771,-1.13,Off,Off,Off,Off,2026-09-02 09:52:01,sw-A
et-0/0/48,Up,1,0,0,0,0,0,0,,Off,Off,Off,Off,,Off,Off,,,,,Off,Off,Off,Off,2026-09-02 09:57:02,sw-A
et-0/0/49,Up,1,0,0,0,0,0,0,,Off,Off,Off,Off,,Off,Off,,,,,Off,Off,Off,Off,2026-09-02 09:57:02,sw-A
et-0/0/50,Up,1,0,0,0,0,0,0,,Off,Off,Off,Off,,Off,Off,,,,,Off,Off,Off,Off,2026-09-02 09:57:02,sw-A
et-0/0/51,Up,1,0,0,0,0,0,0,36.0,Off,Off,Off,Off,6.688,Off,Off,1.053,0.22,0.771,-1.13,Off,Off,Off,Off,2026-09-02 09:57:02,sw-A
et-0/0/48,Up,1,0,0,0,0,0,0,,Off,Off,Off,Off,,Off,Off,,,,,Off,Off,Off,Off,2026-09-02 10:02:03,sw-A
et-0/0/49,Up,1,0,0,0,0,0,0,,Off,Off,Off,Off,,Off,Off,,,,,Off,Off,Off,Off,2026-09-02 10:02:03,sw-A
et-0/0/50,Up,1,0,0,0,0,0,0,,Off,Off,Off,Off,,Off,Off,,,,,Off,Off,Off,Off,2026-09-02 10:02:03,sw-A
et-0/0/51,Up,1,0,0,0,0,0,0,36.0,Off,Off,Off,Off,6.717,Off,Off,1.058,0.24,0.786,-1.05,Off,Off,Off,Off,2026-09-02 10:02:03,sw-A
et-0/0/48,Up,1,0,0,0,0,0,0,,Off,Off,Off,Off,,Off,Off,,,,,Off,Off,Off,Off,2026-09-02 10:07:05,sw-A
et-0/0/49,Up,1,0,0,0,0,0,0,,Off,Off,Off,Off,,Off,Off,,,,,Off,Off,Off,Off,2026-09-02 10:07:05,sw-A
et-0/0/50,Up,1,0,0,0,0,0,0,,Off,Off,Off,Off,,Off,Off,,,,,Off,Off,Off,Off,2026-09-02 10:07:05,sw-A
et-0/0/51,Up,1,0,0,0,0,0,0,36.0,Off,Off,Off,Off,6.699,Off,Off,1.055,0.23,0.786,-1.05,Off,Off,Off,Off,2026-09-02 10:07:05,sw-A
et-0/0/48,Up,1,0,0,0,0,0,0,,Off,Off,Off,Off,,Off,Off,,,,,Off,Off,Off,Off,2026-09-02 10:12:06,sw-A
et-0/0/49,Up,1,0,0,0,0,0,0,,Off,Off,Off,Off,,Off,Off,,,,,Off,Off,Off,Off,2026-09-02 10:12:06,sw-A
et-0/0/50,Up,1,0,0,0,0,0,0,,Off,Off,Off,Off,,Off,Off,,,,,Off,Off,Off,Off,2026-09-02 10:12:06,sw-A
et-0/0/51,Up,1,0,0,0,0,0,0,36.0,Off,Off,Off,Off,6.699,Off,Off,1.055,0.23,0.786,-1.05,Off,Off,Off,Off,2026-09-02 10:12:06,sw-A
et-0/0/48,Up,1,0,0,0,0,0,0,,Off,Off,Off,Off,,Off,Off,,,,,Off,Off,Off,Off,2026-09-02 10:17:08,sw-A
et-0/0/49,Up,1,0,0,0,0,0,0,,Off,Off,Off,Off,,Off,Off,,,,,Off,Off,Off,Off,2026-09-02 10:17:08,sw-A
et-0/0/50,Up,1,0,0,0,0,0,0,,Off,Off,Off,Off,,Off,Off,,,,,Off,Off,Off,Off,2026-09-02 10:17:08,sw-A
et-0/0/51,Up,1,0,0,0,0,0,0,36.0,Off,Off,Off,Off,6.699,Off,Off,1.055,0.23,0.786,-1.05,Off,Off,Off,Off,2026-09-02 10:17:08,sw-A
et-0/0/48,Up,1,0,0,0,0,0,0,,Off,Off,Off,Off,,Off,Off,,,,,Off,Off,Off,Off,2026-09-02 10:22:09,sw-A
et-0/0/49,Up,1,0,0,0,0,0,0,,Off,Off,Off,Off,,Off,Off,,,,,Off,Off,Off,Off,2026-09-02 10:22:09,sw-A
et-0/0/50,Up,1,0,0,0,0,0,0,,Off,Off,Off,Off,,Off,Off,,,,,Off,Off,Off,Off,2026-09-02 10:22:09,sw-A
et-0/0/51,Up,1,0,0,0,0,0,0,36.0,Off,Off,Off,Off,6.705,Off,Off,1.056,0.24,0.786,-1.05,Off,Off,Off,Off,2026-09-02 10:22:09,sw-A
et-0/0/48,Up,1,0,0,0,0,0,0,,Off,Off,Off,Off,,Off,Off,,,,,Off,Off,Off,Off,2026-09-02 10:27:10,sw-A
et-0/0/49,Up,1,0,0,0,0,0,0,,Off,Off,Off,Off,,Off,Off,,,,,Off,Off,Off,Off,2026-09-02 10:27:10,sw-A
et-0/0/50,Up,1,0,0,0,0,0,0,,Off,Off,Off,Off,,Off,Off,,,,,Off,Off,Off,Off,2026-09-02 10:27:10,sw-A
et-0/0/51,Up,1,0,0,0,0,0,0,36.0,Off,Off,Off,Off,6.699,Off,Off,1.055,0.23,0.771,-1.13,Off,Off,Off,Off,2026-09-02 10:27:10,sw-A
et-0/0/48,Up,1,0,0,0,0,0,0,,Off,Off,Off,Off,,Off,Off,,,,,Off,Off,Off,Off,2026-09-02 10:32:11,sw-A
et-0/0/49,Up,1,0,0,0,0,0,0,,Off,Off,Off,Off,,Off,Off,,,,,Off,Off,Off,Off,2026-09-02 10:32:11,sw-A
et-0/0/50,Up,1,0,0,0,0,0,0,,Off,Off,Off,Off,,Off,Off,,,,,Off,Off,Off,Off,2026-09-02 10:32:11,sw-A
et-0/0/51,Up,1,0,0,0,0,0,0,36.0,Off,Off,Off,Off,6.697,Off,Off,1.054,0.23,0.771,-1.13,Off,Off,Off,Off,2026-09-02 10:32:11,sw-A
et-0/0/48,Up,1,0,0,0,0,0,0,,Off,Off,Off,Off,,Off,Off,,,,,Off,Off,Off,Off,2026-09-02 10:37:12,sw-A
et-0/0/49,Up,1,0,0,0,0,0,0,,Off,Off,Off,Off,,Off,Off,,,,,Off,Off,Off,Off,2026-09-02 10:37:12,sw-A
et-0/0/50,Up,1,0,0,0,0,0,0,,Off,Off,Off,Off,,Off,Off,,,,,Off,Off,Off,Off,2026-09-02 10:37:12,sw-A
et-0/0/51,Up,1,0,0,0,0,0,0,36.0,Off,Off,Off,Off,6.679,Off,Off,1.052,0.22,0.771,-1.13,Off,Off,Off,Off,2026-09-02 10:37:12,sw-A
et-0/0/48,Up,1,0,0,0,0,0,0,,Off,Off,Off,Off,,Off,Off,,,,,Off,Off,Off,Off,2026-09-02 10:42:14,sw-A
et-0/0/49,Up,1,0,0,0,0,0,0,,Off,Off,Off,Off,,Off,Off,,,,,Off,Off,Off,Off,2026-09-02 10:42:14,sw-A
et-0/0/50,Up,1,0,0,0,0,0,0,,Off,Off,Off,Off,,Off,Off,,,,,Off,Off,Off,Off,2026-09-02 10:42:14,sw-A
et-0/0/51,Up,1,0,0,0,0,0,0,36.0,Off,Off,Off,Off,6.705,Off,Off,1.052,0.22,0.771,-1.13,Off,Off,Off,Off,2026-09-02 10:42:14,sw-A
et-0/0/48,Up,1,0,0,0,0,0,0,,Off,Off,Off,Off,,Off,Off,,,,,Off,Off,Off,Off,2026-09-02 10:47:15,sw-A
et-0/0/49,Up,1,0,0,0,0,0,0,,Off,Off,Off,Off,,Off,Off,,,,,Off,Off,Off,Off,2026-09-02 10:47:15,sw-A
et-0/0/50,Up,1,0,0,0,0,0,0,,Off,Off,Off,Off,,Off,Off,,,,,Off,Off,Off,Off,2026-09-02 10:47:15,sw-A
et-0/0/51,Up,1,0,0,0,0,0,0,36.0,Off,Off,Off,Off,6.699,Off,Off,1.055,0.23,0.801,-0.96,Off,Off,Off,Off,2026-09-02 10:47:15,sw-A
et-0/0/48,Up,1,0,0,0,0,0,0,,Off,Off,Off,Off,,Off,Off,,,,,Off,Off,Off,Off,2026-09-02 10:52:16,sw-A
et-0/0/49,Up,1,0,0,0,0,0,0,,Off,Off,Off,Off,,Off,Off,,,,,Off,Off,Off,Off,2026-09-02 10:52:16,sw-A
et-0/0/50,Up,1,0,0,0,0,0,0,,Off,Off,Off,Off,,Off,Off,,,,,Off,Off,Off,Off,2026-09-02 10:52:16,sw-A
et-0/0/51,Up,1,0,0,0,0,0,0,37.0,Off,Off,Off,Off,6.719,Off,Off,1.052,0.22,0.786,-1.05,Off,Off,Off,Off,2026-09-02 10:52:16,sw-A
et-0/0/48,Up,1,0,0,0,0,0,0,,Off,Off,Off,Off,,Off,Off,,,,,Off,Off,Off,Off,2026-09-02 10:57:18,sw-A
et-0/0/49,Up,1,0,0,0,0,0,0,,Off,Off,Off,Off,,Off,Off,,,,,Off,Off,Off,Off,2026-09-02 10:57:18,sw-A
et-0/0/50,Up,1,0,0,0,0,0,0,,Off,Off,Off,Off,,Off,Off,,,,,Off,Off,Off,Off,2026-09-02 10:57:18,sw-A
et-0/0/51,Up,1,0,0,0,0,0,0,37.0,Off,Off,Off,Off,6.693,Off,Off,1.054,0.23,0.801,-0.96,Off,Off,Off,Off,2026-09-02 10:57:18,sw-A
et-0/0/48,Up,1,0,0,0,0,0,0,,Off,Off,Off,Off,,Off,Off,,,,,Off,Off,Off,Off,2026-09-02 11:02:19,sw-A
et-0/0/49,Up,1,0,0,0,0,0,0,,Off,Off,Off,Off,,Off,Off,,,,,Off,Off,Off,Off,2026-09-02 11:02:19,sw-A
et-0/0/50,Up,1,0,0,0,0,0,0,,Off,Off,Off,Off,,Off,Off,,,,,Off,Off,Off,Off,2026-09-02 11:02:19,sw-A
et-0/0/51,Up,1,0,0,0,0,0,0,37.0,Off,Off,Off,Off,6.717,Off,Off,1.058,0.24,0.786,-1.05,Off,Off,Off,Off,2026-09-02 11:02:19,sw-A
et-0/0/48,Up,1,0,0,0,0,0,0,,Off,Off,Off,Off,,Off,Off,,,,,Off,Off,Off,Off,2026-09-02 11:07:20,sw-A
et-0/0/49,Up,1,0,0,0,0,0,0,,Off,Off,Off,Off,,Off,Off,,,,,Off,Off,Off,Off,2026-09-02 11:07:20,sw-A
et-0/0/50,Up,1,0,0,0,0,0,0,,Off,Off,Off,Off,,Off,Off,,,,,Off,Off,Off,Off,2026-09-02 11:07:20,sw-A
et-0/0/51,Up,1,0,0,0,0,0,0,37.0,Off,Off,Off,Off,6.699,Off,Off,1.055,0.23,0.801,-0.96,Off,Off,Off,Off,2026-09-02 11:07:20,sw-A
et-0/0/48,Up,1,0,0,0,0,0,0,,Off,Off,Off,Off,,Off,Off,,,,,Off,Off,Off,Off,2026-09-02 11:12:21,sw-A
et-0/0/49,Up,1,0,0,0,0,0,0,,Off,Off,Off,Off,,Off,Off,,,,,Off,Off,Off,Off,2026-09-02 11:12:21,sw-A
et-0/0/50,Up,1,0,0,0,0,0,0,,Off,Off,Off,Off,,Off,Off,,,,,Off,Off,Off,Off,2026-09-02 11:12:21,sw-A
et-0/0/51,Up,1,0,0,0,0,0,0,37.0,Off,Off,Off,Off,6.685,Off,Off,1.052,0.22,0.771,-1.13,Off,Off,Off,Off,2026-09-02 11:12:21,sw-A
et-0/0/48,Up,1,0,0,0,0,0,0,,Off,Off,Off,Off,,Off,Off,,,,,Off,Off,Off,Off,2026-09-02 11:17:23,sw-A
et-0/0/49,Up,1,0,0,0,0,0,0,,Off,Off,Off,Off,,Off,Off,,,,,Off,Off,Off,Off,2026-09-02 11:17:23,sw-A
et-0/0/50,Up,1,0,0,0,0,0,0,,Off,Off,Off,Off,,Off,Off,,,,,Off,Off,Off,Off,2026-09-02 11:17:23,sw-A
et-0/0/51,Up,1,0,0,0,0,0,0,37.0,Off,Off,Off,Off,6.705,Off,Off,1.056,0.24,0.786,-1.05,Off,Off,Off,Off,2026-09-02 11:17:23,sw-A
et-0/0/48,Up,1,0,0,0,0,0,0,,Off,Off,Off,Off,,Off,Off,,,,,Off,Off,Off,Off,2026-09-02 11:22:24,sw-A
et-0/0/49,Up,1,0,0,0,0,0,0,,Off,Off,Off,Off,,Off,Off,,,,,Off,Off,Off,Off,2026-09-02 11:22:24,sw-A
et-0/0/50,Up,1,0,0,0,0,0,0,,Off,Off,Off,Off,,Off,Off,,,,,Off,Off,Off,Off,2026-09-02 11:22:24,sw-A
et-0/0/51,Up,1,0,0,0,0,0,0,37.0,Off,Off,Off,Off,6.688,Off,Off,1.053,0.22,0.786,-1.05,Off,Off,Off,Off,2026-09-02 11:22:24,sw-A
et-0/0/48,Up,1,0,0,0,0,0,0,,Off,Off,Off,Off,,Off,Off,,,,,Off,Off,Off,Off,2026-09-02 11:27:25,sw-A
et-0/0/49,Up,1,0,0,0,0,0,0,,Off,Off,Off,Off,,Off,Off,,,,,Off,Off,Off,Off,2026-09-02 11:27:25,sw-A
et-0/0/50,Up,1,0,0,0,0,0,0,,Off,Off,Off,Off,,Off,Off,,,,,Off,Off,Off,Off,2026-09-02 11:27:25,sw-A
et-0/0/51,Up,1,0,0,0,0,0,0,37.0,Off,Off,Off,Off,6.705,Off,Off,1.056,0.24,0.801,-0.96,Off,Off,Off,Off,2026-09-02 11:27:25,sw-A
et-0/0/48,Up,1,0,0,0,0,0,0,,Off,Off,Off,Off,,Off,Off,,,,,Off,Off,Off,Off,2026-09-02 11:32:26,sw-A
et-0/0/49,Up,1,0,0,0,0,0,0,,Off,Off,Off,Off,,Off,Off,,,,,Off,Off,Off,Off,2026-09-02 11:32:26,sw-A
et-0/0/50,Up,1,0,0,0,0,0,0,,Off,Off,Off,Off,,Off,Off,,,,,Off,Off,Off,Off,2026-09-02 11:32:26,sw-A
et-0/0/51,Up,1,0,0,0,0,0,0,37.0,Off,Off,Off,Off,6.711,Off,Off,1.057,0.24,0.786,-1.05,Off,Off,Off,Off,2026-09-02 11:32:26,sw-A
et-0/0/48,Up,1,0,0,0,0,0,0,,Off,Off,Off,Off,,Off,Off,,,,,Off,Off,Off,Off,2026-09-02 11:37:28,sw-A
et-0/0/49,Up,1,0,0,0,0,0,0,,Off,Off,Off,Off,,Off,Off,,,,,Off,Off,Off,Off,2026-09-02 11:37:28,sw-A
et-0/0/50,Up,1,0,0,0,0,0,0,,Off,Off,Off,Off,,Off,Off,,,,,Off,Off,Off,Off,2026-09-02 11:37:28,sw-A
et-0/0/51,Up,1,0,0,0,0,0,0,37.0,Off,Off,Off,Off,6.693,Off,Off,1.054,0.23,0.817,-0.88,Off,Off,Off,Off,2026-09-02 11:37:28,sw-A
et-0/0/48,Up,1,0,0,0,0,0,0,,Off,Off,Off,Off,,Off,Off,,,,,Off,Off,Off,Off,2026-09-02 11:42:29,sw-A
et-0/0/49,Up,1,0,0,0,0,0,0,,Off,Off,Off,Off,,Off,Off,,,,,Off,Off,Off,Off,2026-09-02 11:42:29,sw-A
et-0/0/50,Up,1,0,0,0,0,0,0,,Off,Off,Off,Off,,Off,Off,,,,,Off,Off,Off,Off,2026-09-02 11:42:29,sw-A
et-0/0/51,Up,1,0,0,0,0,0,0,37.0,Off,Off,Off,Off,6.699,Off,Off,1.055,0.23,0.786,-1.05,Off,Off,Off,Off,2026-09-02 11:42:29,sw-A
et-0/0/48,Up,1,0,0,0,0,0,0,,Off,Off,Off,Off,,Off,Off,,,,,Off,Off,Off,Off,2026-09-02 11:47:30,sw-A
et-0/0/49,Up,1,0,0,0,0,0,0,,Off,Off,Off,Off,,Off,Off,,,,,Off,Off,Off,Off,2026-09-02 11:47:30,sw-A
et-0/0/50,Up,1,0,0,0,0,0,0,,Off,Off,Off,Off,,Off,Off,,,,,Off,Off,Off,Off,2026-09-02 11:47:30,sw-A
et-0/0/51,Up,1,0,0,0,0,0,0,37.0,Off,Off,Off,Off,6.703,Off,Off,1.055,0.23,0.801,-0.96,Off,Off,Off,Off,2026-09-02 11:47:30,sw-A
et-0/0/48,Up,1,0,0,0,0,0,0,,Off,Off,Off,Off,,Off,Off,,,,,Off,Off,Off,Off,2026-09-02 11:52:31,sw-A
et-0/0/49,Up,1,0,0,0,0,0,0,,Off,Off,Off,Off,,Off,Off,,,,,Off,Off,Off,Off,2026-09-02 11:52:31,sw-A
et-0/0/50,Up,1,0,0,0,0,0,0,,Off,Off,Off,Off,,Off,Off,,,,,Off,Off,Off,Off,2026-09-02 11:52:31,sw-A
et-0/0/51,Up,1,0,0,0,0,0,0,37.0,Off,Off,Off,Off,6.71,Off,Off,1.056,0.24,0.786,-1.05,Off,Off,Off,Off,2026-09-02 11:52:31,sw-A
et-0/0/48,Up,1,0,0,0,0,0,0,,Off,Off,Off,Off,,Off,Off,,,,,Off,Off,Off,Off,2026-09-02 11:57:33,sw-A
et-0/0/49,Up,1,0,0,0,0,0,0,,Off,Off,Off,Off,,Off,Off,,,,,Off,Off,Off,Off,2026-09-02 11:57:33,sw-A
et-0/0/50,Up,1,0,0,0,0,0,0,,Off,Off,Off,Off,,Off,Off,,,,,Off,Off,Off,Off,2026-09-02 11:57:33,sw-A
et-0/0/51,Up,1,0,0,0,0,0,0,37.0,Off,Off,Off,Off,6.693,Off,Off,1.054,0.23,0.786,-1.05,Off,Off,Off,Off,2026-09-02 11:57:33,sw-A
et-0/0/48,Up,1,0,0,0,0,0,0,,Off,Off,Off,Off,,Off,Off,,,,,Off,Off,Off,Off,2026-09-02 12:02:34,sw-A
et-0/0/49,Up,1,0,0,0,0,0,0,,Off,Off,Off,Off,,Off,Off,,,,,Off,Off,Off,Off,2026-09-02 12:02:34,sw-A
et-0/0/50,Up,1,0,0,0,0,0,0,,Off,Off,Off,Off,,Off,Off,,,,,Off,Off,Off,Off,2026-09-02 12:02:34,sw-A
et-0/0/51,Up,1,0,0,0,0,0,0,37.0,Off,Off,Off,Off,6.705,Off,Off,1.056,0.24,0.786,-1.05,Off,Off,Off,Off,2026-09-02 12:02:34,sw-A
et-0/0/48,Up,1,0,0,0,0,0,0,,Off,Off,Off,Off,,Off,Off,,,,,Off,Off,Off,Off,2026-09-02 12:07:35,sw-A
et-0/0/49,Up,1,0,0,0,0,0,0,,Off,Off,Off,Off,,Off,Off,,,,,Off,Off,Off,Off,2026-09-02 12:07:35,sw-A
et-0/0/50,Up,1,0,0,0,0,0,0,,Off,Off,Off,Off,,Off,Off,,,,,Off,Off,Off,Off,2026-09-02 12:07:35,sw-A
et-0/0/51,Up,1,0,0,0,0,0,0,37.0,Off,Off,Off,Off,6.717,Off,Off,1.058,0.24,0.801,-0.96,Off,Off,Off,Off,2026-09-02 12:07:35,sw-A
et-0/0/48,Up,1,0,0,0,0,0,0,,Off,Off,Off,Off,,Off,Off,,,,,Off,Off,Off,Off,2026-09-02 12:12:36,sw-A
et-0/0/49,Up,1,0,0,0,0,0,0,,Off,Off,Off,Off,,Off,Off,,,,,Off,Off,Off,Off,2026-09-02 12:12:36,sw-A
et-0/0/50,Up,1,0,0,0,0,0,0,,Off,Off,Off,Off,,Off,Off,,,,,Off,Off,Off,Off,2026-09-02 12:12:36,sw-A
et-0/0/51,Up,1,0,0,0,0,0,0,37.0,Off,Off,Off,Off,6.711,Off,Off,1.057,0.24,0.801,-0.96,Off,Off,Off,Off,2026-09-02 12:12:36,sw-A
et-0/0/48,Up,1,0,0,0,0,0,0,,Off,Off,Off,Off,,Off,Off,,,,,Off,Off,Off,Off,2026-09-02 12:17:38,sw-A
et-0/0/49,Up,1,0,0,0,0,0,0,,Off,Off,Off,Off,,Off,Off,,,,,Off,Off,Off,Off,2026-09-02 12:17:38,sw-A
et-0/0/50,Up,1,0,0,0,0,0,0,,Off,Off,Off,Off,,Off,Off,,,,,Off,Off,Off,Off,2026-09-02 12:17:38,sw-A
et-0/0/51,Up,1,0,0,0,0,0,0,37.0,Off,Off,Off,Off,6.691,Off,Off,1.053,0.23,0.801,-0.96,Off,Off,Off,Off,2026-09-02 12:17:38,sw-A
et-0/0/48,Up,1,0,0,0,0,0,0,,Off,Off,Off,Off,,Off,Off,,,,,Off,Off,Off,Off,2026-09-02 12:22:39,sw-A
et-0/0/49,Up,1,0,0,0,0,0,0,,Off,Off,Off,Off,,Off,Off,,,,,Off,Off,Off,Off,2026-09-02 12:22:39,sw-A
et-0/0/50,Up,1,0,0,0,0,0,0,,Off,Off,Off,Off,,Off,Off,,,,,Off,Off,Off,Off,2026-09-02 12:22:39,sw-A
et-0/0/51,Up,1,0,0,0,0,0,0,37.0,Off,Off,Off,Off,6.699,Off,Off,1.055,0.23,0.801,-0.96,Off,Off,Off,Off,2026-09-02 12:22:39,sw-A
et-0/0/48,Up,1,0,0,0,0,0,0,,Off,Off,Off,Off,,Off,Off,,,,,Off,Off,Off,Off,2026-09-02 12:27:40,sw-A
et-0/0/49,Up,1,0,0,0,0,0,0,,Off,Off,Off,Off,,Off,Off,,,,,Off,Off,Off,Off,2026-09-02 12:27:40,sw-A
et-0/0/50,Up,1,0,0,0,0,0,0,,Off,Off,Off,Off,,Off,Off,,,,,Off,Off,Off,Off,2026-09-02 12:27:40,sw-A
et-0/0/51,Up,1,0,0,0,0,0,0,37.0,Off,Off,Off,Off,6.699,Off,Off,1.055,0.23,0.801,-0.96,Off,Off,Off,Off,2026-09-02 12:27:40,sw-A
et-0/0/48,Up,1,0,0,0,0,0,0,,Off,Off,Off,Off,,Off,Off,,,,,Off,Off,Off,Off,2026-09-02 12:32:42,sw-A
et-0/0/49,Up,1,0,0,0,0,0,0,,Off,Off,Off,Off,,Off,Off,,,,,Off,Off,Off,Off,2026-09-02 12:32:42,sw-A
et-0/0/50,Up,1,0,0,0,0,0,0,,Off,Off,Off,Off,,Off,Off,,,,,Off,Off,Off,Off,2026-09-02 12:32:42,sw-A
et-0/0/51,Up,1,0,0,0,0,0,0,37.0,Off,Off,Off,Off,6.685,Off,Off,1.052,0.22,0.786,-1.05,Off,Off,Off,Off,2026-09-02 12:32:42,sw-A
et-0/0/48,Down,4,0,0,0,579,0,0,,Off,Off,Off,Off,,Off,Off,,,,,Off,Off,Off,Off,2026-09-02 12:37:43,sw-A
et-0/0/49,Up,3,0,0,0,18384,0,0,,Off,Off,Off,Off,,Off,Off,,,,,Off,Off,Off,Off,2026-09-02 12:37:43,sw-A
et-0/0/50,Up,3,0,0,0,0,0,0,,Off,Off,Off,Off,,Off,Off,,,,,Off,Off,Off,Off,2026-09-02 12:37:43,sw-A
et-0/0/51,Up,1,0,0,0,0,0,0,32.0,Off,Off,Off,Off,6.677,Off,Off,1.051,0.22,0.801,-0.96,Off,On,Off,On,2026-09-02 12:37:43,sw-A
et-0/0/48,Up,1,0,0,0,44230,552,0,,Off,Off,Off,Off,,Off,Off,,,,,Off,Off,Off,Off,2026-09-02 12:42:44,sw-A
et-0/0/49,Up,3,0,0,0,432290,0,0,,Off,Off,Off,Off,,Off,Off,,,,,Off,Off,Off,Off,2026-09-02 12:42:44,sw-A
et-0/0/50,Up,1,0,0,0,4630245,75481,0,25.0,Off,Off,Off,Off,6.499,Off,Off,1.456,1.63,0.869,-0.61,Off,Off,Off,Off,2026-09-02 12:42:44,sw-A
et-0/0/48,Up,1,0,0,0,217,0,0,,Off,Off,Off,Off,,Off,Off,,,,,Off,Off,Off,Off,2026-09-01 16:26:42,sw-B
et-0/0/49,Up,1,0,0,0,0,0,0,,Off,Off,Off,Off,,Off,Off,,,,,Off,Off,Off,Off,2026-09-01 16:26:42,sw-B
et-0/0/50,Up,1,0,0,0,0,0,0,,Off,Off,Off,Off,,Off,Off,,,,,Off,Off,Off,Off,2026-09-01 16:26:42,sw-B
et-0/0/51,Up,1,0,0,0,0,0,0,39.0,Off,Off,Off,Off,7.464,Off,Off,0.938,-0.28,0.695,-1.58,Off,Off,Off,Off,2026-09-01 16:26:42,sw-B
et-0/0/48,Up,1,0,0,0,217,0,0,,Off,Off,Off,Off,,Off,Off,,,,,Off,Off,Off,Off,2026-09-01 16:31:44,sw-B
et-0/0/49,Up,1,0,0,0,0,0,0,,Off,Off,Off,Off,,Off,Off,,,,,Off,Off,Off,Off,2026-09-01 16:31:44,sw-B
et-0/0/50,Up,1,0,0,0,0,0,0,,Off,Off,Off,Off,,Off,Off,,,,,Off,Off,Off,Off,2026-09-01 16:31:44,sw-B
et-0/0/51,Up,1,0,0,0,0,0,0,38.0,Off,Off,Off,Off,7.539,Off,Off,0.894,-0.49,0.696,-1.58,Off,Off,Off,Off,2026-09-01 16:31:44,sw-B
et-0/0/48,Up,1,0,0,0,217,0,0,,Off,Off,Off,Off,,Off,Off,,,,,Off,Off,Off,Off,2026-09-01 16:36:45,sw-B
et-0/0/49,Up,1,0,0,0,0,0,0,,Off,Off,Off,Off,,Off,Off,,,,,Off,Off,Off,Off,2026-09-01 16:36:45,sw-B
et-0/0/50,Up,1,0,0,0,0,0,0,,Off,Off,Off,Off,,Off,Off,,,,,Off,Off,Off,Off,2026-09-01 16:36:45,sw-B
et-0/0/51,Up,1,0,0,0,0,0,0,38.0,Off,Off,Off,Off,7.504,Off,Off,0.94,-0.27,0.695,-1.58,Off,Off,Off,Off,2026-09-01 16:36:45,sw-B
et-0/0/48,Up,1,0,0,0,222,0,0,,Off,Off,Off,Off,,Off,Off,,,,,Off,Off,Off,Off,2026-09-01 16:41:47,sw-B
et-0/0/49,Up,1,0,0,0,0,0,0,,Off,Off,Off,Off,,Off,Off,,,,,Off,Off,Off,Off,2026-09-01 16:41:47,sw-B
et-0/0/50,Up,1,0,0,0,0,0,0,,Off,Off,Off,Off,,Off,Off,,,,,Off,Off,Off,Off,2026-09-01 16:41:47,sw-B
et-0/0/51,Up,1,0,0,0,0,0,0,38.0,Off,Off,Off,Off,7.546,Off,Off,0.896,-0.48,0.696,-1.58,Off,Off,Off,Off,2026-09-01 16:41:47,sw-B
et-0/0/48,Up,1,0,0,0,224,0,0,,Off,Off,Off,Off,,Off,Off,,,,,Off,Off,Off,Off,2026-09-01 16:46:48,sw-B
et-0/0/49,Up,1,0,0,0,0,0,0,,Off,Off,Off,Off,,Off,Off,,,,,Off,Off,Off,Off,2026-09-01 16:46:48,sw-B
et-0/0/50,Up,1,0,0,0,0,0,0,,Off,Off,Off,Off,,Off,Off,,,,,Off,Off,Off,Off,2026-09-01 16:46:48,sw-B
et-0/0/51,Up,1,0,0,0,0,0,0,38.0,Off,Off,Off,Off,7.499,Off,Off,0.892,-0.5,0.698,-1.56,Off,Off,Off,Off,2026-09-01 16:46:48,sw-B
et-0/0/48,Up,1,0,0,0,239,0,0,,Off,Off,Off,Off,,Off,Off,,,,,Off,Off,Off,Off,2026-09-01 16:51:49,sw-B
et-0/0/49,Up,1,0,0,0,0,0,0,,Off,Off,Off,Off,,Off,Off,,,,,Off,Off,Off,Off,2026-09-01 16:51:49,sw-B
et-0/0/50,Up,1,0,0,0,0,0,0,,Off,Off,Off,Off,,Off,Off,,,,,Off,Off,Off,Off,2026-09-01 16:51:49,sw-B
et-0/0/51,Up,1,0,0,0,0,0,0,39.0,Off,Off,Off,Off,7.48,Off,Off,0.897,-0.47,0.699,-1.55,Off,Off,Off,Off,2026-09-01 16:51:49,sw-B
et-0/0/48,Up,1,0,0,0,264,0,0,,Off,Off,Off,Off,,Off,Off,,,,,Off,Off,Off,Off,2026-09-01 16:56:50,sw-B
et-0/0/49,Up,1,0,0,0,0,0,0,,Off,Off,Off,Off,,Off,Off,,,,,Off,Off,Off,Off,2026-09-01 16:56:50,sw-B
et-0/0/50,Up,1,0,0,0,0,0,0,,Off,Off,Off,Off,,Off,Off,,,,,Off,Off,Off,Off,2026-09-01 16:56:50,sw-B
et-0/0/51,Up,1,0,0,0,0,0,0,38.0,Off,Off,Off,Off,7.469,Off,Off,0.891,-0.5,0.699,-1.55,Off,Off,Off,Off,2026-09-01 16:56:50,sw-B
et-0/0/48,Up,1,0,0,0,270,0,0,,Off,Off,Off,Off,,Off,Off,,,,,Off,Off,Off,Off,2026-09-01 17:01:52,sw-B
et-0/0/49,Up,1,0,0,0,0,0,0,,Off,Off,Off,Off,,Off,Off,,,,,Off,Off,Off,Off,2026-09-01 17:01:52,sw-B
et-0/0/50,Up,1,0,0,0,0,0,0,,Off,Off,Off,Off,,Off,Off,,,,,Off,Off,Off,Off,2026-09-01 17:01:52,sw-B
et-0/0/51,Up,1,0,0,0,0,0,0,37.0,Off,Off,Off,Off,7.489,Off,Off,0.894,-0.49,0.699,-1.56,Off,Off,Off,Off,2026-09-01 17:01:52,sw-B
et-0/0/48,Up,1,0,0,0,272,0,0,,Off,Off,Off,Off,,Off,Off,,,,,Off,Off,Off,Off,2026-09-01 17:06:53,sw-B
et-0/0/49,Up,1,0,0,0,0,0,0,,Off,Off,Off,Off,,Off,Off,,,,,Off,Off,Off,Off,2026-09-01 17:06:53,sw-B
et-0/0/50,Up,1,0,0,0,0,0,0,,Off,Off,Off,Off,,Off,Off,,,,,Off,Off,Off,Off,2026-09-01 17:06:53,sw-B
et-0/0/51,Up,1,0,0,0,0,0,0,38.0,Off,Off,Off,Off,7.464,Off,Off,0.921,-0.36,0.7,-1.55,Off,Off,Off,Off,2026-09-01 17:06:53,sw-B
et-0/0/48,Up,1,0,0,0,272,0,0,,Off,Off,Off,Off,,Off,Off,,,,,Off,Off,Off,Off,2026-09-01 17:11:54,sw-B
et-0/0/49,Up,1,0,0,0,0,0,0,,Off,Off,Off,Off,,Off,Off,,,,,Off,Off,Off,Off,2026-09-01 17:11:54,sw-B
et-0/0/50,Up,1,0,0,0,0,0,0,,Off,Off,Off,Off,,Off,Off,,,,,Off,Off,Off,Off,2026-09-01 17:11:54,sw-B
et-0/0/51,Up,1,0,0,0,0,0,0,38.0,Off,Off,Off,Off,7.519,Off,Off,0.891,-0.5,0.703,-1.53,Off,Off,Off,Off,2026-09-01 17:11:54,sw-B
et-0/0/48,Up,1,0,0,0,272,0,0,,Off,Off,Off,Off,,Off,Off,,,,,Off,Off,Off,Off,2026-09-01 17:16:56,sw-B
et-0/0/49,Up,1,0,0,0,0,0,0,,Off,Off,Off,Off,,Off,Off,,,,,Off,Off,Off,Off,2026-09-01 17:16:56,sw-B
et-0/0/50,Up,1,0,0,0,0,0,0,,Off,Off,Off,Off,,Off,Off,,,,,Off,Off,Off,Off,2026-09-01 17:16:56,sw-B
et-0/0/51,Up,1,0,0,0,0,0,0,38.0,Off,Off,Off,Off,7.572,Off,Off,0.898,-0.47,0.705,-1.52,Off,Off,Off,Off,2026-09-01 17:16:56,sw-B
et-0/0/48,Up,1,0,0,0,272,0,0,,Off,Off,Off,Off,,Off,Off,,,,,Off,Off,Off,Off,2026-09-01 17:21:57,sw-B
et-0/0/49,Up,1,0,0,0,0,0,0,,Off,Off,Off,Off,,Off,Off,,,,,Off,Off,Off,Off,2026-09-01 17:21:57,sw-B
et-0/0/50,Up,1,0,0,0,0,0,0,,Off,Off,Off,Off,,Off,Off,,,,,Off,Off,Off,Off,2026-09-01 17:21:57,sw-B
et-0/0/51,Up,1,0,0,0,0,0,0,38.0,Off,Off,Off,Off,7.576,Off,Off,0.91,-0.41,0.702,-1.53,Off,Off,Off,Off,2026-09-01 17:21:57,sw-B
et-0/0/48,Up,1,0,0,0,272,0,0,,Off,Off,Off,Off,,Off,Off,,,,,Off,Off,Off,Off,2026-09-01 17:26:58,sw-B
et-0/0/49,Up,1,0,0,0,0,0,0,,Off,Off,Off,Off,,Off,Off,,,,,Off,Off,Off,Off,2026-09-01 17:26:58,sw-B
et-0/0/50,Up,1,0,0,0,0,0,0,,Off,Off,Off,Off,,Off,Off,,,,,Off,Off,Off,Off,2026-09-01 17:26:58,sw-B
et-0/0/51,Up,1,0,0,0,0,0,0,38.0,Off,Off,Off,Off,7.526,Off,Off,0.908,-0.42,0.704,-1.52,Off,Off,Off,Off,2026-09-01 17:26:58,sw-B
et-0/0/48,Up,1,0,0,0,272,0,0,,Off,Off,Off,Off,,Off,Off,,,,,Off,Off,Off,Off,2026-09-01 17:31:59,sw-B
et-0/0/49,Up,1,0,0,0,0,0,0,,Off,Off,Off,Off,,Off,Off,,,,,Off,Off,Off,Off,2026-09-01 17:31:59,sw-B
et-0/0/50,Up,1,0,0,0,0,0,0,,Off,Off,Off,Off,,Off,Off,,,,,Off,Off,Off,Off,2026-09-01 17:31:59,sw-B
et-0/0/51,Up,1,0,0,0,0,0,0,38.0,Off,Off,Off,Off,7.493,Off,Off,0.898,-0.47,0.702,-1.54,Off,Off,Off,Off,2026-09-01 17:31:59,sw-B
et-0/0/48,Up,1,0,0,0,283,0,0,,Off,Off,Off,Off,,Off,Off,,,,,Off,Off,Off,Off,2026-09-01 17:37:00,sw-B
et-0/0/49,Up,1,0,0,0,0,0,0,,Off,Off,Off,Off,,Off,Off,,,,,Off,Off,Off,Off,2026-09-01 17:37:00,sw-B
et-0/0/50,Up,1,0,0,0,0,0,0,,Off,Off,Off,Off,,Off,Off,,,,,Off,Off,Off,Off,2026-09-01 17:37:00,sw-B
et-0/0/51,Up,1,0,0,0,0,0,0,39.0,Off,Off,Off,Off,7.519,Off,Off,0.917,-0.38,0.701,-1.54,Off,Off,Off,Off,2026-09-01 17:37:00,sw-B
et-0/0/48,Up,1,0,0,0,296,0,0,,Off,Off,Off,Off,,Off,Off,,,,,Off,Off,Off,Off,2026-09-01 17:42:02,sw-B
et-0/0/49,Up,1,0,0,0,0,0,0,,Off,Off,Off,Off,,Off,Off,,,,,Off,Off,Off,Off,2026-09-01 17:42:02,sw-B
et-0/0/50,Up,1,0,0,0,0,0,0,,Off,Off,Off,Off,,Off,Off,,,,,Off,Off,Off,Off,2026-09-01 17:42:02,sw-B
et-0/0/51,Up,1,0,0,0,0,0,0,38.0,Off,Off,Off,Off,7.473,Off,Off,0.929,-0.32,0.705,-1.52,Off,Off,Off,Off,2026-09-01 17:42:02,sw-B
et-0/0/48,Up,1,0,0,0,314,0,0,,Off,Off,Off,Off,,Off,Off,,,,,Off,Off,Off,Off,2026-09-01 17:47:03,sw-B
et-0/0/49,Up,1,0,0,0,0,0,0,,Off,Off,Off,Off,,Off,Off,,,,,Off,Off,Off,Off,2026-09-01 17:47:03,sw-B
et-0/0/50,Up,1,0,0,0,0,0,0,,Off,Off,Off,Off,,Off,Off,,,,,Off,Off,Off,Off,2026-09-01 17:47:03,sw-B
et-0/0/51,Up,1,0,0,0,0,0,0,38.0,Off,Off,Off,Off,7.484,Off,Off,0.918,-0.37,0.704,-1.52,Off,Off,Off,Off,2026-09-01 17:47:03,sw-B
et-0/0/48,Up,1,0,0,0,320,0,0,,Off,Off,Off,Off,,Off,Off,,,,,Off,Off,Off,Off,2026-09-01 17:52:04,sw-B
et-0/0/49,Up,1,0,0,0,0,0,0,,Off,Off,Off,Off,,Off,Off,,,,,Off,Off,Off,Off,2026-09-01 17:52:04,sw-B
et-0/0/50,Up,1,0,0,0,0,0,0,,Off,Off,Off,Off,,Off,Off,,,,,Off,Off,Off,Off,2026-09-01 17:52:04,sw-B
et-0/0/51,Up,1,0,0,0,0,0,0,38.0,Off,Off,Off,Off,7.585,Off,Off,0.921,-0.36,0.705,-1.52,Off,Off,Off,Off,2026-09-01 17:52:04,sw-B
et-0/0/48,Up,1,0,0,0,329,0,0,,Off,Off,Off,Off,,Off,Off,,,,,Off,Off,Off,Off,2026-09-01 17:57:06,sw-B
et-0/0/49,Up,1,0,0,0,0,0,0,,Off,Off,Off,Off,,Off,Off,,,,,Off,Off,Off,Off,2026-09-01 17:57:06,sw-B
et-0/0/50,Up,1,0,0,0,0,0,0,,Off,Off,Off,Off,,Off,Off,,,,,Off,Off,Off,Off,2026-09-01 17:57:06,sw-B
et-0/0/51,Up,1,0,0,0,0,0,0,38.0,Off,Off,Off,Off,7.469,Off,Off,0.917,-0.38,0.705,-1.52,Off,Off,Off,Off,2026-09-01 17:57:06,sw-B
et-0/0/48,Up,1,0,0,0,329,0,0,,Off,Off,Off,Off,,Off,Off,,,,,Off,Off,Off,Off,2026-09-01 18:02:07,sw-B
et-0/0/49,Up,1,0,0,0,0,0,0,,Off,Off,Off,Off,,Off,Off,,,,,Off,Off,Off,Off,2026-09-01 18:02:07,sw-B
et-0/0/50,Up,1,0,0,0,0,0,0,,Off,Off,Off,Off,,Off,Off,,,,,Off,Off,Off,Off,2026-09-01 18:02:07,sw-B
et-0/0/51,Up,1,0,0,0,0,0,0,38.0,Off,Off,Off,Off,7.556,Off,Off,0.912,-0.4,0.7,-1.55,Off,Off,Off,Off,2026-09-01 18:02:07,sw-B
et-0/0/48,Up,1,0,0,0,329,0,0,,Off,Off,Off,Off,,Off,Off,,,,,Off,Off,Off,Off,2026-09-01 18:07:08,sw-B
et-0/0/49,Up,1,0,0,0,0,0,0,,Off,Off,Off,Off,,Off,Off,,,,,Off,Off,Off,Off,2026-09-01 18:07:08,sw-B
et-0/0/50,Up,1,0,0,0,0,0,0,,Off,Off,Off,Off,,Off,Off,,,,,Off,Off,Off,Off,2026-09-01 18:07:08,sw-B
et-0/0/51,Up,1,0,0,0,0,0,0,38.0,Off,Off,Off,Off,7.53,Off,Off,0.914,-0.39,0.695,-1.58,Off,Off,Off,Off,2026-09-01 18:07:08,sw-B
et-0/0/48,Up,1,0,0,0,333,0,0,,Off,Off,Off,Off,,Off,Off,,,,,Off,Off,Off,Off,2026-09-01 18:12:09,sw-B
et-0/0/49,Up,1,0,0,0,0,0,0,,Off,Off,Off,Off,,Off,Off,,,,,Off,Off,Off,Off,2026-09-01 18:12:09,sw-B
et-0/0/50,Up,1,0,0,0,0,0,0,,Off,Off,Off,Off,,Off,Off,,,,,Off,Off,Off,Off,2026-09-01 18:12:09,sw-B
et-0/0/51,Up,1,0,0,0,0,0,0,38.0,Off,Off,Off,Off,7.53,Off,Off,0.911,-0.41,0.693,-1.59,Off,Off,Off,Off,2026-09-01 18:12:09,sw-B
et-0/0/48,Up,1,0,0,0,348,0,0,,Off,Off,Off,Off,,Off,Off,,,,,Off,Off,Off,Off,2026-09-01 18:17:11,sw-B
et-0/0/49,Up,1,0,0,0,0,0,0,,Off,Off,Off,Off,,Off,Off,,,,,Off,Off,Off,Off,2026-09-01 18:17:11,sw-B
et-0/0/50,Up,1,0,0,0,0,0,0,,Off,Off,Off,Off,,Off,Off,,,,,Off,Off,Off,Off,2026-09-01 18:17:11,sw-B
et-0/0/51,Up,1,0,0,0,0,0,0,39.0,Off,Off,Off,Off,7.616,Off,Off,0.934,-0.3,0.693,-1.59,Off,Off,Off,Off,2026-09-01 18:17:11,sw-B
et-0/0/48,Up,1,0,0,0,385,0,0,,Off,Off,Off,Off,,Off,Off,,,,,Off,Off,Off,Off,2026-09-01 18:22:12,sw-B
et-0/0/49,Up,1,0,0,0,0,0,0,,Off,Off,Off,Off,,Off,Off,,,,,Off,Off,Off,Off,2026-09-01 18:22:12,sw-B
et-0/0/50,Up,1,0,0,0,0,0,0,,Off,Off,Off,Off,,Off,Off,,,,,Off,Off,Off,Off,2026-09-01 18:22:12,sw-B
et-0/0/51,Up,1,0,0,0,0,0,0,39.0,Off,Off,Off,Off,7.493,Off,Off,0.912,-0.4,0.693,-1.59,Off,Off,Off,Off,2026-09-01 18:22:12,sw-B
et-0/0/48,Up,1,0,0,0,408,0,0,,Off,Off,Off,Off,,Off,Off,,,,,Off,Off,Off,Off,2026-09-01 18:27:13,sw-B
et-0/0/49,Up,1,0,0,0,0,0,0,,Off,Off,Off,Off,,Off,Off,,,,,Off,Off,Off,Off,2026-09-01 18:27:13,sw-B
et-0/0/50,Up,1,0,0,0,0,0,0,,Off,Off,Off,Off,,Off,Off,,,,,Off,Off,Off,Off,2026-09-01 18:27:13,sw-B
et-0/0/51,Up,1,0,0,0,0,0,0,38.0,Off,Off,Off,Off,7.572,Off,Off,0.932,-0.3,0.692,-1.6,Off,Off,Off,Off,2026-09-01 18:27:13,sw-B
et-0/0/48,Up,1,0,0,0,411,0,0,,Off,Off,Off,Off,,Off,Off,,,,,Off,Off,Off,Off,2026-09-01 18:32:14,sw-B
et-0/0/49,Up,1,0,0,0,0,0,0,,Off,Off,Off,Off,,Off,Off,,,,,Off,Off,Off,Off,2026-09-01 18:32:14,sw-B
et-0/0/50,Up,1,0,0,0,0,0,0,,Off,Off,Off,Off,,Off,Off,,,,,Off,Off,Off,Off,2026-09-01 18:32:14,sw-B
et-0/0/51,Up,1,0,0,0,0,0,0,38.0,Off,Off,Off,Off,7.576,Off,Off,0.914,-0.39,0.688,-1.62,Off,Off,Off,Off,2026-09-01 18:32:14,sw-B
et-0/0/48,Up,1,0,0,0,414,0,0,,Off,Off,Off,Off,,Off,Off,,,,,Off,Off,Off,Off,2026-09-01 18:37:16,sw-B
et-0/0/49,Up,1,0,0,0,0,0,0,,Off,Off,Off,Off,,Off,Off,,,,,Off,Off,Off,Off,2026-09-01 18:37:16,sw-B
et-0/0/50,Up,1,0,0,0,0,0,0,,Off,Off,Off,Off,,Off,Off,,,,,Off,Off,Off,Off,2026-09-01 18:37:16,sw-B
et-0/0/51,Up,1,0,0,0,0,0,0,39.0,Off,Off,Off,Off,7.546,Off,Off,0.93,-0.32,0.694,-1.59,Off,Off,Off,Off,2026-09-01 18:37:16,sw-B
et-0/0/48,Up,1,0,0,0,415,0,0,,Off,Off,Off,Off,,Off,Off,,,,,Off,Off,Off,Off,2026-09-01 18:42:17,sw-B
et-0/0/49,Up,1,0,0,0,0,0,0,,Off,Off,Off,Off,,Off,Off,,,,,Off,Off,Off,Off,2026-09-01 18:42:17,sw-B
et-0/0/50,Up,1,0,0,0,0,0,0,,Off,Off,Off,Off,,Off,Off,,,,,Off,Off,Off,Off,2026-09-01 18:42:17,sw-B
et-0/0/51,Up,1,0,0,0,0,0,0,39.0,Off,Off,Off,Off,7.504,Off,Off,0.926,-0.34,0.691,-1.6,Off,Off,Off,Off,2026-09-01 18:42:17,sw-B
et-0/0/48,Up,1,0,0,0,415,0,0,,Off,Off,Off,Off,,Off,Off,,,,,Off,Off,Off,Off,2026-09-01 18:47:18,sw-B
et-0/0/49,Up,1,0,0,0,0,0,0,,Off,Off,Off,Off,,Off,Off,,,,,Off,Off,Off,Off,2026-09-01 18:47:18,sw-B
et-0/0/50,Up,1,0,0,0,0,0,0,,Off,Off,Off,Off,,Off,Off,,,,,Off,Off,Off,Off,2026-09-01 18:47:18,sw-B
et-0/0/51,Up,1,0,0,0,0,0,0,38.0,Off,Off,Off,Off,7.515,Off,Off,0.927,-0.33,0.692,-1.6,Off,Off,Off,Off,2026-09-01 18:47:18,sw-B
et-0/0/48,Up,1,0,0,0,416,0,0,,Off,Off,Off,Off,,Off,Off,,,,,Off,Off,Off,Off,2026-09-01 18:52:19,sw-B
et-0/0/49,Up,1,0,0,0,0,0,0,,Off,Off,Off,Off,,Off,Off,,,,,Off,Off,Off,Off,2026-09-01 18:52:19,sw-B
et-0/0/50,Up,1,0,0,0,0,0,0,,Off,Off,Off,Off,,Off,Off,,,,,Off,Off,Off,Off,2026-09-01 18:52:19,sw-B
et-0/0/51,Up,1,0,0,0,0,0,0,38.0,Off,Off,Off,Off,7.572,Off,Off,0.928,-0.32,0.692,-1.6,Off,Off,Off,Off,2026-09-01 18:52:19,sw-B
et-0/0/48,Up,1,0,0,0,426,0,0,,Off,Off,Off,Off,,Off,Off,,,,,Off,Off,Off,Off,2026-09-01 18:57:21,sw-B
et-0/0/49,Up,1,0,0,0,0,0,0,,Off,Off,Off,Off,,Off,Off,,,,,Off,Off,Off,Off,2026-09-01 18:57:21,sw-B
et-0/0/50,Up,1,0,0,0,0,0,0,,Off,Off,Off,Off,,Off,Off,,,,,Off,Off,Off,Off,2026-09-01 18:57:21,sw-B
et-0/0/51,Up,1,0,0,0,0,0,0,38.0,Off,Off,Off,Off,7.504,Off,Off,0.929,-0.32,0.693,-1.59,Off,Off,Off,Off,2026-09-01 18:57:21,sw-B
et-0/0/48,Up,1,0,0,0,471,0,0,,Off,Off,Off,Off,,Off,Off,,,,,Off,Off,Off,Off,2026-09-01 19:02:22,sw-B
et-0/0/49,Up,1,0,0,0,0,0,0,,Off,Off,Off,Off,,Off,Off,,,,,Off,Off,Off,Off,2026-09-01 19:02:22,sw-B
et-0/0/50,Up,1,0,0,0,0,0,0,,Off,Off,Off,Off,,Off,Off,,,,,Off,Off,Off,Off,2026-09-01 19:02:22,sw-B
et-0/0/51,Up,1,0,0,0,0,0,0,38.0,Off,Off,Off,Off,7.546,Off,Off,0.933,-0.3,0.692,-1.6,Off,Off,Off,Off,2026-09-01 19:02:22,sw-B
et-0/0/48,Up,1,0,0,0,538,0,0,,Off,Off,Off,Off,,Off,Off,,,,,Off,Off,Off,Off,2026-09-01 19:07:23,sw-B
et-0/0/49,Up,1,0,0,0,0,0,0,,Off,Off,Off,Off,,Off,Off,,,,,Off,Off,Off,Off,2026-09-01 19:07:23,sw-B
et-0/0/50,Up,1,0,0,0,0,0,0,,Off,Off,Off,Off,,Off,Off,,,,,Off,Off,Off,Off,2026-09-01 19:07:23,sw-B
et-0/0/51,Up,1,0,0,0,0,0,0,38.0,Off,Off,Off,Off,7.535,Off,Off,0.925,-0.34,0.694,-1.58,Off,Off,Off,Off,2026-09-01 19:07:23,sw-B
et-0/0/48,Up,1,0,0,0,635,0,0,,Off,Off,Off,Off,,Off,Off,,,,,Off,Off,Off,Off,2026-09-01 19:12:25,sw-B
et-0/0/49,Up,1,0,0,0,0,0,0,,Off,Off,Off,Off,,Off,Off,,,,,Off,Off,Off,Off,2026-09-01 19:12:25,sw-B
et-0/0/50,Up,1,0,0,0,0,0,0,,Off,Off,Off,Off,,Off,Off,,,,,Off,Off,Off,Off,2026-09-01 19:12:25,sw-B
et-0/0/51,Up,1,0,0,0,0,0,0,37.0,Off,Off,Off,Off,7.515,Off,Off,0.921,-0.36,0.692,-1.6,Off,Off,Off,Off,2026-09-01 19:12:25,sw-B
et-0/0/48,Up,1,0,0,0,660,0,0,,Off,Off,Off,Off,,Off,Off,,,,,Off,Off,Off,Off,2026-09-01 19:17:26,sw-B
et-0/0/49,Up,1,0,0,0,0,0,0,,Off,Off,Off,Off,,Off,Off,,,,,Off,Off,Off,Off,2026-09-01 19:17:26,sw-B
et-0/0/50,Up,1,0,0,0,0,0,0,,Off,Off,Off,Off,,Off,Off,,,,,Off,Off,Off,Off,2026-09-01 19:17:26,sw-B
et-0/0/51,Up,1,0,0,0,0,0,0,39.0,Off,Off,Off,Off,7.46,Off,Off,0.929,-0.32,0.697,-1.57,Off,Off,Off,Off,2026-09-01 19:17:26,sw-B
et-0/0/48,Up,1,0,0,0,663,0,0,,Off,Off,Off,Off,,Off,Off,,,,,Off,Off,Off,Off,2026-09-01 19:22:27,sw-B
et-0/0/49,Up,1,0,0,0,0,0,0,,Off,Off,Off,Off,,Off,Off,,,,,Off,Off,Off,Off,2026-09-01 19:22:27,sw-B
et-0/0/50,Up,1,0,0,0,0,0,0,,Off,Off,Off,Off,,Off,Off,,,,,Off,Off,Off,Off,2026-09-01 19:22:27,sw-B
et-0/0/51,Up,1,0,0,0,0,0,0,38.0,Off,Off,Off,Off,7.526,Off,Off,0.924,-0.34,0.695,-1.58,Off,Off,Off,Off,2026-09-01 19:22:27,sw-B
et-0/0/48,Up,1,0,0,0,664,0,0,,Off,Off,Off,Off,,Off,Off,,,,,Off,Off,Off,Off,2026-09-01 19:27:29,sw-B
et-0/0/49,Up,1,0,0,0,0,0,0,,Off,Off,Off,Off,,Off,Off,,,,,Off,Off,Off,Off,2026-09-01 19:27:29,sw-B
et-0/0/50,Up,1,0,0,0,0,0,0,,Off,Off,Off,Off,,Off,Off,,,,,Off,Off,Off,Off,2026-09-01 19:27:29,sw-B
et-0/0/51,Up,1,0,0,0,0,0,0,39.0,Off,Off,Off,Off,7.519,Off,Off,0.924,-0.34,0.696,-1.58,Off,Off,Off,Off,2026-09-01 19:27:29,sw-B
et-0/0/48,Up,1,0,0,0,664,0,0,,Off,Off,Off,Off,,Off,Off,,,,,Off,Off,Off,Off,2026-09-01 19:32:30,sw-B
et-0/0/49,Up,1,0,0,0,0,0,0,,Off,Off,Off,Off,,Off,Off,,,,,Off,Off,Off,Off,2026-09-01 19:32:30,sw-B
et-0/0/50,Up,1,0,0,0,0,0,0,,Off,Off,Off,Off,,Off,Off,,,,,Off,Off,Off,Off,2026-09-01 19:32:30,sw-B
et-0/0/51,Up,1,0,0,0,0,0,0,39.0,Off,Off,Off,Off,7.55,Off,Off,0.922,-0.35,0.696,-1.57,Off,Off,Off,Off,2026-09-01 19:32:30,sw-B
et-0/0/48,Up,1,0,0,0,664,0,0,,Off,Off,Off,Off,,Off,Off,,,,,Off,Off,Off,Off,2026-09-01 19:37:31,sw-B
et-0/0/49,Up,1,0,0,0,0,0,0,,Off,Off,Off,Off,,Off,Off,,,,,Off,Off,Off,Off,2026-09-01 19:37:31,sw-B
et-0/0/50,Up,1,0,0,0,0,0,0,,Off,Off,Off,Off,,Off,Off,,,,,Off,Off,Off,Off,2026-09-01 19:37:31,sw-B
et-0/0/51,Up,1,0,0,0,0,0,0,38.0,Off,Off,Off,Off,7.469,Off,Off,0.938,-0.28,0.694,-1.58,Off,Off,Off,Off,2026-09-01 19:37:31,sw-B
et-0/0/48,Up,1,0,0,0,664,0,0,,Off,Off,Off,Off,,Off,Off,,,,,Off,Off,Off,Off,2026-09-01 19:42:32,sw-B
et-0/0/49,Up,1,0,0,0,0,0,0,,Off,Off,Off,Off,,Off,Off,,,,,Off,Off,Off,Off,2026-09-01 19:42:32,sw-B
et-0/0/50,Up,1,0,0,0,0,0,0,,Off,Off,Off,Off,,Off,Off,,,,,Off,Off,Off,Off,2026-09-01 19:42:32,sw-B
et-0/0/51,Up,1,0,0,0,0,0,0,38.0,Off,Off,Off,Off,7.51,Off,Off,0.925,-0.34,0.697,-1.57,Off,Off,Off,Off,2026-09-01 19:42:32,sw-B
et-0/0/48,Up,1,0,0,0,665,0,0,,Off,Off,Off,Off,,Off,Off,,,,,Off,Off,Off,Off,2026-09-01 19:47:34,sw-B
et-0/0/49,Up,1,0,0,0,0,0,0,,Off,Off,Off,Off,,Off,Off,,,,,Off,Off,Off,Off,2026-09-01 19:47:34,sw-B
et-0/0/50,Up,1,0,0,0,0,0,0,,Off,Off,Off,Off,,Off,Off,,,,,Off,Off,Off,Off,2026-09-01 19:47:34,sw-B
et-0/0/51,Up,1,0,0,0,0,0,0,38.0,Off,Off,Off,Off,7.499,Off,Off,0.94,-0.27,0.694,-1.58,Off,Off,Off,Off,2026-09-01 19:47:34,sw-B
et-0/0/48,Up,1,0,0,0,666,0,0,,Off,Off,Off,Off,,Off,Off,,,,,Off,Off,Off,Off,2026-09-01 19:52:35,sw-B
et-0/0/49,Up,1,0,0,0,0,0,0,,Off,Off,Off,Off,,Off,Off,,,,,Off,Off,Off,Off,2026-09-01 19:52:35,sw-B
et-0/0/50,Up,1,0,0,0,0,0,0,,Off,Off,Off,Off,,Off,Off,,,,,Off,Off,Off,Off,2026-09-01 19:52:35,sw-B
et-0/0/51,Up,1,0,0,0,0,0,0,38.0,Off,Off,Off,Off,7.51,Off,Off,0.926,-0.33,0.696,-1.57,Off,Off,Off,Off,2026-09-01 19:52:35,sw-B
et-0/0/48,Up,1,0,0,0,666,0,0,,Off,Off,Off,Off,,Off,Off,,,,,Off,Off,Off,Off,2026-09-01 19:57:36,sw-B
et-0/0/49,Up,1,0,0,0,0,0,0,,Off,Off,Off,Off,,Off,Off,,,,,Off,Off,Off,Off,2026-09-01 19:57:36,sw-B
et-0/0/50,Up,1,0,0,0,0,0,0,,Off,Off,Off,Off,,Off,Off,,,,,Off,Off,Off,Off,2026-09-01 19:57:36,sw-B
et-0/0/51,Up,1,0,0,0,0,0,0,39.0,Off,Off,Off,Off,7.493,Off,Off,0.937,-0.28,0.696,-1.58,Off,Off,Off,Off,2026-09-01 19:57:36,sw-B
et-0/0/48,Up,1,0,0,0,666,0,0,,Off,Off,Off,Off,,Off,Off,,,,,Off,Off,Off,Off,2026-09-01 20:02:37,sw-B
et-0/0/49,Up,1,0,0,0,0,0,0,,Off,Off,Off,Off,,Off,Off,,,,,Off,Off,Off,Off,2026-09-01 20:02:37,sw-B
et-0/0/50,Up,1,0,0,0,0,0,0,,Off,Off,Off,Off,,Off,Off,,,,,Off,Off,Off,Off,2026-09-01 20:02:37,sw-B
et-0/0/51,Up,1,0,0,0,0,0,0,38.0,Off,Off,Off,Off,7.616,Off,Off,0.92,-0.36,0.699,-1.56,Off,Off,Off,Off,2026-09-01 20:02:37,sw-B
et-0/0/48,Up,1,0,0,0,666,0,0,,Off,Off,Off,Off,,Off,Off,,,,,Off,Off,Off,Off,2026-09-01 20:07:38,sw-B
et-0/0/49,Up,1,0,0,0,0,0,0,,Off,Off,Off,Off,,Off,Off,,,,,Off,Off,Off,Off,2026-09-01 20:07:38,sw-B
et-0/0/50,Up,1,0,0,0,0,0,0,,Off,Off,Off,Off,,Off,Off,,,,,Off,Off,Off,Off,2026-09-01 20:07:38,sw-B
et-0/0/51,Up,1,0,0,0,0,0,0,38.0,Off,Off,Off,Off,7.473,Off,Off,0.937,-0.28,0.695,-1.58,Off,Off,Off,Off,2026-09-01 20:07:38,sw-B
et-0/0/48,Up,1,0,0,0,667,0,0,,Off,Off,Off,Off,,Off,Off,,,,,Off,Off,Off,Off,2026-09-01 20:12:40,sw-B
et-0/0/49,Up,1,0,0,0,0,0,0,,Off,Off,Off,Off,,Off,Off,,,,,Off,Off,Off,Off,2026-09-01 20:12:40,sw-B
et-0/0/50,Up,1,0,0,0,0,0,0,,Off,Off,Off,Off,,Off,Off,,,,,Off,Off,Off,Off,2026-09-01 20:12:40,sw-B
et-0/0/51,Up,1,0,0,0,0,0,0,39.0,Off,Off,Off,Off,7.585,Off,Off,0.896,-0.47,0.697,-1.57,Off,Off,Off,Off,2026-09-01 20:12:40,sw-B
et-0/0/48,Up,1,0,0,0,668,0,0,,Off,Off,Off,Off,,Off,Off,,,,,Off,Off,Off,Off,2026-09-01 20:17:41,sw-B
et-0/0/49,Up,1,0,0,0,0,0,0,,Off,Off,Off,Off,,Off,Off,,,,,Off,Off,Off,Off,2026-09-01 20:17:41,sw-B
et-0/0/50,Up,1,0,0,0,0,0,0,,Off,Off,Off,Off,,Off,Off,,,,,Off,Off,Off,Off,2026-09-01 20:17:41,sw-B
et-0/0/51,Up,1,0,0,0,0,0,0,39.0,Off,Off,Off,Off,7.489,Off,Off,0.944,-0.25,0.697,-1.56,Off,Off,Off,Off,2026-09-01 20:17:41,sw-B
et-0/0/48,Up,1,0,0,0,669,0,0,,Off,Off,Off,Off,,Off,Off,,,,,Off,Off,Off,Off,2026-09-01 20:22:42,sw-B
et-0/0/49,Up,1,0,0,0,0,0,0,,Off,Off,Off,Off,,Off,Off,,,,,Off,Off,Off,Off,2026-09-01 20:22:42,sw-B
et-0/0/50,Up,1,0,0,0,0,0,0,,Off,Off,Off,Off,,Off,Off,,,,,Off,Off,Off,Off,2026-09-01 20:22:42,sw-B
et-0/0/51,Up,1,0,0,0,0,0,0,38.0,Off,Off,Off,Off,7.565,Off,Off,0.895,-0.48,0.696,-1.57,Off,Off,Off,Off,2026-09-01 20:22:42,sw-B
et-0/0/48,Up,1,0,0,0,674,0,0,,Off,Off,Off,Off,,Off,Off,,,,,Off,Off,Off,Off,2026-09-01 20:27:44,sw-B
et-0/0/49,Up,1,0,0,0,0,0,0,,Off,Off,Off,Off,,Off,Off,,,,,Off,Off,Off,Off,2026-09-01 20:27:44,sw-B
et-0/0/50,Up,1,0,0,0,0,0,0,,Off,Off,Off,Off,,Off,Off,,,,,Off,Off,Off,Off,2026-09-01 20:27:44,sw-B
et-0/0/51,Up,1,0,0,0,0,0,0,38.0,Off,Off,Off,Off,7.539,Off,Off,0.893,-0.49,0.696,-1.57,Off,Off,Off,Off,2026-09-01 20:27:44,sw-B
et-0/0/48,Up,1,0,0,0,701,0,0,,Off,Off,Off,Off,,Off,Off,,,,,Off,Off,Off,Off,2026-09-01 20:32:45,sw-B
et-0/0/49,Up,1,0,0,0,0,0,0,,Off,Off,Off,Off,,Off,Off,,,,,Off,Off,Off,Off,2026-09-01 20:32:45,sw-B
et-0/0/50,Up,1,0,0,0,0,0,0,,Off,Off,Off,Off,,Off,Off,,,,,Off,Off,Off,Off,2026-09-01 20:32:45,sw-B
et-0/0/51,Up,1,0,0,0,0,0,0,39.0,Off,Off,Off,Off,7.55,Off,Off,0.941,-0.27,0.695,-1.58,Off,Off,Off,Off,2026-09-01 20:32:45,sw-B
et-0/0/48,Up,1,0,0,0,812,0,0,,Off,Off,Off,Off,,Off,Off,,,,,Off,Off,Off,Off,2026-09-01 20:37:46,sw-B
et-0/0/49,Up,1,0,0,0,0,0,0,,Off,Off,Off,Off,,Off,Off,,,,,Off,Off,Off,Off,2026-09-01 20:37:46,sw-B
et-0/0/50,Up,1,0,0,0,0,0,0,,Off,Off,Off,Off,,Off,Off,,,,,Off,Off,Off,Off,2026-09-01 20:37:46,sw-B
et-0/0/51,Up,1,0,0,0,0,0,0,38.0,Off,Off,Off,Off,7.484,Off,Off,0.897,-0.47,0.697,-1.57,Off,Off,Off,Off,2026-09-01 20:37:46,sw-B
et-0/0/48,Up,1,0,0,0,967,0,0,,Off,Off,Off,Off,,Off,Off,,,,,Off,Off,Off,Off,2026-09-01 20:42:47,sw-B
et-0/0/49,Up,1,0,0,0,0,0,0,,Off,Off,Off,Off,,Off,Off,,,,,Off,Off,Off,Off,2026-09-01 20:42:47,sw-B
et-0/0/50,Up,1,0,0,0,0,0,0,,Off,Off,Off,Off,,Off,Off,,,,,Off,Off,Off,Off,2026-09-01 20:42:47,sw-B
et-0/0/51,Up,1,0,0,0,0,0,0,38.0,Off,Off,Off,Off,7.546,Off,Off,0.913,-0.4,0.697,-1.57,Off,Off,Off,Off,2026-09-01 20:42:47,sw-B
et-0/0/48,Up,1,0,0,0,1028,0,0,,Off,Off,Off,Off,,Off,Off,,,,,Off,Off,Off,Off,2026-09-01 20:47:49,sw-B
et-0/0/49,Up,1,0,0,0,0,0,0,,Off,Off,Off,Off,,Off,Off,,,,,Off,Off,Off,Off,2026-09-01 20:47:49,sw-B
et-0/0/50,Up,1,0,0,0,0,0,0,,Off,Off,Off,Off,,Off,Off,,,,,Off,Off,Off,Off,2026-09-01 20:47:49,sw-B
et-0/0/51,Up,1,0,0,0,0,0,0,39.0,Off,Off,Off,Off,7.473,Off,Off,0.9,-0.46,0.696,-1.57,Off,Off,Off,Off,2026-09-01 20:47:49,sw-B
et-0/0/48,Up,1,0,0,0,1051,0,0,,Off,Off,Off,Off,,Off,Off,,,,,Off,Off,Off,Off,2026-09-01 20:52:50,sw-B
et-0/0/49,Up,1,0,0,0,0,0,0,,Off,Off,Off,Off,,Off,Off,,,,,Off,Off,Off,Off,2026-09-01 20:52:50,sw-B
et-0/0/50,Up,1,0,0,0,0,0,0,,Off,Off,Off,Off,,Off,Off,,,,,Off,Off,Off,Off,2026-09-01 20:52:50,sw-B
et-0/0/51,Up,1,0,0,0,0,0,0,39.0,Off,Off,Off,Off,7.55,Off,Off,0.891,-0.5,0.696,-1.58,Off,Off,Off,Off,2026-09-01 20:52:50,sw-B
et-0/0/48,Up,1,0,0,0,1058,0,0,,Off,Off,Off,Off,,Off,Off,,,,,Off,Off,Off,Off,2026-09-01 20:57:51,sw-B
et-0/0/49,Up,1,0,0,0,0,0,0,,Off,Off,Off,Off,,Off,Off,,,,,Off,Off,Off,Off,2026-09-01 20:57:51,sw-B
et-0/0/50,Up,1,0,0,0,0,0,0,,Off,Off,Off,Off,,Off,Off,,,,,Off,Off,Off,Off,2026-09-01 20:57:51,sw-B
et-0/0/51,Up,1,0,0,0,0,0,0,39.0,Off,Off,Off,Off,7.546,Off,Off,0.898,-0.47,0.696,-1.58,Off,Off,Off,Off,2026-09-01 20:57:51,sw-B
et-0/0/48,Up,1,0,0,0,1065,0,0,,Off,Off,Off,Off,,Off,Off,,,,,Off,Off,Off,Off,2026-09-01 21:02:53,sw-B
et-0/0/49,Up,1,0,0,0,0,0,0,,Off,Off,Off,Off,,Off,Off,,,,,Off,Off,Off,Off,2026-09-01 21:02:53,sw-B
et-0/0/50,Up,1,0,0,0,0,0,0,,Off,Off,Off,Off,,Off,Off,,,,,Off,Off,Off,Off,2026-09-01 21:02:53,sw-B
et-0/0/51,Up,1,0,0,0,0,0,0,38.0,Off,Off,Off,Off,7.526,Off,Off,0.909,-0.41,0.694,-1.58,Off,Off,Off,Off,2026-09-01 21:02:53,sw-B
et-0/0/48,Up,1,0,0,0,1065,0,0,,Off,Off,Off,Off,,Off,Off,,,,,Off,Off,Off,Off,2026-09-01 21:07:54,sw-B
et-0/0/49,Up,1,0,0,0,0,0,0,,Off,Off,Off,Off,,Off,Off,,,,,Off,Off,Off,Off,2026-09-01 21:07:54,sw-B
et-0/0/50,Up,1,0,0,0,0,0,0,,Off,Off,Off,Off,,Off,Off,,,,,Off,Off,Off,Off,2026-09-01 21:07:54,sw-B
et-0/0/51,Up,1,0,0,0,0,0,0,38.0,Off,Off,Off,Off,7.499,Off,Off,0.908,-0.42,0.694,-1.59,Off,Off,Off,Off,2026-09-01 21:07:54,sw-B
et-0/0/48,Up,1,0,0,0,1065,0,0,,Off,Off,Off,Off,,Off,Off,,,,,Off,Off,Off,Off,2026-09-01 21:12:55,sw-B
et-0/0/49,Up,1,0,0,0,0,0,0,,Off,Off,Off,Off,,Off,Off,,,,,Off,Off,Off,Off,2026-09-01 21:12:55,sw-B
et-0/0/50,Up,1,0,0,0,0,0,0,,Off,Off,Off,Off,,Off,Off,,,,,Off,Off,Off,Off,2026-09-01 21:12:55,sw-B
et-0/0/51,Up,1,0,0,0,0,0,0,39.0,Off,Off,Off,Off,7.504,Off,Off,0.896,-0.48,0.693,-1.59,Off,Off,Off,Off,2026-09-01 21:12:55,sw-B
et-0/0/48,Up,1,0,0,0,1065,0,0,,Off,Off,Off,Off,,Off,Off,,,,,Off,Off,Off,Off,2026-09-01 21:17:56,sw-B
et-0/0/49,Up,1,0,0,0,0,0,0,,Off,Off,Off,Off,,Off,Off,,,,,Off,Off,Off,Off,2026-09-01 21:17:56,sw-B
et-0/0/50,Up,1,0,0,0,0,0,0,,Off,Off,Off,Off,,Off,Off,,,,,Off,Off,Off,Off,2026-09-01 21:17:56,sw-B
et-0/0/51,Up,1,0,0,0,0,0,0,38.0,Off,Off,Off,Off,7.546,Off,Off,0.908,-0.42,0.692,-1.6,Off,Off,Off,Off,2026-09-01 21:17:56,sw-B
et-0/0/48,Up,1,0,0,0,1065,0,0,,Off,Off,Off,Off,,Off,Off,,,,,Off,Off,Off,Off,2026-09-01 21:22:58,sw-B
et-0/0/49,Up,1,0,0,0,0,0,0,,Off,Off,Off,Off,,Off,Off,,,,,Off,Off,Off,Off,2026-09-01 21:22:58,sw-B
et-0/0/50,Up,1,0,0,0,0,0,0,,Off,Off,Off,Off,,Off,Off,,,,,Off,Off,Off,Off,2026-09-01 21:22:58,sw-B
et-0/0/51,Up,1,0,0,0,0,0,0,39.0,Off,Off,Off,Off,7.546,Off,Off,0.918,-0.37,0.693,-1.59,Off,Off,Off,Off,2026-09-01 21:22:58,sw-B
et-0/0/48,Up,1,0,0,0,1065,0,0,,Off,Off,Off,Off,,Off,Off,,,,,Off,Off,Off,Off,2026-09-01 21:27:59,sw-B
et-0/0/49,Up,1,0,0,0,0,0,0,,Off,Off,Off,Off,,Off,Off,,,,,Off,Off,Off,Off,2026-09-01 21:27:59,sw-B
et-0/0/50,Up,1,0,0,0,0,0,0,,Off,Off,Off,Off,,Off,Off,,,,,Off,Off,Off,Off,2026-09-01 21:27:59,sw-B
et-0/0/51,Up,1,0,0,0,0,0,0,38.0,Off,Off,Off,Off,7.504,Off,Off,0.908,-0.42,0.694,-1.59,Off,Off,Off,Off,2026-09-01 21:27:59,sw-B
et-0/0/48,Up,1,0,0,0,1067,0,0,,Off,Off,Off,Off,,Off,Off,,,,,Off,Off,Off,Off,2026-09-01 21:33:00,sw-B
et-0/0/49,Up,1,0,0,0,0,0,0,,Off,Off,Off,Off,,Off,Off,,,,,Off,Off,Off,Off,2026-09-01 21:33:00,sw-B
et-0/0/50,Up,1,0,0,0,0,0,0,,Off,Off,Off,Off,,Off,Off,,,,,Off,Off,Off,Off,2026-09-01 21:33:00,sw-B
et-0/0/51,Up,1,0,0,0,0,0,0,38.0,Off,Off,Off,Off,7.559,Off,Off,0.917,-0.38,0.693,-1.59,Off,Off,Off,Off,2026-09-01 21:33:00,sw-B
et-0/0/48,Up,1,0,0,0,1072,0,0,,Off,Off,Off,Off,,Off,Off,,,,,Off,Off,Off,Off,2026-09-01 21:38:02,sw-B
et-0/0/49,Up,1,0,0,0,0,0,0,,Off,Off,Off,Off,,Off,Off,,,,,Off,Off,Off,Off,2026-09-01 21:38:02,sw-B
et-0/0/50,Up,1,0,0,0,0,0,0,,Off,Off,Off,Off,,Off,Off,,,,,Off,Off,Off,Off,2026-09-01 21:38:02,sw-B
et-0/0/51,Up,1,0,0,0,0,0,0,38.0,Off,Off,Off,Off,7.556,Off,Off,0.918,-0.37,0.695,-1.58,Off,Off,Off,Off,2026-09-01 21:38:02,sw-B
et-0/0/48,Up,1,0,0,0,1082,0,0,,Off,Off,Off,Off,,Off,Off,,,,,Off,Off,Off,Off,2026-09-01 21:43:03,sw-B
et-0/0/49,Up,1,0,0,0,0,0,0,,Off,Off,Off,Off,,Off,Off,,,,,Off,Off,Off,Off,2026-09-01 21:43:03,sw-B
et-0/0/50,Up,1,0,0,0,0,0,0,,Off,Off,Off,Off,,Off,Off,,,,,Off,Off,Off,Off,2026-09-01 21:43:03,sw-B
et-0/0/51,Up,1,0,0,0,0,0,0,38.0,Off,Off,Off,Off,7.559,Off,Off,0.923,-0.35,0.694,-1.59,Off,Off,Off,Off,2026-09-01 21:43:03,sw-B
et-0/0/48,Up,1,0,0,0,1129,0,0,,Off,Off,Off,Off,,Off,Off,,,,,Off,Off,Off,Off,2026-09-01 21:48:04,sw-B
et-0/0/49,Up,1,0,0,0,0,0,0,,Off,Off,Off,Off,,Off,Off,,,,,Off,Off,Off,Off,2026-09-01 21:48:04,sw-B
et-0/0/50,Up,1,0,0,0,0,0,0,,Off,Off,Off,Off,,Off,Off,,,,,Off,Off,Off,Off,2026-09-01 21:48:04,sw-B
et-0/0/51,Up,1,0,0,0,0,0,0,39.0,Off,Off,Off,Off,7.662,Off,Off,0.914,-0.39,0.693,-1.59,Off,Off,Off,Off,2026-09-01 21:48:04,sw-B
et-0/0/48,Up,1,0,0,0,1246,0,0,,Off,Off,Off,Off,,Off,Off,,,,,Off,Off,Off,Off,2026-09-01 21:53:05,sw-B
et-0/0/49,Up,1,0,0,0,0,0,0,,Off,Off,Off,Off,,Off,Off,,,,,Off,Off,Off,Off,2026-09-01 21:53:05,sw-B
et-0/0/50,Up,1,0,0,0,0,0,0,,Off,Off,Off,Off,,Off,Off,,,,,Off,Off,Off,Off,2026-09-01 21:53:05,sw-B
et-0/0/51,Up,1,0,0,0,0,0,0,39.0,Off,Off,Off,Off,7.546,Off,Off,0.915,-0.39,0.695,-1.58,Off,Off,Off,Off,2026-09-01 21:53:05,sw-B
et-0/0/48,Up,1,0,0,0,1448,0,0,,Off,Off,Off,Off,,Off,Off,,,,,Off,Off,Off,Off,2026-09-01 21:58:07,sw-B
et-0/0/49,Up,1,0,0,0,0,0,0,,Off,Off,Off,Off,,Off,Off,,,,,Off,Off,Off,Off,2026-09-01 21:58:07,sw-B
et-0/0/50,Up,1,0,0,0,0,0,0,,Off,Off,Off,Off,,Off,Off,,,,,Off,Off,Off,Off,2026-09-01 21:58:07,sw-B
et-0/0/51,Up,1,0,0,0,0,0,0,39.0,Off,Off,Off,Off,7.535,Off,Off,0.914,-0.39,0.692,-1.6,Off,Off,Off,Off,2026-09-01 21:58:07,sw-B
et-0/0/48,Up,1,0,0,0,1762,0,0,,Off,Off,Off,Off,,Off,Off,,,,,Off,Off,Off,Off,2026-09-01 22:03:08,sw-B
et-0/0/49,Up,1,0,0,0,0,0,0,,Off,Off,Off,Off,,Off,Off,,,,,Off,Off,Off,Off,2026-09-01 22:03:08,sw-B
et-0/0/50,Up,1,0,0,0,0,0,0,,Off,Off,Off,Off,,Off,Off,,,,,Off,Off,Off,Off,2026-09-01 22:03:08,sw-B
et-0/0/51,Up,1,0,0,0,0,0,0,38.0,Off,Off,Off,Off,7.473,Off,Off,0.906,-0.43,0.693,-1.59,Off,Off,Off,Off,2026-09-01 22:03:08,sw-B
et-0/0/48,Up,1,0,0,0,2052,0,0,,Off,Off,Off,Off,,Off,Off,,,,,Off,Off,Off,Off,2026-09-01 22:08:09,sw-B
et-0/0/49,Up,1,0,0,0,0,0,0,,Off,Off,Off,Off,,Off,Off,,,,,Off,Off,Off,Off,2026-09-01 22:08:09,sw-B
et-0/0/50,Up,1,0,0,0,0,0,0,,Off,Off,Off,Off,,Off,Off,,,,,Off,Off,Off,Off,2026-09-01 22:08:09,sw-B
et-0/0/51,Up,1,0,0,0,0,0,0,38.0,Off,Off,Off,Off,7.515,Off,Off,0.913,-0.4,0.692,-1.6,Off,Off,Off,Off,2026-09-01 22:08:09,sw-B
et-0/0/48,Up,1,0,0,0,2204,0,0,,Off,Off,Off,Off,,Off,Off,,,,,Off,Off,Off,Off,2026-09-01 22:13:11,sw-B
et-0/0/49,Up,1,0,0,0,0,0,0,,Off,Off,Off,Off,,Off,Off,,,,,Off,Off,Off,Off,2026-09-01 22:13:11,sw-B
et-0/0/50,Up,1,0,0,0,0,0,0,,Off,Off,Off,Off,,Off,Off,,,,,Off,Off,Off,Off,2026-09-01 22:13:11,sw-B
et-0/0/51,Up,1,0,0,0,0,0,0,38.0,Off,Off,Off,Off,7.499,Off,Off,0.912,-0.4,0.693,-1.59,Off,Off,Off,Off,2026-09-01 22:13:11,sw-B
et-0/0/48,Up,1,0,0,0,2241,0,0,,Off,Off,Off,Off,,Off,Off,,,,,Off,Off,Off,Off,2026-09-01 22:18:12,sw-B
et-0/0/49,Up,1,0,0,0,0,0,0,,Off,Off,Off,Off,,Off,Off,,,,,Off,Off,Off,Off,2026-09-01 22:18:12,sw-B
et-0/0/50,Up,1,0,0,0,0,0,0,,Off,Off,Off,Off,,Off,Off,,,,,Off,Off,Off,Off,2026-09-01 22:18:12,sw-B
et-0/0/51,Up,1,0,0,0,0,0,0,38.0,Off,Off,Off,Off,7.519,Off,Off,0.909,-0.41,0.696,-1.58,Off,Off,Off,Off,2026-09-01 22:18:12,sw-B
et-0/0/48,Up,1,0,0,0,2259,0,0,,Off,Off,Off,Off,,Off,Off,,,,,Off,Off,Off,Off,2026-09-01 22:23:13,sw-B
et-0/0/49,Up,1,0,0,0,0,0,0,,Off,Off,Off,Off,,Off,Off,,,,,Off,Off,Off,Off,2026-09-01 22:23:13,sw-B
et-0/0/50,Up,1,0,0,0,0,0,0,,Off,Off,Off,Off,,Off,Off,,,,,Off,Off,Off,Off,2026-09-01 22:23:13,sw-B
et-0/0/51,Up,1,0,0,0,0,0,0,39.0,Off,Off,Off,Off,7.55,Off,Off,0.905,-0.43,0.686,-1.64,Off,Off,Off,Off,2026-09-01 22:23:13,sw-B
et-0/0/48,Up,1,0,0,0,2267,0,0,,Off,Off,Off,Off,,Off,Off,,,,,Off,Off,Off,Off,2026-09-01 22:28:14,sw-B
et-0/0/49,Up,1,0,0,0,0,0,0,,Off,Off,Off,Off,,Off,Off,,,,,Off,Off,Off,Off,2026-09-01 22:28:14,sw-B
et-0/0/50,Up,1,0,0,0,0,0,0,,Off,Off,Off,Off,,Off,Off,,,,,Off,Off,Off,Off,2026-09-01 22:28:14,sw-B
et-0/0/51,Up,1,0,0,0,0,0,0,38.0,Off,Off,Off,Off,7.539,Off,Off,0.913,-0.4,0.695,-1.58,Off,Off,Off,Off,2026-09-01 22:28:14,sw-B
et-0/0/48,Up,1,0,0,0,2272,0,0,,Off,Off,Off,Off,,Off,Off,,,,,Off,Off,Off,Off,2026-09-01 22:33:16,sw-B
et-0/0/49,Up,1,0,0,0,0,0,0,,Off,Off,Off,Off,,Off,Off,,,,,Off,Off,Off,Off,2026-09-01 22:33:16,sw-B
et-0/0/50,Up,1,0,0,0,0,0,0,,Off,Off,Off,Off,,Off,Off,,,,,Off,Off,Off,Off,2026-09-01 22:33:16,sw-B
et-0/0/51,Up,1,0,0,0,0,0,0,39.0,Off,Off,Off,Off,7.596,Off,Off,0.911,-0.4,0.696,-1.57,Off,Off,Off,Off,2026-09-01 22:33:16,sw-B
et-0/0/48,Up,1,0,0,0,2275,0,0,,Off,Off,Off,Off,,Off,Off,,,,,Off,Off,Off,Off,2026-09-01 22:38:17,sw-B
et-0/0/49,Up,1,0,0,0,0,0,0,,Off,Off,Off,Off,,Off,Off,,,,,Off,Off,Off,Off,2026-09-01 22:38:17,sw-B
et-0/0/50,Up,1,0,0,0,0,0,0,,Off,Off,Off,Off,,Off,Off,,,,,Off,Off,Off,Off,2026-09-01 22:38:17,sw-B
et-0/0/51,Up,1,0,0,0,0,0,0,38.0,Off,Off,Off,Off,7.493,Off,Off,0.903,-0.45,0.695,-1.58,Off,Off,Off,Off,2026-09-01 22:38:17,sw-B
et-0/0/48,Up,1,0,0,0,2277,0,0,,Off,Off,Off,Off,,Off,Off,,,,,Off,Off,Off,Off,2026-09-01 22:43:18,sw-B
et-0/0/49,Up,1,0,0,0,0,0,0,,Off,Off,Off,Off,,Off,Off,,,,,Off,Off,Off,Off,2026-09-01 22:43:18,sw-B
et-0/0/50,Up,1,0,0,0,0,0,0,,Off,Off,Off,Off,,Off,Off,,,,,Off,Off,Off,Off,2026-09-01 22:43:18,sw-B
et-0/0/51,Up,1,0,0,0,0,0,0,38.0,Off,Off,Off,Off,7.572,Off,Off,0.924,-0.34,0.695,-1.58,Off,Off,Off,Off,2026-09-01 22:43:18,sw-B
et-0/0/48,Up,1,0,0,0,2279,0,0,,Off,Off,Off,Off,,Off,Off,,,,,Off,Off,Off,Off,2026-09-01 22:48:20,sw-B
et-0/0/49,Up,1,0,0,0,0,0,0,,Off,Off,Off,Off,,Off,Off,,,,,Off,Off,Off,Off,2026-09-01 22:48:20,sw-B
et-0/0/50,Up,1,0,0,0,0,0,0,,Off,Off,Off,Off,,Off,Off,,,,,Off,Off,Off,Off,2026-09-01 22:48:20,sw-B
et-0/0/51,Up,1,0,0,0,0,0,0,39.0,Off,Off,Off,Off,7.559,Off,Off,0.929,-0.32,0.695,-1.58,Off,Off,Off,Off,2026-09-01 22:48:20,sw-B
et-0/0/48,Up,1,0,0,0,2284,0,0,,Off,Off,Off,Off,,Off,Off,,,,,Off,Off,Off,Off,2026-09-01 22:53:21,sw-B
et-0/0/49,Up,1,0,0,0,0,0,0,,Off,Off,Off,Off,,Off,Off,,,,,Off,Off,Off,Off,2026-09-01 22:53:21,sw-B
et-0/0/50,Up,1,0,0,0,0,0,0,,Off,Off,Off,Off,,Off,Off,,,,,Off,Off,Off,Off,2026-09-01 22:53:21,sw-B
et-0/0/51,Up,1,0,0,0,0,0,0,39.0,Off,Off,Off,Off,7.556,Off,Off,0.929,-0.32,0.697,-1.56,Off,Off,Off,Off,2026-09-01 22:53:21,sw-B
et-0/0/48,Up,1,0,0,0,2290,0,0,,Off,Off,Off,Off,,Off,Off,,,,,Off,Off,Off,Off,2026-09-01 22:58:22,sw-B
et-0/0/49,Up,1,0,0,0,0,0,0,,Off,Off,Off,Off,,Off,Off,,,,,Off,Off,Off,Off,2026-09-01 22:58:22,sw-B
et-0/0/50,Up,1,0,0,0,0,0,0,,Off,Off,Off,Off,,Off,Off,,,,,Off,Off,Off,Off,2026-09-01 22:58:22,sw-B
et-0/0/51,Up,1,0,0,0,0,0,0,38.0,Off,Off,Off,Off,7.565,Off,Off,0.932,-0.3,0.695,-1.58,Off,Off,Off,Off,2026-09-01 22:58:22,sw-B
et-0/0/48,Up,1,0,0,0,2302,0,0,,Off,Off,Off,Off,,Off,Off,,,,,Off,Off,Off,Off,2026-09-01 23:03:23,sw-B
et-0/0/49,Up,1,0,0,0,0,0,0,,Off,Off,Off,Off,,Off,Off,,,,,Off,Off,Off,Off,2026-09-01 23:03:23,sw-B
et-0/0/50,Up,1,0,0,0,0,0,0,,Off,Off,Off,Off,,Off,Off,,,,,Off,Off,Off,Off,2026-09-01 23:03:23,sw-B
et-0/0/51,Up,1,0,0,0,0,0,0,38.0,Off,Off,Off,Off,7.565,Off,Off,0.929,-0.32,0.697,-1.56,Off,Off,Off,Off,2026-09-01 23:03:23,sw-B
et-0/0/48,Up,1,0,0,0,2329,0,0,,Off,Off,Off,Off,,Off,Off,,,,,Off,Off,Off,Off,2026-09-01 23:08:25,sw-B
et-0/0/49,Up,1,0,0,0,0,0,0,,Off,Off,Off,Off,,Off,Off,,,,,Off,Off,Off,Off,2026-09-01 23:08:25,sw-B
et-0/0/50,Up,1,0,0,0,0,0,0,,Off,Off,Off,Off,,Off,Off,,,,,Off,Off,Off,Off,2026-09-01 23:08:25,sw-B
et-0/0/51,Up,1,0,0,0,0,0,0,38.0,Off,Off,Off,Off,7.499,Off,Off,0.924,-0.34,0.697,-1.57,Off,Off,Off,Off,2026-09-01 23:08:25,sw-B
et-0/0/48,Up,1,0,0,0,2440,0,0,,Off,Off,Off,Off,,Off,Off,,,,,Off,Off,Off,Off,2026-09-01 23:13:26,sw-B
et-0/0/49,Up,1,0,0,0,0,0,0,,Off,Off,Off,Off,,Off,Off,,,,,Off,Off,Off,Off,2026-09-01 23:13:26,sw-B
et-0/0/50,Up,1,0,0,0,0,0,0,,Off,Off,Off,Off,,Off,Off,,,,,Off,Off,Off,Off,2026-09-01 23:13:26,sw-B
et-0/0/51,Up,1,0,0,0,0,0,0,38.0,Off,Off,Off,Off,7.576,Off,Off,0.929,-0.32,0.698,-1.56,Off,Off,Off,Off,2026-09-01 23:13:26,sw-B
et-0/0/48,Up,1,0,0,0,2653,0,0,,Off,Off,Off,Off,,Off,Off,,,,,Off,Off,Off,Off,2026-09-01 23:18:27,sw-B
et-0/0/49,Up,1,0,0,0,0,0,0,,Off,Off,Off,Off,,Off,Off,,,,,Off,Off,Off,Off,2026-09-01 23:18:27,sw-B
et-0/0/50,Up,1,0,0,0,0,0,0,,Off,Off,Off,Off,,Off,Off,,,,,Off,Off,Off,Off,2026-09-01 23:18:27,sw-B
et-0/0/51,Up,1,0,0,0,0,0,0,38.0,Off,Off,Off,Off,7.489,Off,Off,0.923,-0.35,0.7,-1.55,Off,Off,Off,Off,2026-09-01 23:18:27,sw-B
et-0/0/48,Up,1,0,0,0,2845,0,0,,Off,Off,Off,Off,,Off,Off,,,,,Off,Off,Off,Off,2026-09-01 23:23:28,sw-B
et-0/0/49,Up,1,0,0,0,0,0,0,,Off,Off,Off,Off,,Off,Off,,,,,Off,Off,Off,Off,2026-09-01 23:23:28,sw-B
et-0/0/50,Up,1,0,0,0,0,0,0,,Off,Off,Off,Off,,Off,Off,,,,,Off,Off,Off,Off,2026-09-01 23:23:28,sw-B
et-0/0/51,Up,1,0,0,0,0,0,0,38.0,Off,Off,Off,Off,7.631,Off,Off,0.922,-0.35,0.697,-1.57,Off,Off,Off,Off,2026-09-01 23:23:28,sw-B
et-0/0/48,Up,1,0,0,0,2974,0,0,,Off,Off,Off,Off,,Off,Off,,,,,Off,Off,Off,Off,2026-09-01 23:28:30,sw-B
et-0/0/49,Up,1,0,0,0,0,0,0,,Off,Off,Off,Off,,Off,Off,,,,,Off,Off,Off,Off,2026-09-01 23:28:30,sw-B
et-0/0/50,Up,1,0,0,0,0,0,0,,Off,Off,Off,Off,,Off,Off,,,,,Off,Off,Off,Off,2026-09-01 23:28:30,sw-B
et-0/0/51,Up,1,0,0,0,0,0,0,39.0,Off,Off,Off,Off,7.519,Off,Off,0.921,-0.36,0.696,-1.57,Off,Off,Off,Off,2026-09-01 23:28:30,sw-B
et-0/0/48,Up,1,0,0,0,3043,0,0,,Off,Off,Off,Off,,Off,Off,,,,,Off,Off,Off,Off,2026-09-01 23:33:31,sw-B
et-0/0/49,Up,1,0,0,0,0,0,0,,Off,Off,Off,Off,,Off,Off,,,,,Off,Off,Off,Off,2026-09-01 23:33:31,sw-B
et-0/0/50,Up,1,0,0,0,0,0,0,,Off,Off,Off,Off,,Off,Off,,,,,Off,Off,Off,Off,2026-09-01 23:33:31,sw-B
et-0/0/51,Up,1,0,0,0,0,0,0,39.0,Off,Off,Off,Off,7.581,Off,Off,0.925,-0.34,0.698,-1.56,Off,Off,Off,Off,2026-09-01 23:33:31,sw-B
et-0/0/48,Up,1,0,0,0,3052,0,0,,Off,Off,Off,Off,,Off,Off,,,,,Off,Off,Off,Off,2026-09-01 23:38:32,sw-B
et-0/0/49,Up,1,0,0,0,0,0,0,,Off,Off,Off,Off,,Off,Off,,,,,Off,Off,Off,Off,2026-09-01 23:38:32,sw-B
et-0/0/50,Up,1,0,0,0,0,0,0,,Off,Off,Off,Off,,Off,Off,,,,,Off,Off,Off,Off,2026-09-01 23:38:32,sw-B
et-0/0/51,Up,1,0,0,0,0,0,0,39.0,Off,Off,Off,Off,7.576,Off,Off,0.926,-0.34,0.697,-1.57,Off,Off,Off,Off,2026-09-01 23:38:32,sw-B
et-0/0/48,Up,1,0,0,0,3054,0,0,,Off,Off,Off,Off,,Off,Off,,,,,Off,Off,Off,Off,2026-09-01 23:43:33,sw-B
et-0/0/49,Up,1,0,0,0,0,0,0,,Off,Off,Off,Off,,Off,Off,,,,,Off,Off,Off,Off,2026-09-01 23:43:33,sw-B
et-0/0/50,Up,1,0,0,0,0,0,0,,Off,Off,Off,Off,,Off,Off,,,,,Off,Off,Off,Off,2026-09-01 23:43:33,sw-B
et-0/0/51,Up,1,0,0,0,0,0,0,38.0,Off,Off,Off,Off,7.464,Off,Off,0.919,-0.37,0.697,-1.56,Off,Off,Off,Off,2026-09-01 23:43:33,sw-B
et-0/0/48,Up,1,0,0,0,3055,0,0,,Off,Off,Off,Off,,Off,Off,,,,,Off,Off,Off,Off,2026-09-01 23:48:35,sw-B
et-0/0/49,Up,1,0,0,0,0,0,0,,Off,Off,Off,Off,,Off,Off,,,,,Off,Off,Off,Off,2026-09-01 23:48:35,sw-B
et-0/0/50,Up,1,0,0,0,0,0,0,,Off,Off,Off,Off,,Off,Off,,,,,Off,Off,Off,Off,2026-09-01 23:48:35,sw-B
et-0/0/51,Up,1,0,0,0,0,0,0,38.0,Off,Off,Off,Off,7.484,Off,Off,0.927,-0.33,0.699,-1.56,Off,Off,Off,Off,2026-09-01 23:48:35,sw-B
et-0/0/48,Up,1,0,0,0,3055,0,0,,Off,Off,Off,Off,,Off,Off,,,,,Off,Off,Off,Off,2026-09-01 23:53:36,sw-B
et-0/0/49,Up,1,0,0,0,0,0,0,,Off,Off,Off,Off,,Off,Off,,,,,Off,Off,Off,Off,2026-09-01 23:53:36,sw-B
et-0/0/50,Up,1,0,0,0,0,0,0,,Off,Off,Off,Off,,Off,Off,,,,,Off,Off,Off,Off,2026-09-01 23:53:36,sw-B
et-0/0/51,Up,1,0,0,0,0,0,0,39.0,Off,Off,Off,Off,7.53,Off,Off,0.928,-0.33,0.697,-1.56,Off,Off,Off,Off,2026-09-01 23:53:36,sw-B
et-0/0/48,Up,1,0,0,0,3055,0,0,,Off,Off,Off,Off,,Off,Off,,,,,Off,Off,Off,Off,2026-09-01 23:58:37,sw-B
et-0/0/49,Up,1,0,0,0,0,0,0,,Off,Off,Off,Off,,Off,Off,,,,,Off,Off,Off,Off,2026-09-01 23:58:37,sw-B
et-0/0/50,Up,1,0,0,0,0,0,0,,Off,Off,Off,Off,,Off,Off,,,,,Off,Off,Off,Off,2026-09-01 23:58:37,sw-B
et-0/0/51,Up,1,0,0,0,0,0,0,39.0,Off,Off,Off,Off,7.519,Off,Off,0.926,-0.33,0.697,-1.57,Off,Off,Off,Off,2026-09-01 23:58:37,sw-B
et-0/0/48,Up,1,0,0,0,3055,0,0,,Off,Off,Off,Off,,Off,Off,,,,,Off,Off,Off,Off,2026-09-02 00:03:39,sw-B
et-0/0/49,Up,1,0,0,0,0,0,0,,Off,Off,Off,Off,,Off,Off,,,,,Off,Off,Off,Off,2026-09-02 00:03:39,sw-B
et-0/0/50,Up,1,0,0,0,0,0,0,,Off,Off,Off,Off,,Off,Off,,,,,Off,Off,Off,Off,2026-09-02 00:03:39,sw-B
et-0/0/51,Up,1,0,0,0,0,0,0,38.0,Off,Off,Off,Off,7.581,Off,Off,0.934,-0.3,0.698,-1.56,Off,Off,Off,Off,2026-09-02 00:03:39,sw-B
et-0/0/48,Up,1,0,0,0,3055,0,0,,Off,Off,Off,Off,,Off,Off,,,,,Off,Off,Off,Off,2026-09-02 00:08:40,sw-B
et-0/0/49,Up,1,0,0,0,0,0,0,,Off,Off,Off,Off,,Off,Off,,,,,Off,Off,Off,Off,2026-09-02 00:08:40,sw-B
et-0/0/50,Up,1,0,0,0,0,0,0,,Off,Off,Off,Off,,Off,Off,,,,,Off,Off,Off,Off,2026-09-02 00:08:40,sw-B
et-0/0/51,Up,1,0,0,0,0,0,0,38.0,Off,Off,Off,Off,7.499,Off,Off,0.92,-0.36,0.698,-1.56,Off,Off,Off,Off,2026-09-02 00:08:40,sw-B
et-0/0/48,Up,1,0,0,0,3055,0,0,,Off,Off,Off,Off,,Off,Off,,,,,Off,Off,Off,Off,2026-09-02 00:13:41,sw-B
et-0/0/49,Up,1,0,0,0,0,0,0,,Off,Off,Off,Off,,Off,Off,,,,,Off,Off,Off,Off,2026-09-02 00:13:41,sw-B
et-0/0/50,Up,1,0,0,0,0,0,0,,Off,Off,Off,Off,,Off,Off,,,,,Off,Off,Off,Off,2026-09-02 00:13:41,sw-B
et-0/0/51,Up,1,0,0,0,0,0,0,39.0,Off,Off,Off,Off,7.489,Off,Off,0.91,-0.41,0.697,-1.57,Off,Off,Off,Off,2026-09-02 00:13:41,sw-B
et-0/0/48,Up,1,0,0,0,3055,0,0,,Off,Off,Off,Off,,Off,Off,,,,,Off,Off,Off,Off,2026-09-02 00:18:42,sw-B
et-0/0/49,Up,1,0,0,0,0,0,0,,Off,Off,Off,Off,,Off,Off,,,,,Off,Off,Off,Off,2026-09-02 00:18:42,sw-B
et-0/0/50,Up,1,0,0,0,0,0,0,,Off,Off,Off,Off,,Off,Off,,,,,Off,Off,Off,Off,2026-09-02 00:18:42,sw-B
et-0/0/51,Up,1,0,0,0,0,0,0,38.0,Off,Off,Off,Off,7.55,Off,Off,0.939,-0.27,0.697,-1.57,Off,Off,Off,Off,2026-09-02 00:18:42,sw-B
et-0/0/48,Up,1,0,0,0,3055,0,0,,Off,Off,Off,Off,,Off,Off,,,,,Off,Off,Off,Off,2026-09-02 00:23:44,sw-B
et-0/0/49,Up,1,0,0,0,0,0,0,,Off,Off,Off,Off,,Off,Off,,,,,Off,Off,Off,Off,2026-09-02 00:23:44,sw-B
et-0/0/50,Up,1,0,0,0,0,0,0,,Off,Off,Off,Off,,Off,Off,,,,,Off,Off,Off,Off,2026-09-02 00:23:44,sw-B
et-0/0/51,Up,1,0,0,0,0,0,0,38.0,Off,Off,Off,Off,7.526,Off,Off,0.92,-0.36,0.698,-1.56,Off,Off,Off,Off,2026-09-02 00:23:44,sw-B
et-0/0/48,Up,1,0,0,0,3055,0,0,,Off,Off,Off,Off,,Off,Off,,,,,Off,Off,Off,Off,2026-09-02 00:28:45,sw-B
et-0/0/49,Up,1,0,0,0,0,0,0,,Off,Off,Off,Off,,Off,Off,,,,,Off,Off,Off,Off,2026-09-02 00:28:45,sw-B
et-0/0/50,Up,1,0,0,0,0,0,0,,Off,Off,Off,Off,,Off,Off,,,,,Off,Off,Off,Off,2026-09-02 00:28:45,sw-B
et-0/0/51,Up,1,0,0,0,0,0,0,38.0,Off,Off,Off,Off,7.443,Off,Off,0.918,-0.37,0.697,-1.57,Off,Off,Off,Off,2026-09-02 00:28:45,sw-B
et-0/0/48,Up,1,0,0,0,3055,0,0,,Off,Off,Off,Off,,Off,Off,,,,,Off,Off,Off,Off,2026-09-02 00:33:46,sw-B
et-0/0/49,Up,1,0,0,0,0,0,0,,Off,Off,Off,Off,,Off,Off,,,,,Off,Off,Off,Off,2026-09-02 00:33:46,sw-B
et-0/0/50,Up,1,0,0,0,0,0,0,,Off,Off,Off,Off,,Off,Off,,,,,Off,Off,Off,Off,2026-09-02 00:33:46,sw-B
et-0/0/51,Up,1,0,0,0,0,0,0,38.0,Off,Off,Off,Off,7.46,Off,Off,0.928,-0.33,0.696,-1.57,Off,Off,Off,Off,2026-09-02 00:33:46,sw-B
et-0/0/48,Up,1,0,0,0,3056,0,0,,Off,Off,Off,Off,,Off,Off,,,,,Off,Off,Off,Off,2026-09-02 00:38:48,sw-B
et-0/0/49,Up,1,0,0,0,0,0,0,,Off,Off,Off,Off,,Off,Off,,,,,Off,Off,Off,Off,2026-09-02 00:38:48,sw-B
et-0/0/50,Up,1,0,0,0,0,0,0,,Off,Off,Off,Off,,Off,Off,,,,,Off,Off,Off,Off,2026-09-02 00:38:48,sw-B
et-0/0/51,Up,1,0,0,0,0,0,0,39.0,Off,Off,Off,Off,7.48,Off,Off,0.933,-0.3,0.697,-1.57,Off,Off,Off,Off,2026-09-02 00:38:48,sw-B
et-0/0/48,Up,1,0,0,0,3057,0,0,,Off,Off,Off,Off,,Off,Off,,,,,Off,Off,Off,Off,2026-09-02 00:43:49,sw-B
et-0/0/49,Up,1,0,0,0,0,0,0,,Off,Off,Off,Off,,Off,Off,,,,,Off,Off,Off,Off,2026-09-02 00:43:49,sw-B
et-0/0/50,Up,1,0,0,0,0,0,0,,Off,Off,Off,Off,,Off,Off,,,,,Off,Off,Off,Off,2026-09-02 00:43:49,sw-B
et-0/0/51,Up,1,0,0,0,0,0,0,38.0,Off,Off,Off,Off,7.576,Off,Off,0.93,-0.32,0.698,-1.56,Off,Off,Off,Off,2026-09-02 00:43:49,sw-B
et-0/0/48,Up,1,0,0,0,3057,0,0,,Off,Off,Off,Off,,Off,Off,,,,,Off,Off,Off,Off,2026-09-02 00:48:50,sw-B
et-0/0/49,Up,1,0,0,0,0,0,0,,Off,Off,Off,Off,,Off,Off,,,,,Off,Off,Off,Off,2026-09-02 00:48:50,sw-B
et-0/0/50,Up,1,0,0,0,0,0,0,,Off,Off,Off,Off,,Off,Off,,,,,Off,Off,Off,Off,2026-09-02 00:48:50,sw-B
et-0/0/51,Up,1,0,0,0,0,0,0,38.0,Off,Off,Off,Off,7.499,Off,Off,0.932,-0.31,0.697,-1.57,Off,Off,Off,Off,2026-09-02 00:48:50,sw-B
et-0/0/48,Up,1,0,0,0,3062,0,0,,Off,Off,Off,Off,,Off,Off,,,,,Off,Off,Off,Off,2026-09-02 00:53:51,sw-B
et-0/0/49,Up,1,0,0,0,0,0,0,,Off,Off,Off,Off,,Off,Off,,,,,Off,Off,Off,Off,2026-09-02 00:53:51,sw-B
et-0/0/50,Up,1,0,0,0,0,0,0,,Off,Off,Off,Off,,Off,Off,,,,,Off,Off,Off,Off,2026-09-02 00:53:51,sw-B
et-0/0/51,Up,1,0,0,0,0,0,0,38.0,Off,Off,Off,Off,7.493,Off,Off,0.94,-0.27,0.697,-1.56,Off,Off,Off,Off,2026-09-02 00:53:51,sw-B
et-0/0/48,Up,1,0,0,0,3067,0,0,,Off,Off,Off,Off,,Off,Off,,,,,Off,Off,Off,Off,2026-09-02 00:58:53,sw-B
et-0/0/49,Up,1,0,0,0,0,0,0,,Off,Off,Off,Off,,Off,Off,,,,,Off,Off,Off,Off,2026-09-02 00:58:53,sw-B
et-0/0/50,Up,1,0,0,0,0,0,0,,Off,Off,Off,Off,,Off,Off,,,,,Off,Off,Off,Off,2026-09-02 00:58:53,sw-B
et-0/0/51,Up,1,0,0,0,0,0,0,38.0,Off,Off,Off,Off,7.559,Off,Off,0.932,-0.3,0.698,-1.56,Off,Off,Off,Off,2026-09-02 00:58:53,sw-B
et-0/0/48,Up,1,0,0,0,3097,0,0,,Off,Off,Off,Off,,Off,Off,,,,,Off,Off,Off,Off,2026-09-02 01:03:54,sw-B
et-0/0/49,Up,1,0,0,0,0,0,0,,Off,Off,Off,Off,,Off,Off,,,,,Off,Off,Off,Off,2026-09-02 01:03:54,sw-B
et-0/0/50,Up,1,0,0,0,0,0,0,,Off,Off,Off,Off,,Off,Off,,,,,Off,Off,Off,Off,2026-09-02 01:03:54,sw-B
et-0/0/51,Up,1,0,0,0,0,0,0,39.0,Off,Off,Off,Off,7.489,Off,Off,0.93,-0.31,0.698,-1.56,Off,Off,Off,Off,2026-09-02 01:03:54,sw-B
et-0/0/48,Up,1,0,0,0,3147,0,0,,Off,Off,Off,Off,,Off,Off,,,,,Off,Off,Off,Off,2026-09-02 01:08:55,sw-B
et-0/0/49,Up,1,0,0,0,0,0,0,,Off,Off,Off,Off,,Off,Off,,,,,Off,Off,Off,Off,2026-09-02 01:08:55,sw-B
et-0/0/50,Up,1,0,0,0,0,0,0,,Off,Off,Off,Off,,Off,Off,,,,,Off,Off,Off,Off,2026-09-02 01:08:55,sw-B
et-0/0/51,Up,1,0,0,0,0,0,0,39.0,Off,Off,Off,Off,7.559,Off,Off,0.89,-0.51,0.693,-1.59,Off,Off,Off,Off,2026-09-02 01:08:55,sw-B
et-0/0/48,Up,1,0,0,0,3293,0,0,,Off,Off,Off,Off,,Off,Off,,,,,Off,Off,Off,Off,2026-09-02 01:13:57,sw-B
et-0/0/49,Up,1,0,0,0,0,0,0,,Off,Off,Off,Off,,Off,Off,,,,,Off,Off,Off,Off,2026-09-02 01:13:57,sw-B
et-0/0/50,Up,1,0,0,0,0,0,0,,Off,Off,Off,Off,,Off,Off,,,,,Off,Off,Off,Off,2026-09-02 01:13:57,sw-B
et-0/0/51,Up,1,0,0,0,0,0,0,38.0,Off,Off,Off,Off,7.55,Off,Off,0.938,-0.28,0.697,-1.56,Off,Off,Off,Off,2026-09-02 01:13:57,sw-B
et-0/0/48,Up,1,0,0,0,3530,0,0,,Off,Off,Off,Off,,Off,Off,,,,,Off,Off,Off,Off,2026-09-02 01:18:58,sw-B
et-0/0/49,Up,1,0,0,0,0,0,0,,Off,Off,Off,Off,,Off,Off,,,,,Off,Off,Off,Off,2026-09-02 01:18:58,sw-B
et-0/0/50,Up,1,0,0,0,0,0,0,,Off,Off,Off,Off,,Off,Off,,,,,Off,Off,Off,Off,2026-09-02 01:18:58,sw-B
et-0/0/51,Up,1,0,0,0,0,0,0,39.0,Off,Off,Off,Off,7.546,Off,Off,0.935,-0.29,0.694,-1.58,Off,Off,Off,Off,2026-09-02 01:18:58,sw-B
et-0/0/48,Up,1,0,0,0,3866,0,0,,Off,Off,Off,Off,,Off,Off,,,,,Off,Off,Off,Off,2026-09-02 01:23:59,sw-B
et-0/0/49,Up,1,0,0,0,0,0,0,,Off,Off,Off,Off,,Off,Off,,,,,Off,Off,Off,Off,2026-09-02 01:23:59,sw-B
et-0/0/50,Up,1,0,0,0,0,0,0,,Off,Off,Off,Off,,Off,Off,,,,,Off,Off,Off,Off,2026-09-02 01:23:59,sw-B
et-0/0/51,Up,1,0,0,0,0,0,0,38.0,Off,Off,Off,Off,7.48,Off,Off,0.932,-0.3,0.697,-1.56,Off,Off,Off,Off,2026-09-02 01:23:59,sw-B
et-0/0/48,Up,1,0,0,0,4153,0,0,,Off,Off,Off,Off,,Off,Off,,,,,Off,Off,Off,Off,2026-09-02 01:29:00,sw-B
et-0/0/49,Up,1,0,0,0,0,0,0,,Off,Off,Off,Off,,Off,Off,,,,,Off,Off,Off,Off,2026-09-02 01:29:00,sw-B
et-0/0/50,Up,1,0,0,0,0,0,0,,Off,Off,Off,Off,,Off,Off,,,,,Off,Off,Off,Off,2026-09-02 01:29:00,sw-B
et-0/0/51,Up,1,0,0,0,0,0,0,38.0,Off,Off,Off,Off,7.407,Off,Off,0.934,-0.29,0.699,-1.56,Off,Off,Off,Off,2026-09-02 01:29:00,sw-B
et-0/0/48,Up,1,0,0,0,4275,0,0,,Off,Off,Off,Off,,Off,Off,,,,,Off,Off,Off,Off,2026-09-02 01:34:02,sw-B
et-0/0/49,Up,1,0,0,0,0,0,0,,Off,Off,Off,Off,,Off,Off,,,,,Off,Off,Off,Off,2026-09-02 01:34:02,sw-B
et-0/0/50,Up,1,0,0,0,0,0,0,,Off,Off,Off,Off,,Off,Off,,,,,Off,Off,Off,Off,2026-09-02 01:34:02,sw-B
et-0/0/51,Up,1,0,0,0,0,0,0,38.0,Off,Off,Off,Off,7.535,Off,Off,0.895,-0.48,0.697,-1.56,Off,Off,Off,Off,2026-09-02 01:34:02,sw-B
et-0/0/48,Up,1,0,0,0,4336,0,0,,Off,Off,Off,Off,,Off,Off,,,,,Off,Off,Off,Off,2026-09-02 01:39:03,sw-B
et-0/0/49,Up,1,0,0,0,0,0,0,,Off,Off,Off,Off,,Off,Off,,,,,Off,Off,Off,Off,2026-09-02 01:39:03,sw-B
et-0/0/50,Up,1,0,0,0,0,0,0,,Off,Off,Off,Off,,Off,Off,,,,,Off,Off,Off,Off,2026-09-02 01:39:03,sw-B
et-0/0/51,Up,1,0,0,0,0,0,0,38.0,Off,Off,Off,Off,7.631,Off,Off,0.901,-0.45,0.692,-1.6,Off,Off,Off,Off,2026-09-02 01:39:03,sw-B
et-0/0/48,Up,1,0,0,0,4351,0,0,,Off,Off,Off,Off,,Off,Off,,,,,Off,Off,Off,Off,2026-09-02 01:44:04,sw-B
et-0/0/49,Up,1,0,0,0,0,0,0,,Off,Off,Off,Off,,Off,Off,,,,,Off,Off,Off,Off,2026-09-02 01:44:04,sw-B
et-0/0/50,Up,1,0,0,0,0,0,0,,Off,Off,Off,Off,,Off,Off,,,,,Off,Off,Off,Off,2026-09-02 01:44:04,sw-B
et-0/0/51,Up,1,0,0,0,0,0,0,38.0,Off,Off,Off,Off,7.596,Off,Off,0.893,-0.49,0.697,-1.57,Off,Off,Off,Off,2026-09-02 01:44:04,sw-B
et-0/0/48,Up,1,0,0,0,4358,0,0,,Off,Off,Off,Off,,Off,Off,,,,,Off,Off,Off,Off,2026-09-02 01:49:05,sw-B
et-0/0/49,Up,1,0,0,0,0,0,0,,Off,Off,Off,Off,,Off,Off,,,,,Off,Off,Off,Off,2026-09-02 01:49:05,sw-B
et-0/0/50,Up,1,0,0,0,0,0,0,,Off,Off,Off,Off,,Off,Off,,,,,Off,Off,Off,Off,2026-09-02 01:49:05,sw-B
et-0/0/51,Up,1,0,0,0,0,0,0,39.0,Off,Off,Off,Off,7.572,Off,Off,0.89,-0.5,0.695,-1.58,Off,Off,Off,Off,2026-09-02 01:49:05,sw-B
et-0/0/48,Up,1,0,0,0,4362,0,0,,Off,Off,Off,Off,,Off,Off,,,,,Off,Off,Off,Off,2026-09-02 01:54:07,sw-B
et-0/0/49,Up,1,0,0,0,0,0,0,,Off,Off,Off,Off,,Off,Off,,,,,Off,Off,Off,Off,2026-09-02 01:54:07,sw-B
et-0/0/50,Up,1,0,0,0,0,0,0,,Off,Off,Off,Off,,Off,Off,,,,,Off,Off,Off,Off,2026-09-02 01:54:07,sw-B
et-0/0/51,Up,1,0,0,0,0,0,0,39.0,Off,Off,Off,Off,7.572,Off,Off,0.892,-0.5,0.696,-1.58,Off,Off,Off,Off,2026-09-02 01:54:07,sw-B
et-0/0/48,Up,1,0,0,0,4365,0,0,,Off,Off,Off,Off,,Off,Off,,,,,Off,Off,Off,Off,2026-09-02 01:59:08,sw-B
et-0/0/49,Up,1,0,0,0,0,0,0,,Off,Off,Off,Off,,Off,Off,,,,,Off,Off,Off,Off,2026-09-02 01:59:08,sw-B
et-0/0/50,Up,1,0,0,0,0,0,0,,Off,Off,Off,Off,,Off,Off,,,,,Off,Off,Off,Off,2026-09-02 01:59:08,sw-B
et-0/0/51,Up,1,0,0,0,0,0,0,39.0,Off,Off,Off,Off,7.556,Off,Off,0.907,-0.42,0.697,-1.57,Off,Off,Off,Off,2026-09-02 01:59:08,sw-B
et-0/0/48,Up,1,0,0,0,4369,0,0,,Off,Off,Off,Off,,Off,Off,,,,,Off,Off,Off,Off,2026-09-02 02:04:09,sw-B
et-0/0/49,Up,1,0,0,0,0,0,0,,Off,Off,Off,Off,,Off,Off,,,,,Off,Off,Off,Off,2026-09-02 02:04:09,sw-B
et-0/0/50,Up,1,0,0,0,0,0,0,,Off,Off,Off,Off,,Off,Off,,,,,Off,Off,Off,Off,2026-09-02 02:04:09,sw-B
et-0/0/51,Up,1,0,0,0,0,0,0,38.0,Off,Off,Off,Off,7.46,Off,Off,0.892,-0.5,0.696,-1.57,Off,Off,Off,Off,2026-09-02 02:04:09,sw-B
et-0/0/48,Up,1,0,0,0,4372,0,0,,Off,Off,Off,Off,,Off,Off,,,,,Off,Off,Off,Off,2026-09-02 02:09:11,sw-B
et-0/0/49,Up,1,0,0,0,0,0,0,,Off,Off,Off,Off,,Off,Off,,,,,Off,Off,Off,Off,2026-09-02 02:09:11,sw-B
et-0/0/50,Up,1,0,0,0,0,0,0,,Off,Off,Off,Off,,Off,Off,,,,,Off,Off,Off,Off,2026-09-02 02:09:11,sw-B
et-0/0/51,Up,1,0,0,0,0,0,0,38.0,Off,Off,Off,Off,7.546,Off,Off,0.891,-0.5,0.697,-1.56,Off,Off,Off,Off,2026-09-02 02:09:11,sw-B
et-0/0/48,Up,1,0,0,0,4382,0,0,,Off,Off,Off,Off,,Off,Off,,,,,Off,Off,Off,Off,2026-09-02 02:14:12,sw-B
et-0/0/49,Up,1,0,0,0,0,0,0,,Off,Off,Off,Off,,Off,Off,,,,,Off,Off,Off,Off,2026-09-02 02:14:12,sw-B
et-0/0/50,Up,1,0,0,0,0,0,0,,Off,Off,Off,Off,,Off,Off,,,,,Off,Off,Off,Off,2026-09-02 02:14:12,sw-B
et-0/0/51,Up,1,0,0,0,0,0,0,39.0,Off,Off,Off,Off,7.469,Off,Off,0.898,-0.47,0.696,-1.57,Off,Off,Off,Off,2026-09-02 02:14:12,sw-B
et-0/0/48,Up,1,0,0,0,4390,0,0,,Off,Off,Off,Off,,Off,Off,,,,,Off,Off,Off,Off,2026-09-02 02:19:13,sw-B
et-0/0/49,Up,1,0,0,0,0,0,0,,Off,Off,Off,Off,,Off,Off,,,,,Off,Off,Off,Off,2026-09-02 02:19:13,sw-B
et-0/0/50,Up,1,0,0,0,0,0,0,,Off,Off,Off,Off,,Off,Off,,,,,Off,Off,Off,Off,2026-09-02 02:19:13,sw-B
et-0/0/51,Up,1,0,0,0,0,0,0,38.0,Off,Off,Off,Off,7.447,Off,Off,0.891,-0.5,0.698,-1.56,Off,Off,Off,Off,2026-09-02 02:19:13,sw-B
et-0/0/48,Up,1,0,0,0,4406,0,0,,Off,Off,Off,Off,,Off,Off,,,,,Off,Off,Off,Off,2026-09-02 02:24:14,sw-B
et-0/0/49,Up,1,0,0,0,0,0,0,,Off,Off,Off,Off,,Off,Off,,,,,Off,Off,Off,Off,2026-09-02 02:24:14,sw-B
et-0/0/50,Up,1,0,0,0,0,0,0,,Off,Off,Off,Off,,Off,Off,,,,,Off,Off,Off,Off,2026-09-02 02:24:14,sw-B
et-0/0/51,Up,1,0,0,0,0,0,0,38.0,Off,Off,Off,Off,7.53,Off,Off,0.89,-0.5,0.698,-1.56,Off,Off,Off,Off,2026-09-02 02:24:14,sw-B
et-0/0/48,Up,1,0,0,0,4414,0,0,,Off,Off,Off,Off,,Off,Off,,,,,Off,Off,Off,Off,2026-09-02 02:29:16,sw-B
et-0/0/49,Up,1,0,0,0,0,0,0,,Off,Off,Off,Off,,Off,Off,,,,,Off,Off,Off,Off,2026-09-02 02:29:16,sw-B
et-0/0/50,Up,1,0,0,0,0,0,0,,Off,Off,Off,Off,,Off,Off,,,,,Off,Off,Off,Off,2026-09-02 02:29:16,sw-B
et-0/0/51,Up,1,0,0,0,0,0,0,39.0,Off,Off,Off,Off,7.48,Off,Off,0.889,-0.51,0.698,-1.56,Off,Off,Off,Off,2026-09-02 02:29:16,sw-B
et-0/0/48,Up,1,0,0,0,4431,0,0,,Off,Off,Off,Off,,Off,Off,,,,,Off,Off,Off,Off,2026-09-02 02:34:17,sw-B
et-0/0/49,Up,1,0,0,0,0,0,0,,Off,Off,Off,Off,,Off,Off,,,,,Off,Off,Off,Off,2026-09-02 02:34:17,sw-B
et-0/0/50,Up,1,0,0,0,0,0,0,,Off,Off,Off,Off,,Off,Off,,,,,Off,Off,Off,Off,2026-09-02 02:34:17,sw-B
et-0/0/51,Up,1,0,0,0,0,0,0,38.0,Off,Off,Off,Off,7.484,Off,Off,0.903,-0.44,0.696,-1.57,Off,Off,Off,Off,2026-09-02 02:34:17,sw-B
et-0/0/48,Up,1,0,0,0,4467,0,0,,Off,Off,Off,Off,,Off,Off,,,,,Off,Off,Off,Off,2026-09-02 02:39:18,sw-B
et-0/0/49,Up,1,0,0,0,0,0,0,,Off,Off,Off,Off,,Off,Off,,,,,Off,Off,Off,Off,2026-09-02 02:39:18,sw-B
et-0/0/50,Up,1,0,0,0,0,0,0,,Off,Off,Off,Off,,Off,Off,,,,,Off,Off,Off,Off,2026-09-02 02:39:18,sw-B
et-0/0/51,Up,1,0,0,0,0,0,0,39.0,Off,Off,Off,Off,7.535,Off,Off,0.897,-0.47,0.697,-1.56,Off,Off,Off,Off,2026-09-02 02:39:18,sw-B
et-0/0/48,Up,1,0,0,0,4528,0,0,,Off,Off,Off,Off,,Off,Off,,,,,Off,Off,Off,Off,2026-09-02 02:44:20,sw-B
et-0/0/49,Up,1,0,0,0,0,0,0,,Off,Off,Off,Off,,Off,Off,,,,,Off,Off,Off,Off,2026-09-02 02:44:20,sw-B
et-0/0/50,Up,1,0,0,0,0,0,0,,Off,Off,Off,Off,,Off,Off,,,,,Off,Off,Off,Off,2026-09-02 02:44:20,sw-B
et-0/0/51,Up,1,0,0,0,0,0,0,39.0,Off,Off,Off,Off,7.535,Off,Off,0.936,-0.29,0.7,-1.55,Off,Off,Off,Off,2026-09-02 02:44:20,sw-B
et-0/0/48,Up,1,0,0,0,4687,0,0,,Off,Off,Off,Off,,Off,Off,,,,,Off,Off,Off,Off,2026-09-02 02:49:21,sw-B
et-0/0/49,Up,1,0,0,0,0,0,0,,Off,Off,Off,Off,,Off,Off,,,,,Off,Off,Off,Off,2026-09-02 02:49:21,sw-B
et-0/0/50,Up,1,0,0,0,0,0,0,,Off,Off,Off,Off,,Off,Off,,,,,Off,Off,Off,Off,2026-09-02 02:49:21,sw-B
et-0/0/51,Up,1,0,0,0,0,0,0,39.0,Off,Off,Off,Off,7.526,Off,Off,0.897,-0.47,0.699,-1.56,Off,Off,Off,Off,2026-09-02 02:49:21,sw-B
et-0/0/48,Up,1,0,0,0,4855,0,0,,Off,Off,Off,Off,,Off,Off,,,,,Off,Off,Off,Off,2026-09-02 02:54:22,sw-B
et-0/0/49,Up,1,0,0,0,0,0,0,,Off,Off,Off,Off,,Off,Off,,,,,Off,Off,Off,Off,2026-09-02 02:54:22,sw-B
et-0/0/50,Up,1,0,0,0,0,0,0,,Off,Off,Off,Off,,Off,Off,,,,,Off,Off,Off,Off,2026-09-02 02:54:22,sw-B
et-0/0/51,Up,1,0,0,0,0,0,0,39.0,Off,Off,Off,Off,7.48,Off,Off,0.891,-0.5,0.699,-1.55,Off,Off,Off,Off,2026-09-02 02:54:22,sw-B
et-0/0/48,Up,1,0,0,0,4991,0,0,,Off,Off,Off,Off,,Off,Off,,,,,Off,Off,Off,Off,2026-09-02 02:59:23,sw-B
et-0/0/49,Up,1,0,0,0,0,0,0,,Off,Off,Off,Off,,Off,Off,,,,,Off,Off,Off,Off,2026-09-02 02:59:23,sw-B
et-0/0/50,Up,1,0,0,0,0,0,0,,Off,Off,Off,Off,,Off,Off,,,,,Off,Off,Off,Off,2026-09-02 02:59:23,sw-B
et-0/0/51,Up,1,0,0,0,0,0,0,38.0,Off,Off,Off,Off,7.48,Off,Off,0.894,-0.49,0.698,-1.56,Off,Off,Off,Off,2026-09-02 02:59:23,sw-B
et-0/0/48,Up,1,0,0,0,5086,0,0,,Off,Off,Off,Off,,Off,Off,,,,,Off,Off,Off,Off,2026-09-02 03:04:24,sw-B
et-0/0/49,Up,1,0,0,0,0,0,0,,Off,Off,Off,Off,,Off,Off,,,,,Off,Off,Off,Off,2026-09-02 03:04:24,sw-B
et-0/0/50,Up,1,0,0,0,0,0,0,,Off,Off,Off,Off,,Off,Off,,,,,Off,Off,Off,Off,2026-09-02 03:04:24,sw-B
et-0/0/51,Up,1,0,0,0,0,0,0,38.0,Off,Off,Off,Off,7.493,Off,Off,0.91,-0.41,0.699,-1.56,Off,Off,Off,Off,2026-09-02 03:04:24,sw-B
et-0/0/48,Up,1,0,0,0,5130,0,0,,Off,Off,Off,Off,,Off,Off,,,,,Off,Off,Off,Off,2026-09-02 03:09:26,sw-B
et-0/0/49,Up,1,0,0,0,0,0,0,,Off,Off,Off,Off,,Off,Off,,,,,Off,Off,Off,Off,2026-09-02 03:09:26,sw-B
et-0/0/50,Up,1,0,0,0,0,0,0,,Off,Off,Off,Off,,Off,Off,,,,,Off,Off,Off,Off,2026-09-02 03:09:26,sw-B
et-0/0/51,Up,1,0,0,0,0,0,0,38.0,Off,Off,Off,Off,7.605,Off,Off,0.916,-0.38,0.699,-1.55,Off,Off,Off,Off,2026-09-02 03:09:26,sw-B
et-0/0/48,Up,1,0,0,0,5156,0,0,,Off,Off,Off,Off,,Off,Off,,,,,Off,Off,Off,Off,2026-09-02 03:14:27,sw-B
et-0/0/49,Up,1,0,0,0,0,0,0,,Off,Off,Off,Off,,Off,Off,,,,,Off,Off,Off,Off,2026-09-02 03:14:27,sw-B
et-0/0/50,Up,1,0,0,0,0,0,0,,Off,Off,Off,Off,,Off,Off,,,,,Off,Off,Off,Off,2026-09-02 03:14:27,sw-B
et-0/0/51,Up,1,0,0,0,0,0,0,38.0,Off,Off,Off,Off,7.616,Off,Off,0.917,-0.38,0.7,-1.55,Off,Off,Off,Off,2026-09-02 03:14:27,sw-B
et-0/0/48,Up,1,0,0,0,5162,0,0,,Off,Off,Off,Off,,Off,Off,,,,,Off,Off,Off,Off,2026-09-02 03:19:28,sw-B
et-0/0/49,Up,1,0,0,0,0,0,0,,Off,Off,Off,Off,,Off,Off,,,,,Off,Off,Off,Off,2026-09-02 03:19:28,sw-B
et-0/0/50,Up,1,0,0,0,0,0,0,,Off,Off,Off,Off,,Off,Off,,,,,Off,Off,Off,Off,2026-09-02 03:19:28,sw-B
et-0/0/51,Up,1,0,0,0,0,0,0,38.0,Off,Off,Off,Off,7.526,Off,Off,0.894,-0.48,0.7,-1.55,Off,Off,Off,Off,2026-09-02 03:19:28,sw-B
et-0/0/48,Up,1,0,0,0,5162,0,0,,Off,Off,Off,Off,,Off,Off,,,,,Off,Off,Off,Off,2026-09-02 03:24:30,sw-B
et-0/0/49,Up,1,0,0,0,0,0,0,,Off,Off,Off,Off,,Off,Off,,,,,Off,Off,Off,Off,2026-09-02 03:24:30,sw-B
et-0/0/50,Up,1,0,0,0,0,0,0,,Off,Off,Off,Off,,Off,Off,,,,,Off,Off,Off,Off,2026-09-02 03:24:30,sw-B
et-0/0/51,Up,1,0,0,0,0,0,0,38.0,Off,Off,Off,Off,7.484,Off,Off,0.889,-0.51,0.698,-1.56,Off,Off,Off,Off,2026-09-02 03:24:30,sw-B
et-0/0/48,Up,1,0,0,0,5162,0,0,,Off,Off,Off,Off,,Off,Off,,,,,Off,Off,Off,Off,2026-09-02 03:29:31,sw-B
et-0/0/49,Up,1,0,0,0,0,0,0,,Off,Off,Off,Off,,Off,Off,,,,,Off,Off,Off,Off,2026-09-02 03:29:31,sw-B
et-0/0/50,Up,1,0,0,0,0,0,0,,Off,Off,Off,Off,,Off,Off,,,,,Off,Off,Off,Off,2026-09-02 03:29:31,sw-B
et-0/0/51,Up,1,0,0,0,0,0,0,38.0,Off,Off,Off,Off,7.489,Off,Off,0.896,-0.48,0.701,-1.54,Off,Off,Off,Off,2026-09-02 03:29:31,sw-B
et-0/0/48,Up,1,0,0,0,5162,0,0,,Off,Off,Off,Off,,Off,Off,,,,,Off,Off,Off,Off,2026-09-02 03:34:32,sw-B
et-0/0/49,Up,1,0,0,0,0,0,0,,Off,Off,Off,Off,,Off,Off,,,,,Off,Off,Off,Off,2026-09-02 03:34:32,sw-B
et-0/0/50,Up,1,0,0,0,0,0,0,,Off,Off,Off,Off,,Off,Off,,,,,Off,Off,Off,Off,2026-09-02 03:34:32,sw-B
et-0/0/51,Up,1,0,0,0,0,0,0,38.0,Off,Off,Off,Off,7.526,Off,Off,0.913,-0.4,0.7,-1.55,Off,Off,Off,Off,2026-09-02 03:34:32,sw-B
et-0/0/48,Up,1,0,0,0,5162,0,0,,Off,Off,Off,Off,,Off,Off,,,,,Off,Off,Off,Off,2026-09-02 03:39:33,sw-B
et-0/0/49,Up,1,0,0,0,0,0,0,,Off,Off,Off,Off,,Off,Off,,,,,Off,Off,Off,Off,2026-09-02 03:39:33,sw-B
et-0/0/50,Up,1,0,0,0,0,0,0,,Off,Off,Off,Off,,Off,Off,,,,,Off,Off,Off,Off,2026-09-02 03:39:33,sw-B
et-0/0/51,Up,1,0,0,0,0,0,0,39.0,Off,Off,Off,Off,7.535,Off,Off,0.914,-0.39,0.7,-1.55,Off,Off,Off,Off,2026-09-02 03:39:33,sw-B
et-0/0/48,Up,1,0,0,0,5162,0,0,,Off,Off,Off,Off,,Off,Off,,,,,Off,Off,Off,Off,2026-09-02 03:44:35,sw-B
et-0/0/49,Up,1,0,0,0,0,0,0,,Off,Off,Off,Off,,Off,Off,,,,,Off,Off,Off,Off,2026-09-02 03:44:35,sw-B
et-0/0/50,Up,1,0,0,0,0,0,0,,Off,Off,Off,Off,,Off,Off,,,,,Off,Off,Off,Off,2026-09-02 03:44:35,sw-B
et-0/0/51,Up,1,0,0,0,0,0,0,38.0,Off,Off,Off,Off,7.51,Off,Off,0.907,-0.42,0.697,-1.56,Off,Off,Off,Off,2026-09-02 03:44:35,sw-B
et-0/0/48,Up,1,0,0,0,5162,0,0,,Off,Off,Off,Off,,Off,Off,,,,,Off,Off,Off,Off,2026-09-02 03:49:36,sw-B
et-0/0/49,Up,1,0,0,0,0,0,0,,Off,Off,Off,Off,,Off,Off,,,,,Off,Off,Off,Off,2026-09-02 03:49:36,sw-B
et-0/0/50,Up,1,0,0,0,0,0,0,,Off,Off,Off,Off,,Off,Off,,,,,Off,Off,Off,Off,2026-09-02 03:49:36,sw-B
et-0/0/51,Up,1,0,0,0,0,0,0,38.0,Off,Off,Off,Off,7.515,Off,Off,0.915,-0.39,0.696,-1.57,Off,Off,Off,Off,2026-09-02 03:49:36,sw-B
et-0/0/48,Up,1,0,0,0,5162,0,0,,Off,Off,Off,Off,,Off,Off,,,,,Off,Off,Off,Off,2026-09-02 03:54:37,sw-B
et-0/0/49,Up,1,0,0,0,0,0,0,,Off,Off,Off,Off,,Off,Off,,,,,Off,Off,Off,Off,2026-09-02 03:54:37,sw-B
et-0/0/50,Up,1,0,0,0,0,0,0,,Off,Off,Off,Off,,Off,Off,,,,,Off,Off,Off,Off,2026-09-02 03:54:37,sw-B
et-0/0/51,Up,1,0,0,0,0,0,0,38.0,Off,Off,Off,Off,7.493,Off,Off,0.912,-0.4,0.702,-1.53,Off,Off,Off,Off,2026-09-02 03:54:37,sw-B
et-0/0/48,Up,1,0,0,0,5162,0,0,,Off,Off,Off,Off,,Off,Off,,,,,Off,Off,Off,Off,2026-09-02 03:59:38,sw-B
et-0/0/49,Up,1,0,0,0,0,0,0,,Off,Off,Off,Off,,Off,Off,,,,,Off,Off,Off,Off,2026-09-02 03:59:38,sw-B
et-0/0/50,Up,1,0,0,0,0,0,0,,Off,Off,Off,Off,,Off,Off,,,,,Off,Off,Off,Off,2026-09-02 03:59:38,sw-B
et-0/0/51,Up,1,0,0,0,0,0,0,39.0,Off,Off,Off,Off,7.499,Off,Off,0.911,-0.4,0.7,-1.55,Off,Off,Off,Off,2026-09-02 03:59:38,sw-B
et-0/0/48,Up,1,0,0,0,5162,0,0,,Off,Off,Off,Off,,Off,Off,,,,,Off,Off,Off,Off,2026-09-02 04:04:40,sw-B
et-0/0/49,Up,1,0,0,0,0,0,0,,Off,Off,Off,Off,,Off,Off,,,,,Off,Off,Off,Off,2026-09-02 04:04:40,sw-B
et-0/0/50,Up,1,0,0,0,0,0,0,,Off,Off,Off,Off,,Off,Off,,,,,Off,Off,Off,Off,2026-09-02 04:04:40,sw-B
et-0/0/51,Up,1,0,0,0,0,0,0,38.0,Off,Off,Off,Off,7.484,Off,Off,0.906,-0.43,0.702,-1.54,Off,Off,Off,Off,2026-09-02 04:04:40,sw-B
et-0/0/48,Up,1,0,0,0,5162,0,0,,Off,Off,Off,Off,,Off,Off,,,,,Off,Off,Off,Off,2026-09-02 04:09:41,sw-B
et-0/0/49,Up,1,0,0,0,0,0,0,,Off,Off,Off,Off,,Off,Off,,,,,Off,Off,Off,Off,2026-09-02 04:09:41,sw-B
et-0/0/50,Up,1,0,0,0,0,0,0,,Off,Off,Off,Off,,Off,Off,,,,,Off,Off,Off,Off,2026-09-02 04:09:41,sw-B
et-0/0/51,Up,1,0,0,0,0,0,0,39.0,Off,Off,Off,Off,7.504,Off,Off,0.913,-0.39,0.699,-1.55,Off,Off,Off,Off,2026-09-02 04:09:41,sw-B
et-0/0/48,Up,1,0,0,0,5162,0,0,,Off,Off,Off,Off,,Off,Off,,,,,Off,Off,Off,Off,2026-09-02 04:14:43,sw-B
et-0/0/49,Up,1,0,0,0,0,0,0,,Off,Off,Off,Off,,Off,Off,,,,,Off,Off,Off,Off,2026-09-02 04:14:43,sw-B
et-0/0/50,Up,1,0,0,0,0,0,0,,Off,Off,Off,Off,,Off,Off,,,,,Off,Off,Off,Off,2026-09-02 04:14:43,sw-B
et-0/0/51,Up,1,0,0,0,0,0,0,39.0,Off,Off,Off,Off,7.504,Off,Off,0.912,-0.4,0.702,-1.54,Off,Off,Off,Off,2026-09-02 04:14:43,sw-B
et-0/0/48,Up,1,0,0,0,5162,0,0,,Off,Off,Off,Off,,Off,Off,,,,,Off,Off,Off,Off,2026-09-02 04:19:44,sw-B
et-0/0/49,Up,1,0,0,0,0,0,0,,Off,Off,Off,Off,,Off,Off,,,,,Off,Off,Off,Off,2026-09-02 04:19:44,sw-B
et-0/0/50,Up,1,0,0,0,0,0,0,,Off,Off,Off,Off,,Off,Off,,,,,Off,Off,Off,Off,2026-09-02 04:19:44,sw-B
et-0/0/51,Up,1,0,0,0,0,0,0,38.0,Off,Off,Off,Off,7.438,Off,Off,0.915,-0.39,0.701,-1.54,Off,Off,Off,Off,2026-09-02 04:19:44,sw-B
et-0/0/48,Up,1,0,0,0,5162,0,0,,Off,Off,Off,Off,,Off,Off,,,,,Off,Off,Off,Off,2026-09-02 04:24:45,sw-B
et-0/0/49,Up,1,0,0,0,0,0,0,,Off,Off,Off,Off,,Off,Off,,,,,Off,Off,Off,Off,2026-09-02 04:24:45,sw-B
et-0/0/50,Up,1,0,0,0,0,0,0,,Off,Off,Off,Off,,Off,Off,,,,,Off,Off,Off,Off,2026-09-02 04:24:45,sw-B
et-0/0/51,Up,1,0,0,0,0,0,0,39.0,Off,Off,Off,Off,7.559,Off,Off,0.905,-0.44,0.702,-1.54,Off,Off,Off,Off,2026-09-02 04:24:45,sw-B
et-0/0/48,Up,1,0,0,0,5162,0,0,,Off,Off,Off,Off,,Off,Off,,,,,Off,Off,Off,Off,2026-09-02 04:29:46,sw-B
et-0/0/49,Up,1,0,0,0,0,0,0,,Off,Off,Off,Off,,Off,Off,,,,,Off,Off,Off,Off,2026-09-02 04:29:46,sw-B
et-0/0/50,Up,1,0,0,0,0,0,0,,Off,Off,Off,Off,,Off,Off,,,,,Off,Off,Off,Off,2026-09-02 04:29:46,sw-B
et-0/0/51,Up,1,0,0,0,0,0,0,38.0,Off,Off,Off,Off,7.484,Off,Off,0.914,-0.39,0.7,-1.55,Off,Off,Off,Off,2026-09-02 04:29:46,sw-B
et-0/0/48,Up,1,0,0,0,5162,0,0,,Off,Off,Off,Off,,Off,Off,,,,,Off,Off,Off,Off,2026-09-02 04:34:48,sw-B
et-0/0/49,Up,1,0,0,0,0,0,0,,Off,Off,Off,Off,,Off,Off,,,,,Off,Off,Off,Off,2026-09-02 04:34:48,sw-B
et-0/0/50,Up,1,0,0,0,0,0,0,,Off,Off,Off,Off,,Off,Off,,,,,Off,Off,Off,Off,2026-09-02 04:34:48,sw-B
et-0/0/51,Up,1,0,0,0,0,0,0,39.0,Off,Off,Off,Off,7.519,Off,Off,0.911,-0.4,0.701,-1.54,Off,Off,Off,Off,2026-09-02 04:34:48,sw-B
et-0/0/48,Up,1,0,0,0,5164,0,0,,Off,Off,Off,Off,,Off,Off,,,,,Off,Off,Off,Off,2026-09-02 04:39:49,sw-B
et-0/0/49,Up,1,0,0,0,0,0,0,,Off,Off,Off,Off,,Off,Off,,,,,Off,Off,Off,Off,2026-09-02 04:39:49,sw-B
et-0/0/50,Up,1,0,0,0,0,0,0,,Off,Off,Off,Off,,Off,Off,,,,,Off,Off,Off,Off,2026-09-02 04:39:49,sw-B
et-0/0/51,Up,1,0,0,0,0,0,0,38.0,Off,Off,Off,Off,7.473,Off,Off,0.919,-0.37,0.698,-1.56,Off,Off,Off,Off,2026-09-02 04:39:49,sw-B
et-0/0/48,Up,1,0,0,0,5166,0,0,,Off,Off,Off,Off,,Off,Off,,,,,Off,Off,Off,Off,2026-09-02 04:44:50,sw-B
et-0/0/49,Up,1,0,0,0,0,0,0,,Off,Off,Off,Off,,Off,Off,,,,,Off,Off,Off,Off,2026-09-02 04:44:50,sw-B
et-0/0/50,Up,1,0,0,0,0,0,0,,Off,Off,Off,Off,,Off,Off,,,,,Off,Off,Off,Off,2026-09-02 04:44:50,sw-B
et-0/0/51,Up,1,0,0,0,0,0,0,39.0,Off,Off,Off,Off,7.576,Off,Off,0.911,-0.41,0.701,-1.54,Off,Off,Off,Off,2026-09-02 04:44:50,sw-B
et-0/0/48,Up,1,0,0,0,5176,0,0,,Off,Off,Off,Off,,Off,Off,,,,,Off,Off,Off,Off,2026-09-02 04:49:51,sw-B
et-0/0/49,Up,1,0,0,0,0,0,0,,Off,Off,Off,Off,,Off,Off,,,,,Off,Off,Off,Off,2026-09-02 04:49:51,sw-B
et-0/0/50,Up,1,0,0,0,0,0,0,,Off,Off,Off,Off,,Off,Off,,,,,Off,Off,Off,Off,2026-09-02 04:49:51,sw-B
et-0/0/51,Up,1,0,0,0,0,0,0,38.0,Off,Off,Off,Off,7.504,Off,Off,0.908,-0.42,0.7,-1.55,Off,Off,Off,Off,2026-09-02 04:49:51,sw-B
et-0/0/48,Up,1,0,0,0,5191,0,0,,Off,Off,Off,Off,,Off,Off,,,,,Off,Off,Off,Off,2026-09-02 04:54:53,sw-B
et-0/0/49,Up,1,0,0,0,0,0,0,,Off,Off,Off,Off,,Off,Off,,,,,Off,Off,Off,Off,2026-09-02 04:54:53,sw-B
et-0/0/50,Up,1,0,0,0,0,0,0,,Off,Off,Off,Off,,Off,Off,,,,,Off,Off,Off,Off,2026-09-02 04:54:53,sw-B
et-0/0/51,Up,1,0,0,0,0,0,0,38.0,Off,Off,Off,Off,7.51,Off,Off,0.901,-0.45,0.699,-1.56,Off,Off,Off,Off,2026-09-02 04:54:53,sw-B
et-0/0/48,Up,1,0,0,0,5215,0,0,,Off,Off,Off,Off,,Off,Off,,,,,Off,Off,Off,Off,2026-09-02 04:59:54,sw-B
et-0/0/49,Up,1,0,0,0,0,0,0,,Off,Off,Off,Off,,Off,Off,,,,,Off,Off,Off,Off,2026-09-02 04:59:54,sw-B
et-0/0/50,Up,1,0,0,0,0,0,0,,Off,Off,Off,Off,,Off,Off,,,,,Off,Off,Off,Off,2026-09-02 04:59:54,sw-B
et-0/0/51,Up,1,0,0,0,0,0,0,38.0,Off,Off,Off,Off,7.504,Off,Off,0.908,-0.42,0.699,-1.55,Off,Off,Off,Off,2026-09-02 04:59:54,sw-B
et-0/0/48,Up,1,0,0,0,5255,0,0,,Off,Off,Off,Off,,Off,Off,,,,,Off,Off,Off,Off,2026-09-02 05:04:55,sw-B
et-0/0/49,Up,1,0,0,0,0,0,0,,Off,Off,Off,Off,,Off,Off,,,,,Off,Off,Off,Off,2026-09-02 05:04:55,sw-B
et-0/0/50,Up,1,0,0,0,0,0,0,,Off,Off,Off,Off,,Off,Off,,,,,Off,Off,Off,Off,2026-09-02 05:04:55,sw-B
et-0/0/51,Up,1,0,0,0,0,0,0,38.0,Off,Off,Off,Off,7.556,Off,Off,0.902,-0.45,0.698,-1.56,Off,Off,Off,Off,2026-09-02 05:04:55,sw-B
et-0/0/48,Up,1,0,0,0,5354,0,0,,Off,Off,Off,Off,,Off,Off,,,,,Off,Off,Off,Off,2026-09-02 05:09:56,sw-B
et-0/0/49,Up,1,0,0,0,0,0,0,,Off,Off,Off,Off,,Off,Off,,,,,Off,Off,Off,Off,2026-09-02 05:09:56,sw-B
et-0/0/50,Up,1,0,0,0,0,0,0,,Off,Off,Off,Off,,Off,Off,,,,,Off,Off,Off,Off,2026-09-02 05:09:56,sw-B
et-0/0/51,Up,1,0,0,0,0,0,0,38.0,Off,Off,Off,Off,7.556,Off,Off,0.912,-0.4,0.697,-1.57,Off,Off,Off,Off,2026-09-02 05:09:56,sw-B
et-0/0/48,Up,1,0,0,0,5468,0,0,,Off,Off,Off,Off,,Off,Off,,,,,Off,Off,Off,Off,2026-09-02 05:14:58,sw-B
et-0/0/49,Up,1,0,0,0,0,0,0,,Off,Off,Off,Off,,Off,Off,,,,,Off,Off,Off,Off,2026-09-02 05:14:58,sw-B
et-0/0/50,Up,1,0,0,0,0,0,0,,Off,Off,Off,Off,,Off,Off,,,,,Off,Off,Off,Off,2026-09-02 05:14:58,sw-B
et-0/0/51,Up,1,0,0,0,0,0,0,38.0,Off,Off,Off,Off,7.48,Off,Off,0.915,-0.39,0.695,-1.58,Off,Off,Off,Off,2026-09-02 05:14:58,sw-B
et-0/0/48,Up,1,0,0,0,5617,0,0,,Off,Off,Off,Off,,Off,Off,,,,,Off,Off,Off,Off,2026-09-02 05:19:59,sw-B
et-0/0/49,Up,1,0,0,0,0,0,0,,Off,Off,Off,Off,,Off,Off,,,,,Off,Off,Off,Off,2026-09-02 05:19:59,sw-B
et-0/0/50,Up,1,0,0,0,0,0,0,,Off,Off,Off,Off,,Off,Off,,,,,Off,Off,Off,Off,2026-09-02 05:19:59,sw-B
et-0/0/51,Up,1,0,0,0,0,0,0,38.0,Off,Off,Off,Off,7.55,Off,Off,0.909,-0.42,0.697,-1.56,Off,Off,Off,Off,2026-09-02 05:19:59,sw-B
et-0/0/48,Up,1,0,0,0,5817,0,0,,Off,Off,Off,Off,,Off,Off,,,,,Off,Off,Off,Off,2026-09-02 05:25:00,sw-B
et-0/0/49,Up,1,0,0,0,0,0,0,,Off,Off,Off,Off,,Off,Off,,,,,Off,Off,Off,Off,2026-09-02 05:25:00,sw-B
et-0/0/50,Up,1,0,0,0,0,0,0,,Off,Off,Off,Off,,Off,Off,,,,,Off,Off,Off,Off,2026-09-02 05:25:00,sw-B
et-0/0/51,Up,1,0,0,0,0,0,0,39.0,Off,Off,Off,Off,7.546,Off,Off,0.901,-0.45,0.696,-1.57,Off,Off,Off,Off,2026-09-02 05:25:00,sw-B
et-0/0/48,Up,1,0,0,0,6016,0,0,,Off,Off,Off,Off,,Off,Off,,,,,Off,Off,Off,Off,2026-09-02 05:30:01,sw-B
et-0/0/49,Up,1,0,0,0,0,0,0,,Off,Off,Off,Off,,Off,Off,,,,,Off,Off,Off,Off,2026-09-02 05:30:01,sw-B
et-0/0/50,Up,1,0,0,0,0,0,0,,Off,Off,Off,Off,,Off,Off,,,,,Off,Off,Off,Off,2026-09-02 05:30:01,sw-B
et-0/0/51,Up,1,0,0,0,0,0,0,38.0,Off,Off,Off,Off,7.53,Off,Off,0.918,-0.37,0.697,-1.57,Off,Off,Off,Off,2026-09-02 05:30:01,sw-B
et-0/0/48,Up,1,0,0,0,6200,0,0,,Off,Off,Off,Off,,Off,Off,,,,,Off,Off,Off,Off,2026-09-02 05:35:03,sw-B
et-0/0/49,Up,1,0,0,0,0,0,0,,Off,Off,Off,Off,,Off,Off,,,,,Off,Off,Off,Off,2026-09-02 05:35:03,sw-B
et-0/0/50,Up,1,0,0,0,0,0,0,,Off,Off,Off,Off,,Off,Off,,,,,Off,Off,Off,Off,2026-09-02 05:35:03,sw-B
et-0/0/51,Up,1,0,0,0,0,0,0,39.0,Off,Off,Off,Off,7.453,Off,Off,0.901,-0.45,0.697,-1.56,Off,Off,Off,Off,2026-09-02 05:35:03,sw-B
et-0/0/48,Up,1,0,0,0,6324,0,0,,Off,Off,Off,Off,,Off,Off,,,,,Off,Off,Off,Off,2026-09-02 05:40:04,sw-B
et-0/0/49,Up,1,0,0,0,0,0,0,,Off,Off,Off,Off,,Off,Off,,,,,Off,Off,Off,Off,2026-09-02 05:40:04,sw-B
et-0/0/50,Up,1,0,0,0,0,0,0,,Off,Off,Off,Off,,Off,Off,,,,,Off,Off,Off,Off,2026-09-02 05:40:04,sw-B
et-0/0/51,Up,1,0,0,0,0,0,0,38.0,Off,Off,Off,Off,7.539,Off,Off,0.921,-0.36,0.698,-1.56,Off,Off,Off,Off,2026-09-02 05:40:04,sw-B
et-0/0/48,Up,1,0,0,0,6404,0,0,,Off,Off,Off,Off,,Off,Off,,,,,Off,Off,Off,Off,2026-09-02 05:45:05,sw-B
et-0/0/49,Up,1,0,0,0,0,0,0,,Off,Off,Off,Off,,Off,Off,,,,,Off,Off,Off,Off,2026-09-02 05:45:05,sw-B
et-0/0/50,Up,1,0,0,0,0,0,0,,Off,Off,Off,Off,,Off,Off,,,,,Off,Off,Off,Off,2026-09-02 05:45:05,sw-B
et-0/0/51,Up,1,0,0,0,0,0,0,39.0,Off,Off,Off,Off,7.546,Off,Off,0.919,-0.37,0.691,-1.61,Off,Off,Off,Off,2026-09-02 05:45:05,sw-B
et-0/0/48,Up,1,0,0,0,6458,0,0,,Off,Off,Off,Off,,Off,Off,,,,,Off,Off,Off,Off,2026-09-02 05:50:07,sw-B
et-0/0/49,Up,1,0,0,0,0,0,0,,Off,Off,Off,Off,,Off,Off,,,,,Off,Off,Off,Off,2026-09-02 05:50:07,sw-B
et-0/0/50,Up,1,0,0,0,0,0,0,,Off,Off,Off,Off,,Off,Off,,,,,Off,Off,Off,Off,2026-09-02 05:50:07,sw-B
et-0/0/51,Up,1,0,0,0,0,0,0,38.0,Off,Off,Off,Off,7.469,Off,Off,0.9,-0.46,0.697,-1.57,Off,Off,Off,Off,2026-09-02 05:50:07,sw-B
et-0/0/48,Up,1,0,0,0,6481,0,0,,Off,Off,Off,Off,,Off,Off,,,,,Off,Off,Off,Off,2026-09-02 05:55:08,sw-B
et-0/0/49,Up,1,0,0,0,0,0,0,,Off,Off,Off,Off,,Off,Off,,,,,Off,Off,Off,Off,2026-09-02 05:55:08,sw-B
et-0/0/50,Up,1,0,0,0,0,0,0,,Off,Off,Off,Off,,Off,Off,,,,,Off,Off,Off,Off,2026-09-02 05:55:08,sw-B
et-0/0/51,Up,1,0,0,0,0,0,0,39.0,Off,Off,Off,Off,7.484,Off,Off,0.907,-0.42,0.697,-1.57,Off,Off,Off,Off,2026-09-02 05:55:08,sw-B
et-0/0/48,Up,1,0,0,0,6496,0,0,,Off,Off,Off,Off,,Off,Off,,,,,Off,Off,Off,Off,2026-09-02 06:00:09,sw-B
et-0/0/49,Up,1,0,0,0,0,0,0,,Off,Off,Off,Off,,Off,Off,,,,,Off,Off,Off,Off,2026-09-02 06:00:09,sw-B
et-0/0/50,Up,1,0,0,0,0,0,0,,Off,Off,Off,Off,,Off,Off,,,,,Off,Off,Off,Off,2026-09-02 06:00:09,sw-B
et-0/0/51,Up,1,0,0,0,0,0,0,39.0,Off,Off,Off,Off,7.515,Off,Off,0.906,-0.43,0.696,-1.58,Off,Off,Off,Off,2026-09-02 06:00:09,sw-B
et-0/0/48,Up,1,0,0,0,6512,0,0,,Off,Off,Off,Off,,Off,Off,,,,,Off,Off,Off,Off,2026-09-02 06:05:10,sw-B
et-0/0/49,Up,1,0,0,0,0,0,0,,Off,Off,Off,Off,,Off,Off,,,,,Off,Off,Off,Off,2026-09-02 06:05:10,sw-B
et-0/0/50,Up,1,0,0,0,0,0,0,,Off,Off,Off,Off,,Off,Off,,,,,Off,Off,Off,Off,2026-09-02 06:05:10,sw-B
et-0/0/51,Up,1,0,0,0,0,0,0,38.0,Off,Off,Off,Off,7.556,Off,Off,0.921,-0.36,0.695,-1.58,Off,Off,Off,Off,2026-09-02 06:05:10,sw-B
et-0/0/48,Up,1,0,0,0,6526,0,0,,Off,Off,Off,Off,,Off,Off,,,,,Off,Off,Off,Off,2026-09-02 06:10:12,sw-B
et-0/0/49,Up,1,0,0,0,0,0,0,,Off,Off,Off,Off,,Off,Off,,,,,Off,Off,Off,Off,2026-09-02 06:10:12,sw-B
et-0/0/50,Up,1,0,0,0,0,0,0,,Off,Off,Off,Off,,Off,Off,,,,,Off,Off,Off,Off,2026-09-02 06:10:12,sw-B
et-0/0/51,Up,1,0,0,0,0,0,0,39.0,Off,Off,Off,Off,7.48,Off,Off,0.946,-0.24,0.696,-1.58,Off,Off,Off,Off,2026-09-02 06:10:12,sw-B
et-0/0/48,Up,1,0,0,0,6548,0,0,,Off,Off,Off,Off,,Off,Off,,,,,Off,Off,Off,Off,2026-09-02 06:15:13,sw-B
et-0/0/49,Up,1,0,0,0,0,0,0,,Off,Off,Off,Off,,Off,Off,,,,,Off,Off,Off,Off,2026-09-02 06:15:13,sw-B
et-0/0/50,Up,1,0,0,0,0,0,0,,Off,Off,Off,Off,,Off,Off,,,,,Off,Off,Off,Off,2026-09-02 06:15:13,sw-B
et-0/0/51,Up,1,0,0,0,0,0,0,38.0,Off,Off,Off,Off,7.453,Off,Off,0.908,-0.42,0.696,-1.58,Off,Off,Off,Off,2026-09-02 06:15:13,sw-B
et-0/0/48,Up,1,0,0,0,6566,0,0,,Off,Off,Off,Off,,Off,Off,,,,,Off,Off,Off,Off,2026-09-02 06:20:14,sw-B
et-0/0/49,Up,1,0,0,0,0,0,0,,Off,Off,Off,Off,,Off,Off,,,,,Off,Off,Off,Off,2026-09-02 06:20:14,sw-B
et-0/0/50,Up,1,0,0,0,0,0,0,,Off,Off,Off,Off,,Off,Off,,,,,Off,Off,Off,Off,2026-09-02 06:20:14,sw-B
et-0/0/51,Up,1,0,0,0,0,0,0,39.0,Off,Off,Off,Off,7.484,Off,Off,0.904,-0.44,0.693,-1.59,Off,Off,Off,Off,2026-09-02 06:20:14,sw-B
et-0/0/48,Up,1,0,0,0,6599,0,0,,Off,Off,Off,Off,,Off,Off,,,,,Off,Off,Off,Off,2026-09-02 06:25:16,sw-B
et-0/0/49,Up,1,0,0,0,0,0,0,,Off,Off,Off,Off,,Off,Off,,,,,Off,Off,Off,Off,2026-09-02 06:25:16,sw-B
et-0/0/50,Up,1,0,0,0,0,0,0,,Off,Off,Off,Off,,Off,Off,,,,,Off,Off,Off,Off,2026-09-02 06:25:16,sw-B
et-0/0/51,Up,1,0,0,0,0,0,0,39.0,Off,Off,Off,Off,7.51,Off,Off,0.909,-0.41,0.693,-1.59,Off,Off,Off,Off,2026-09-02 06:25:16,sw-B
et-0/0/48,Up,1,0,0,0,6637,0,0,,Off,Off,Off,Off,,Off,Off,,,,,Off,Off,Off,Off,2026-09-02 06:30:17,sw-B
et-0/0/49,Up,1,0,0,0,0,0,0,,Off,Off,Off,Off,,Off,Off,,,,,Off,Off,Off,Off,2026-09-02 06:30:17,sw-B
et-0/0/50,Up,1,0,0,0,0,0,0,,Off,Off,Off,Off,,Off,Off,,,,,Off,Off,Off,Off,2026-09-02 06:30:17,sw-B
et-0/0/51,Up,1,0,0,0,0,0,0,38.0,Off,Off,Off,Off,7.469,Off,Off,0.92,-0.36,0.698,-1.56,Off,Off,Off,Off,2026-09-02 06:30:17,sw-B
et-0/0/48,Up,1,0,0,0,6721,0,0,,Off,Off,Off,Off,,Off,Off,,,,,Off,Off,Off,Off,2026-09-02 06:35:18,sw-B
et-0/0/49,Up,1,0,0,0,0,0,0,,Off,Off,Off,Off,,Off,Off,,,,,Off,Off,Off,Off,2026-09-02 06:35:18,sw-B
et-0/0/50,Up,1,0,0,0,0,0,0,,Off,Off,Off,Off,,Off,Off,,,,,Off,Off,Off,Off,2026-09-02 06:35:18,sw-B
et-0/0/51,Up,1,0,0,0,0,0,0,38.0,Off,Off,Off,Off,7.535,Off,Off,0.927,-0.33,0.696,-1.58,Off,Off,Off,Off,2026-09-02 06:35:18,sw-B
et-0/0/48,Up,1,0,0,0,6847,0,0,,Off,Off,Off,Off,,Off,Off,,,,,Off,Off,Off,Off,2026-09-02 06:40:20,sw-B
et-0/0/49,Up,1,0,0,0,0,0,0,,Off,Off,Off,Off,,Off,Off,,,,,Off,Off,Off,Off,2026-09-02 06:40:20,sw-B
et-0/0/50,Up,1,0,0,0,0,0,0,,Off,Off,Off,Off,,Off,Off,,,,,Off,Off,Off,Off,2026-09-02 06:40:20,sw-B
et-0/0/51,Up,1,0,0,0,0,0,0,38.0,Off,Off,Off,Off,7.559,Off,Off,0.926,-0.34,0.696,-1.58,Off,Off,Off,Off,2026-09-02 06:40:20,sw-B
et-0/0/48,Up,1,0,0,0,6992,0,0,,Off,Off,Off,Off,,Off,Off,,,,,Off,Off,Off,Off,2026-09-02 06:45:21,sw-B
et-0/0/49,Up,1,0,0,0,0,0,0,,Off,Off,Off,Off,,Off,Off,,,,,Off,Off,Off,Off,2026-09-02 06:45:21,sw-B
et-0/0/50,Up,1,0,0,0,0,0,0,,Off,Off,Off,Off,,Off,Off,,,,,Off,Off,Off,Off,2026-09-02 06:45:21,sw-B
et-0/0/51,Up,1,0,0,0,0,0,0,39.0,Off,Off,Off,Off,7.473,Off,Off,0.909,-0.42,0.694,-1.59,Off,Off,Off,Off,2026-09-02 06:45:21,sw-B
et-0/0/48,Up,1,0,0,0,7093,0,0,,Off,Off,Off,Off,,Off,Off,,,,,Off,Off,Off,Off,2026-09-02 06:50:22,sw-B
et-0/0/49,Up,1,0,0,0,0,0,0,,Off,Off,Off,Off,,Off,Off,,,,,Off,Off,Off,Off,2026-09-02 06:50:22,sw-B
et-0/0/50,Up,1,0,0,0,0,0,0,,Off,Off,Off,Off,,Off,Off,,,,,Off,Off,Off,Off,2026-09-02 06:50:22,sw-B
et-0/0/51,Up,1,0,0,0,0,0,0,39.0,Off,Off,Off,Off,7.585,Off,Off,0.943,-0.26,0.693,-1.59,Off,Off,Off,Off,2026-09-02 06:50:22,sw-B
et-0/0/48,Up,1,0,0,0,7169,0,0,,Off,Off,Off,Off,,Off,Off,,,,,Off,Off,Off,Off,2026-09-02 06:55:23,sw-B
et-0/0/49,Up,1,0,0,0,0,0,0,,Off,Off,Off,Off,,Off,Off,,,,,Off,Off,Off,Off,2026-09-02 06:55:23,sw-B
et-0/0/50,Up,1,0,0,0,0,0,0,,Off,Off,Off,Off,,Off,Off,,,,,Off,Off,Off,Off,2026-09-02 06:55:23,sw-B
et-0/0/51,Up,1,0,0,0,0,0,0,38.0,Off,Off,Off,Off,7.585,Off,Off,0.923,-0.35,0.694,-1.58,Off,Off,Off,Off,2026-09-02 06:55:23,sw-B
et-0/0/48,Up,1,0,0,0,7199,0,0,,Off,Off,Off,Off,,Off,Off,,,,,Off,Off,Off,Off,2026-09-02 07:00:25,sw-B
et-0/0/49,Up,1,0,0,0,0,0,0,,Off,Off,Off,Off,,Off,Off,,,,,Off,Off,Off,Off,2026-09-02 07:00:25,sw-B
et-0/0/50,Up,1,0,0,0,0,0,0,,Off,Off,Off,Off,,Off,Off,,,,,Off,Off,Off,Off,2026-09-02 07:00:25,sw-B
et-0/0/51,Up,1,0,0,0,0,0,0,39.0,Off,Off,Off,Off,7.546,Off,Off,0.918,-0.37,0.695,-1.58,Off,Off,Off,Off,2026-09-02 07:00:25,sw-B
et-0/0/48,Up,1,0,0,0,7217,0,0,,Off,Off,Off,Off,,Off,Off,,,,,Off,Off,Off,Off,2026-09-02 07:05:26,sw-B
et-0/0/49,Up,1,0,0,0,0,0,0,,Off,Off,Off,Off,,Off,Off,,,,,Off,Off,Off,Off,2026-09-02 07:05:26,sw-B
et-0/0/50,Up,1,0,0,0,0,0,0,,Off,Off,Off,Off,,Off,Off,,,,,Off,Off,Off,Off,2026-09-02 07:05:26,sw-B
et-0/0/51,Up,1,0,0,0,0,0,0,38.0,Off,Off,Off,Off,7.526,Off,Off,0.923,-0.35,0.697,-1.57,Off,Off,Off,Off,2026-09-02 07:05:26,sw-B
et-0/0/48,Up,1,0,0,0,7221,0,0,,Off,Off,Off,Off,,Off,Off,,,,,Off,Off,Off,Off,2026-09-02 07:10:27,sw-B
et-0/0/49,Up,1,0,0,0,0,0,0,,Off,Off,Off,Off,,Off,Off,,,,,Off,Off,Off,Off,2026-09-02 07:10:27,sw-B
et-0/0/50,Up,1,0,0,0,0,0,0,,Off,Off,Off,Off,,Off,Off,,,,,Off,Off,Off,Off,2026-09-02 07:10:27,sw-B
et-0/0/51,Up,1,0,0,0,0,0,0,38.0,Off,Off,Off,Off,7.48,Off,Off,0.922,-0.35,0.697,-1.57,Off,Off,Off,Off,2026-09-02 07:10:27,sw-B
et-0/0/48,Up,1,0,0,0,7224,0,0,,Off,Off,Off,Off,,Off,Off,,,,,Off,Off,Off,Off,2026-09-02 07:15:28,sw-B
et-0/0/49,Up,1,0,0,0,0,0,0,,Off,Off,Off,Off,,Off,Off,,,,,Off,Off,Off,Off,2026-09-02 07:15:28,sw-B
et-0/0/50,Up,1,0,0,0,0,0,0,,Off,Off,Off,Off,,Off,Off,,,,,Off,Off,Off,Off,2026-09-02 07:15:28,sw-B
et-0/0/51,Up,1,0,0,0,0,0,0,38.0,Off,Off,Off,Off,7.55,Off,Off,0.917,-0.38,0.697,-1.57,Off,Off,Off,Off,2026-09-02 07:15:28,sw-B
et-0/0/48,Up,1,0,0,0,7224,0,0,,Off,Off,Off,Off,,Off,Off,,,,,Off,Off,Off,Off,2026-09-02 07:20:30,sw-B
et-0/0/49,Up,1,0,0,0,0,0,0,,Off,Off,Off,Off,,Off,Off,,,,,Off,Off,Off,Off,2026-09-02 07:20:30,sw-B
et-0/0/50,Up,1,0,0,0,0,0,0,,Off,Off,Off,Off,,Off,Off,,,,,Off,Off,Off,Off,2026-09-02 07:20:30,sw-B
et-0/0/51,Up,1,0,0,0,0,0,0,38.0,Off,Off,Off,Off,7.493,Off,Off,0.921,-0.36,0.697,-1.57,Off,Off,Off,Off,2026-09-02 07:20:30,sw-B
et-0/0/48,Up,1,0,0,0,7224,0,0,,Off,Off,Off,Off,,Off,Off,,,,,Off,Off,Off,Off,2026-09-02 07:25:31,sw-B
et-0/0/49,Up,1,0,0,0,0,0,0,,Off,Off,Off,Off,,Off,Off,,,,,Off,Off,Off,Off,2026-09-02 07:25:31,sw-B
et-0/0/50,Up,1,0,0,0,0,0,0,,Off,Off,Off,Off,,Off,Off,,,,,Off,Off,Off,Off,2026-09-02 07:25:31,sw-B
et-0/0/51,Up,1,0,0,0,0,0,0,39.0,Off,Off,Off,Off,7.546,Off,Off,0.897,-0.47,0.696,-1.58,Off,Off,Off,Off,2026-09-02 07:25:31,sw-B
et-0/0/48,Up,1,0,0,0,7224,0,0,,Off,Off,Off,Off,,Off,Off,,,,,Off,Off,Off,Off,2026-09-02 07:30:32,sw-B
et-0/0/49,Up,1,0,0,0,0,0,0,,Off,Off,Off,Off,,Off,Off,,,,,Off,Off,Off,Off,2026-09-02 07:30:32,sw-B
et-0/0/50,Up,1,0,0,0,0,0,0,,Off,Off,Off,Off,,Off,Off,,,,,Off,Off,Off,Off,2026-09-02 07:30:32,sw-B
et-0/0/51,Up,1,0,0,0,0,0,0,40.0,Off,Off,Off,Off,7.519,Off,Off,0.944,-0.25,0.693,-1.59,Off,Off,Off,Off,2026-09-02 07:30:32,sw-B
et-0/0/48,Up,1,0,0,0,7224,0,0,,Off,Off,Off,Off,,Off,Off,,,,,Off,Off,Off,Off,2026-09-02 07:35:33,sw-B
et-0/0/49,Up,1,0,0,0,0,0,0,,Off,Off,Off,Off,,Off,Off,,,,,Off,Off,Off,Off,2026-09-02 07:35:33,sw-B
et-0/0/50,Up,1,0,0,0,0,0,0,,Off,Off,Off,Off,,Off,Off,,,,,Off,Off,Off,Off,2026-09-02 07:35:33,sw-B
et-0/0/51,Up,1,0,0,0,0,0,0,38.0,Off,Off,Off,Off,7.526,Off,Off,0.918,-0.37,0.693,-1.59,Off,Off,Off,Off,2026-09-02 07:35:33,sw-B
et-0/0/48,Up,1,0,0,0,7224,0,0,,Off,Off,Off,Off,,Off,Off,,,,,Off,Off,Off,Off,2026-09-02 07:40:35,sw-B
et-0/0/49,Up,1,0,0,0,0,0,0,,Off,Off,Off,Off,,Off,Off,,,,,Off,Off,Off,Off,2026-09-02 07:40:35,sw-B
et-0/0/50,Up,1,0,0,0,0,0,0,,Off,Off,Off,Off,,Off,Off,,,,,Off,Off,Off,Off,2026-09-02 07:40:35,sw-B
et-0/0/51,Up,1,0,0,0,0,0,0,38.0,Off,Off,Off,Off,7.473,Off,Off,0.924,-0.35,0.695,-1.58,Off,Off,Off,Off,2026-09-02 07:40:35,sw-B
et-0/0/48,Up,1,0,0,0,7224,0,0,,Off,Off,Off,Off,,Off,Off,,,,,Off,Off,Off,Off,2026-09-02 07:45:36,sw-B
et-0/0/49,Up,1,0,0,0,0,0,0,,Off,Off,Off,Off,,Off,Off,,,,,Off,Off,Off,Off,2026-09-02 07:45:36,sw-B
et-0/0/50,Up,1,0,0,0,0,0,0,,Off,Off,Off,Off,,Off,Off,,,,,Off,Off,Off,Off,2026-09-02 07:45:36,sw-B
et-0/0/51,Up,1,0,0,0,0,0,0,39.0,Off,Off,Off,Off,7.55,Off,Off,0.923,-0.35,0.697,-1.57,Off,Off,Off,Off,2026-09-02 07:45:36,sw-B
et-0/0/48,Up,1,0,0,0,7224,0,0,,Off,Off,Off,Off,,Off,Off,,,,,Off,Off,Off,Off,2026-09-02 07:50:37,sw-B
et-0/0/49,Up,1,0,0,0,0,0,0,,Off,Off,Off,Off,,Off,Off,,,,,Off,Off,Off,Off,2026-09-02 07:50:37,sw-B
et-0/0/50,Up,1,0,0,0,0,0,0,,Off,Off,Off,Off,,Off,Off,,,,,Off,Off,Off,Off,2026-09-02 07:50:37,sw-B
et-0/0/51,Up,1,0,0,0,0,0,0,39.0,Off,Off,Off,Off,7.473,Off,Off,0.925,-0.34,0.695,-1.58,Off,Off,Off,Off,2026-09-02 07:50:37,sw-B
et-0/0/48,Up,1,0,0,0,7224,0,0,,Off,Off,Off,Off,,Off,Off,,,,,Off,Off,Off,Off,2026-09-02 07:55:39,sw-B
et-0/0/49,Up,1,0,0,0,0,0,0,,Off,Off,Off,Off,,Off,Off,,,,,Off,Off,Off,Off,2026-09-02 07:55:39,sw-B
et-0/0/50,Up,1,0,0,0,0,0,0,,Off,Off,Off,Off,,Off,Off,,,,,Off,Off,Off,Off,2026-09-02 07:55:39,sw-B
et-0/0/51,Up,1,0,0,0,0,0,0,39.0,Off,Off,Off,Off,7.469,Off,Off,0.929,-0.32,0.7,-1.55,Off,Off,Off,Off,2026-09-02 07:55:39,sw-B
et-0/0/48,Up,1,0,0,0,7224,0,0,,Off,Off,Off,Off,,Off,Off,,,,,Off,Off,Off,Off,2026-09-02 08:00:40,sw-B
et-0/0/49,Up,1,0,0,0,0,0,0,,Off,Off,Off,Off,,Off,Off,,,,,Off,Off,Off,Off,2026-09-02 08:00:40,sw-B
et-0/0/50,Up,1,0,0,0,0,0,0,,Off,Off,Off,Off,,Off,Off,,,,,Off,Off,Off,Off,2026-09-02 08:00:40,sw-B
et-0/0/51,Up,1,0,0,0,0,0,0,38.0,Off,Off,Off,Off,7.489,Off,Off,0.928,-0.32,0.693,-1.59,Off,Off,Off,Off,2026-09-02 08:00:40,sw-B
et-0/0/48,Up,1,0,0,0,7225,0,0,,Off,Off,Off,Off,,Off,Off,,,,,Off,Off,Off,Off,2026-09-02 08:05:41,sw-B
et-0/0/49,Up,1,0,0,0,0,0,0,,Off,Off,Off,Off,,Off,Off,,,,,Off,Off,Off,Off,2026-09-02 08:05:41,sw-B
et-0/0/50,Up,1,0,0,0,0,0,0,,Off,Off,Off,Off,,Off,Off,,,,,Off,Off,Off,Off,2026-09-02 08:05:41,sw-B
et-0/0/51,Up,1,0,0,0,0,0,0,37.0,Off,Off,Off,Off,7.605,Off,Off,0.927,-0.33,0.696,-1.58,Off,Off,Off,Off,2026-09-02 08:05:41,sw-B
et-0/0/48,Up,1,0,0,0,7225,0,0,,Off,Off,Off,Off,,Off,Off,,,,,Off,Off,Off,Off,2026-09-02 08:10:42,sw-B
et-0/0/49,Up,1,0,0,0,0,0,0,,Off,Off,Off,Off,,Off,Off,,,,,Off,Off,Off,Off,2026-09-02 08:10:42,sw-B
et-0/0/50,Up,1,0,0,0,0,0,0,,Off,Off,Off,Off,,Off,Off,,,,,Off,Off,Off,Off,2026-09-02 08:10:42,sw-B
et-0/0/51,Up,1,0,0,0,0,0,0,34.0,Off,Off,Off,Off,7.423,Off,Off,0.907,-0.42,0.702,-1.54,Off,Off,Off,Off,2026-09-02 08:10:42,sw-B
et-0/0/48,Up,1,0,0,0,7226,0,0,,Off,Off,Off,Off,,Off,Off,,,,,Off,Off,Off,Off,2026-09-02 08:15:44,sw-B
et-0/0/49,Up,1,0,0,0,0,0,0,,Off,Off,Off,Off,,Off,Off,,,,,Off,Off,Off,Off,2026-09-02 08:15:44,sw-B
et-0/0/50,Up,1,0,0,0,0,0,0,,Off,Off,Off,Off,,Off,Off,,,,,Off,Off,Off,Off,2026-09-02 08:15:44,sw-B
et-0/0/51,Up,1,0,0,0,0,0,0,33.0,Off,Off,Off,Off,7.499,Off,Off,0.905,-0.43,0.707,-1.51,Off,Off,Off,Off,2026-09-02 08:15:44,sw-B
et-0/0/48,Up,1,0,0,0,7226,0,0,,Off,Off,Off,Off,,Off,Off,,,,,Off,Off,Off,Off,2026-09-02 08:20:45,sw-B
et-0/0/49,Up,1,0,0,0,0,0,0,,Off,Off,Off,Off,,Off,Off,,,,,Off,Off,Off,Off,2026-09-02 08:20:45,sw-B
et-0/0/50,Up,1,0,0,0,0,0,0,,Off,Off,Off,Off,,Off,Off,,,,,Off,Off,Off,Off,2026-09-02 08:20:45,sw-B
et-0/0/51,Up,1,0,0,0,0,0,0,33.0,Off,Off,Off,Off,7.559,Off,Off,0.901,-0.45,0.712,-1.48,Off,Off,Off,Off,2026-09-02 08:20:45,sw-B
et-0/0/48,Up,1,0,0,0,7226,0,0,,Off,Off,Off,Off,,Off,Off,,,,,Off,Off,Off,Off,2026-09-02 08:25:46,sw-B
et-0/0/49,Up,1,0,0,0,0,0,0,,Off,Off,Off,Off,,Off,Off,,,,,Off,Off,Off,Off,2026-09-02 08:25:46,sw-B
et-0/0/50,Up,1,0,0,0,0,0,0,,Off,Off,Off,Off,,Off,Off,,,,,Off,Off,Off,Off,2026-09-02 08:25:46,sw-B
et-0/0/51,Up,1,0,0,0,0,0,0,33.0,Off,Off,Off,Off,7.51,Off,Off,0.945,-0.24,0.716,-1.45,Off,Off,Off,Off,2026-09-02 08:25:46,sw-B
et-0/0/48,Up,1,0,0,0,7226,0,0,,Off,Off,Off,Off,,Off,Off,,,,,Off,Off,Off,Off,2026-09-02 08:30:47,sw-B
et-0/0/49,Up,1,0,0,0,0,0,0,,Off,Off,Off,Off,,Off,Off,,,,,Off,Off,Off,Off,2026-09-02 08:30:47,sw-B
et-0/0/50,Up,1,0,0,0,0,0,0,,Off,Off,Off,Off,,Off,Off,,,,,Off,Off,Off,Off,2026-09-02 08:30:47,sw-B
et-0/0/51,Up,1,0,0,0,0,0,0,32.0,Off,Off,Off,Off,7.438,Off,Off,0.942,-0.26,0.718,-1.44,Off,Off,Off,Off,2026-09-02 08:30:47,sw-B
et-0/0/48,Up,1,0,0,0,7226,0,0,,Off,Off,Off,Off,,Off,Off,,,,,Off,Off,Off,Off,2026-09-02 08:35:49,sw-B
et-0/0/49,Up,1,0,0,0,0,0,0,,Off,Off,Off,Off,,Off,Off,,,,,Off,Off,Off,Off,2026-09-02 08:35:49,sw-B
et-0/0/50,Up,1,0,0,0,0,0,0,,Off,Off,Off,Off,,Off,Off,,,,,Off,Off,Off,Off,2026-09-02 08:35:49,sw-B
et-0/0/51,Up,1,0,0,0,0,0,0,33.0,Off,Off,Off,Off,7.53,Off,Off,0.904,-0.44,0.719,-1.43,Off,Off,Off,Off,2026-09-02 08:35:49,sw-B
et-0/0/48,Up,1,0,0,0,7226,0,0,,Off,Off,Off,Off,,Off,Off,,,,,Off,Off,Off,Off,2026-09-02 08:40:50,sw-B
et-0/0/49,Up,1,0,0,0,0,0,0,,Off,Off,Off,Off,,Off,Off,,,,,Off,Off,Off,Off,2026-09-02 08:40:50,sw-B
et-0/0/50,Up,1,0,0,0,0,0,0,,Off,Off,Off,Off,,Off,Off,,,,,Off,Off,Off,Off,2026-09-02 08:40:50,sw-B
et-0/0/51,Up,1,0,0,0,0,0,0,33.0,Off,Off,Off,Off,7.473,Off,Off,0.899,-0.46,0.72,-1.43,Off,Off,Off,Off,2026-09-02 08:40:50,sw-B
et-0/0/48,Up,1,0,0,0,7226,0,0,,Off,Off,Off,Off,,Off,Off,,,,,Off,Off,Off,Off,2026-09-02 08:45:52,sw-B
et-0/0/49,Up,1,0,0,0,0,0,0,,Off,Off,Off,Off,,Off,Off,,,,,Off,Off,Off,Off,2026-09-02 08:45:52,sw-B
et-0/0/50,Up,1,0,0,0,0,0,0,,Off,Off,Off,Off,,Off,Off,,,,,Off,Off,Off,Off,2026-09-02 08:45:52,sw-B
et-0/0/51,Up,1,0,0,0,0,0,0,32.0,Off,Off,Off,Off,7.489,Off,Off,0.91,-0.41,0.723,-1.41,Off,Off,Off,Off,2026-09-02 08:45:52,sw-B
et-0/0/48,Up,1,0,0,0,7226,0,0,,Off,Off,Off,Off,,Off,Off,,,,,Off,Off,Off,Off,2026-09-02 08:50:53,sw-B
et-0/0/49,Up,1,0,0,0,0,0,0,,Off,Off,Off,Off,,Off,Off,,,,,Off,Off,Off,Off,2026-09-02 08:50:53,sw-B
et-0/0/50,Up,1,0,0,0,0,0,0,,Off,Off,Off,Off,,Off,Off,,,,,Off,Off,Off,Off,2026-09-02 08:50:53,sw-B
et-0/0/51,Up,1,0,0,0,0,0,0,33.0,Off,Off,Off,Off,7.539,Off,Off,0.899,-0.46,0.713,-1.47,Off,Off,Off,Off,2026-09-02 08:50:53,sw-B
et-0/0/48,Up,1,0,0,0,7226,0,0,,Off,Off,Off,Off,,Off,Off,,,,,Off,Off,Off,Off,2026-09-02 08:55:54,sw-B
et-0/0/49,Up,1,0,0,0,0,0,0,,Off,Off,Off,Off,,Off,Off,,,,,Off,Off,Off,Off,2026-09-02 08:55:54,sw-B
et-0/0/50,Up,1,0,0,0,0,0,0,,Off,Off,Off,Off,,Off,Off,,,,,Off,Off,Off,Off,2026-09-02 08:55:54,sw-B
et-0/0/51,Up,1,0,0,0,0,0,0,36.0,Off,Off,Off,Off,7.464,Off,Off,0.907,-0.42,0.701,-1.54,Off,Off,Off,Off,2026-09-02 08:55:54,sw-B
et-0/0/48,Up,1,0,0,0,7226,0,0,,Off,Off,Off,Off,,Off,Off,,,,,Off,Off,Off,Off,2026-09-02 09:00:55,sw-B
et-0/0/49,Up,1,0,0,0,0,0,0,,Off,Off,Off,Off,,Off,Off,,,,,Off,Off,Off,Off,2026-09-02 09:00:55,sw-B
et-0/0/50,Up,1,0,0,0,0,0,0,,Off,Off,Off,Off,,Off,Off,,,,,Off,Off,Off,Off,2026-09-02 09:00:55,sw-B
et-0/0/51,Up,1,0,0,0,0,0,0,37.0,Off,Off,Off,Off,7.546,Off,Off,0.936,-0.29,0.7,-1.55,Off,Off,Off,Off,2026-09-02 09:00:55,sw-B
et-0/0/48,Up,1,0,0,0,7227,0,0,,Off,Off,Off,Off,,Off,Off,,,,,Off,Off,Off,Off,2026-09-02 09:05:57,sw-B
et-0/0/49,Up,1,0,0,0,0,0,0,,Off,Off,Off,Off,,Off,Off,,,,,Off,Off,Off,Off,2026-09-02 09:05:57,sw-B
et-0/0/50,Up,1,0,0,0,0,0,0,,Off,Off,Off,Off,,Off,Off,,,,,Off,Off,Off,Off,2026-09-02 09:05:57,sw-B
et-0/0/51,Up,1,0,0,0,0,0,0,38.0,Off,Off,Off,Off,7.572,Off,Off,0.931,-0.31,0.698,-1.56,Off,Off,Off,Off,2026-09-02 09:05:57,sw-B
et-0/0/48,Up,1,0,0,0,7227,0,0,,Off,Off,Off,Off,,Off,Off,,,,,Off,Off,Off,Off,2026-09-02 09:10:58,sw-B
et-0/0/49,Up,1,0,0,0,0,0,0,,Off,Off,Off,Off,,Off,Off,,,,,Off,Off,Off,Off,2026-09-02 09:10:58,sw-B
et-0/0/50,Up,1,0,0,0,0,0,0,,Off,Off,Off,Off,,Off,Off,,,,,Off,Off,Off,Off,2026-09-02 09:10:58,sw-B
et-0/0/51,Up,1,0,0,0,0,0,0,38.0,Off,Off,Off,Off,7.565,Off,Off,0.934,-0.3,0.696,-1.58,Off,Off,Off,Off,2026-09-02 09:10:58,sw-B
et-0/0/48,Up,1,0,0,0,7227,0,0,,Off,Off,Off,Off,,Off,Off,,,,,Off,Off,Off,Off,2026-09-02 09:15:59,sw-B
et-0/0/49,Up,1,0,0,0,0,0,0,,Off,Off,Off,Off,,Off,Off,,,,,Off,Off,Off,Off,2026-09-02 09:15:59,sw-B
et-0/0/50,Up,1,0,0,0,0,0,0,,Off,Off,Off,Off,,Off,Off,,,,,Off,Off,Off,Off,2026-09-02 09:15:59,sw-B
et-0/0/51,Up,1,0,0,0,0,0,0,38.0,Off,Off,Off,Off,7.469,Off,Off,0.931,-0.31,0.698,-1.56,Off,Off,Off,Off,2026-09-02 09:15:59,sw-B
et-0/0/48,Up,1,0,0,0,7227,0,0,,Off,Off,Off,Off,,Off,Off,,,,,Off,Off,Off,Off,2026-09-02 09:21:00,sw-B
et-0/0/49,Up,1,0,0,0,0,0,0,,Off,Off,Off,Off,,Off,Off,,,,,Off,Off,Off,Off,2026-09-02 09:21:00,sw-B
et-0/0/50,Up,1,0,0,0,0,0,0,,Off,Off,Off,Off,,Off,Off,,,,,Off,Off,Off,Off,2026-09-02 09:21:00,sw-B
et-0/0/51,Up,1,0,0,0,0,0,0,38.0,Off,Off,Off,Off,7.46,Off,Off,0.892,-0.5,0.694,-1.58,Off,Off,Off,Off,2026-09-02 09:21:00,sw-B
et-0/0/48,Up,1,0,0,0,7228,0,0,,Off,Off,Off,Off,,Off,Off,,,,,Off,Off,Off,Off,2026-09-02 09:26:02,sw-B
et-0/0/49,Up,1,0,0,0,0,0,0,,Off,Off,Off,Off,,Off,Off,,,,,Off,Off,Off,Off,2026-09-02 09:26:02,sw-B
et-0/0/50,Up,1,0,0,0,0,0,0,,Off,Off,Off,Off,,Off,Off,,,,,Off,Off,Off,Off,2026-09-02 09:26:02,sw-B
et-0/0/51,Up,1,0,0,0,0,0,0,38.0,Off,Off,Off,Off,7.519,Off,Off,0.872,-0.59,0.695,-1.58,Off,Off,Off,Off,2026-09-02 09:26:02,sw-B
et-0/0/48,Up,1,0,0,0,7228,0,0,,Off,Off,Off,Off,,Off,Off,,,,,Off,Off,Off,Off,2026-09-02 09:31:03,sw-B
et-0/0/49,Up,1,0,0,0,0,0,0,,Off,Off,Off,Off,,Off,Off,,,,,Off,Off,Off,Off,2026-09-02 09:31:03,sw-B
et-0/0/50,Up,1,0,0,0,0,0,0,,Off,Off,Off,Off,,Off,Off,,,,,Off,Off,Off,Off,2026-09-02 09:31:03,sw-B
et-0/0/51,Up,1,0,0,0,0,0,0,38.0,Off,Off,Off,Off,7.473,Off,Off,0.936,-0.29,0.696,-1.58,Off,Off,Off,Off,2026-09-02 09:31:03,sw-B
et-0/0/48,Up,1,0,0,0,7240,0,0,,Off,Off,Off,Off,,Off,Off,,,,,Off,Off,Off,Off,2026-09-02 09:36:04,sw-B
et-0/0/49,Up,1,0,0,0,0,0,0,,Off,Off,Off,Off,,Off,Off,,,,,Off,Off,Off,Off,2026-09-02 09:36:04,sw-B
et-0/0/50,Up,1,0,0,0,0,0,0,,Off,Off,Off,Off,,Off,Off,,,,,Off,Off,Off,Off,2026-09-02 09:36:04,sw-B
et-0/0/51,Up,1,0,0,0,0,0,0,37.0,Off,Off,Off,Off,7.565,Off,Off,0.895,-0.48,0.697,-1.56,Off,Off,Off,Off,2026-09-02 09:36:04,sw-B
et-0/0/48,Up,1,0,0,0,7243,0,0,,Off,Off,Off,Off,,Off,Off,,,,,Off,Off,Off,Off,2026-09-02 09:41:05,sw-B
et-0/0/49,Up,1,0,0,0,0,0,0,,Off,Off,Off,Off,,Off,Off,,,,,Off,Off,Off,Off,2026-09-02 09:41:05,sw-B
et-0/0/50,Up,1,0,0,0,0,0,0,,Off,Off,Off,Off,,Off,Off,,,,,Off,Off,Off,Off,2026-09-02 09:41:05,sw-B
et-0/0/51,Up,1,0,0,0,0,0,0,38.0,Off,Off,Off,Off,7.565,Off,Off,0.893,-0.49,0.7,-1.55,Off,Off,Off,Off,2026-09-02 09:41:05,sw-B
et-0/0/48,Up,1,0,0,0,7246,0,0,,Off,Off,Off,Off,,Off,Off,,,,,Off,Off,Off,Off,2026-09-02 09:46:07,sw-B
et-0/0/49,Up,1,0,0,0,0,0,0,,Off,Off,Off,Off,,Off,Off,,,,,Off,Off,Off,Off,2026-09-02 09:46:07,sw-B
et-0/0/50,Up,1,0,0,0,0,0,0,,Off,Off,Off,Off,,Off,Off,,,,,Off,Off,Off,Off,2026-09-02 09:46:07,sw-B
et-0/0/51,Up,1,0,0,0,0,0,0,37.0,Off,Off,Off,Off,7.515,Off,Off,0.938,-0.28,0.698,-1.56,Off,Off,Off,Off,2026-09-02 09:46:07,sw-B
et-0/0/48,Up,1,0,0,0,7248,0,0,,Off,Off,Off,Off,,Off,Off,,,,,Off,Off,Off,Off,2026-09-02 09:51:08,sw-B
et-0/0/49,Up,1,0,0,0,0,0,0,,Off,Off,Off,Off,,Off,Off,,,,,Off,Off,Off,Off,2026-09-02 09:51:08,sw-B
et-0/0/50,Up,1,0,0,0,0,0,0,,Off,Off,Off,Off,,Off,Off,,,,,Off,Off,Off,Off,2026-09-02 09:51:08,sw-B
et-0/0/51,Up,1,0,0,0,0,0,0,38.0,Off,Off,Off,Off,7.576,Off,Off,0.934,-0.3,0.698,-1.56,Off,Off,Off,Off,2026-09-02 09:51:08,sw-B
et-0/0/48,Up,1,0,0,0,7248,0,0,,Off,Off,Off,Off,,Off,Off,,,,,Off,Off,Off,Off,2026-09-02 09:56:09,sw-B
et-0/0/49,Up,1,0,0,0,0,0,0,,Off,Off,Off,Off,,Off,Off,,,,,Off,Off,Off,Off,2026-09-02 09:56:09,sw-B
et-0/0/50,Up,1,0,0,0,0,0,0,,Off,Off,Off,Off,,Off,Off,,,,,Off,Off,Off,Off,2026-09-02 09:56:09,sw-B
et-0/0/51,Up,1,0,0,0,0,0,0,39.0,Off,Off,Off,Off,7.556,Off,Off,0.915,-0.38,0.698,-1.56,Off,Off,Off,Off,2026-09-02 09:56:09,sw-B
et-0/0/48,Up,1,0,0,0,7253,0,0,,Off,Off,Off,Off,,Off,Off,,,,,Off,Off,Off,Off,2026-09-02 10:01:10,sw-B
et-0/0/49,Up,1,0,0,0,0,0,0,,Off,Off,Off,Off,,Off,Off,,,,,Off,Off,Off,Off,2026-09-02 10:01:10,sw-B
et-0/0/50,Up,1,0,0,0,0,0,0,,Off,Off,Off,Off,,Off,Off,,,,,Off,Off,Off,Off,2026-09-02 10:01:10,sw-B
et-0/0/51,Up,1,0,0,0,0,0,0,38.0,Off,Off,Off,Off,7.576,Off,Off,0.905,-0.43,0.7,-1.55,Off,Off,Off,Off,2026-09-02 10:01:10,sw-B
et-0/0/48,Up,1,0,0,0,7253,0,0,,Off,Off,Off,Off,,Off,Off,,,,,Off,Off,Off,Off,2026-09-02 10:06:12,sw-B
et-0/0/49,Up,1,0,0,0,0,0,0,,Off,Off,Off,Off,,Off,Off,,,,,Off,Off,Off,Off,2026-09-02 10:06:12,sw-B
et-0/0/50,Up,1,0,0,0,0,0,0,,Off,Off,Off,Off,,Off,Off,,,,,Off,Off,Off,Off,2026-09-02 10:06:12,sw-B
et-0/0/51,Up,1,0,0,0,0,0,0,38.0,Off,Off,Off,Off,7.519,Off,Off,0.92,-0.36,0.699,-1.55,Off,Off,Off,Off,2026-09-02 10:06:12,sw-B
et-0/0/48,Up,1,0,0,0,7253,0,0,,Off,Off,Off,Off,,Off,Off,,,,,Off,Off,Off,Off,2026-09-02 10:11:13,sw-B
et-0/0/49,Up,1,0,0,0,0,0,0,,Off,Off,Off,Off,,Off,Off,,,,,Off,Off,Off,Off,2026-09-02 10:11:13,sw-B
et-0/0/50,Up,1,0,0,0,0,0,0,,Off,Off,Off,Off,,Off,Off,,,,,Off,Off,Off,Off,2026-09-02 10:11:13,sw-B
et-0/0/51,Up,1,0,0,0,0,0,0,39.0,Off,Off,Off,Off,7.539,Off,Off,0.889,-0.51,0.698,-1.56,Off,Off,Off,Off,2026-09-02 10:11:13,sw-B
et-0/0/48,Up,1,0,0,0,7254,0,0,,Off,Off,Off,Off,,Off,Off,,,,,Off,Off,Off,Off,2026-09-02 10:16:14,sw-B
et-0/0/49,Up,1,0,0,0,0,0,0,,Off,Off,Off,Off,,Off,Off,,,,,Off,Off,Off,Off,2026-09-02 10:16:14,sw-B
et-0/0/50,Up,1,0,0,0,0,0,0,,Off,Off,Off,Off,,Off,Off,,,,,Off,Off,Off,Off,2026-09-02 10:16:14,sw-B
et-0/0/51,Up,1,0,0,0,0,0,0,39.0,Off,Off,Off,Off,7.535,Off,Off,0.898,-0.47,0.694,-1.58,Off,Off,Off,Off,2026-09-02 10:16:14,sw-B
et-0/0/48,Up,1,0,0,0,7255,0,0,,Off,Off,Off,Off,,Off,Off,,,,,Off,Off,Off,Off,2026-09-02 10:21:15,sw-B
et-0/0/49,Up,1,0,0,0,0,0,0,,Off,Off,Off,Off,,Off,Off,,,,,Off,Off,Off,Off,2026-09-02 10:21:15,sw-B
et-0/0/50,Up,1,0,0,0,0,0,0,,Off,Off,Off,Off,,Off,Off,,,,,Off,Off,Off,Off,2026-09-02 10:21:15,sw-B
et-0/0/51,Up,1,0,0,0,0,0,0,38.0,Off,Off,Off,Off,7.51,Off,Off,0.894,-0.48,0.702,-1.54,Off,Off,Off,Off,2026-09-02 10:21:15,sw-B
et-0/0/48,Up,1,0,0,0,7274,0,0,,Off,Off,Off,Off,,Off,Off,,,,,Off,Off,Off,Off,2026-09-02 10:26:17,sw-B
et-0/0/49,Up,1,0,0,0,0,0,0,,Off,Off,Off,Off,,Off,Off,,,,,Off,Off,Off,Off,2026-09-02 10:26:17,sw-B
et-0/0/50,Up,1,0,0,0,0,0,0,,Off,Off,Off,Off,,Off,Off,,,,,Off,Off,Off,Off,2026-09-02 10:26:17,sw-B
et-0/0/51,Up,1,0,0,0,0,0,0,39.0,Off,Off,Off,Off,7.361,Off,Off,0.906,-0.43,0.7,-1.55,Off,Off,Off,Off,2026-09-02 10:26:17,sw-B
et-0/0/48,Up,1,0,0,0,7362,0,0,,Off,Off,Off,Off,,Off,Off,,,,,Off,Off,Off,Off,2026-09-02 10:31:18,sw-B
et-0/0/49,Up,1,0,0,0,0,0,0,,Off,Off,Off,Off,,Off,Off,,,,,Off,Off,Off,Off,2026-09-02 10:31:18,sw-B
et-0/0/50,Up,1,0,0,0,0,0,0,,Off,Off,Off,Off,,Off,Off,,,,,Off,Off,Off,Off,2026-09-02 10:31:18,sw-B
et-0/0/51,Up,1,0,0,0,0,0,0,38.0,Off,Off,Off,Off,7.484,Off,Off,0.898,-0.47,0.702,-1.54,Off,Off,Off,Off,2026-09-02 10:31:18,sw-B
et-0/0/48,Up,1,0,0,0,7398,0,0,,Off,Off,Off,Off,,Off,Off,,,,,Off,Off,Off,Off,2026-09-02 10:36:19,sw-B
et-0/0/49,Up,1,0,0,0,0,0,0,,Off,Off,Off,Off,,Off,Off,,,,,Off,Off,Off,Off,2026-09-02 10:36:19,sw-B
et-0/0/50,Up,1,0,0,0,0,0,0,,Off,Off,Off,Off,,Off,Off,,,,,Off,Off,Off,Off,2026-09-02 10:36:19,sw-B
et-0/0/51,Up,1,0,0,0,0,0,0,38.0,Off,Off,Off,Off,7.546,Off,Off,0.911,-0.4,0.701,-1.54,Off,Off,Off,Off,2026-09-02 10:36:19,sw-B
et-0/0/48,Up,1,0,0,0,7419,0,0,,Off,Off,Off,Off,,Off,Off,,,,,Off,Off,Off,Off,2026-09-02 10:41:21,sw-B
et-0/0/49,Up,1,0,0,0,0,0,0,,Off,Off,Off,Off,,Off,Off,,,,,Off,Off,Off,Off,2026-09-02 10:41:21,sw-B
et-0/0/50,Up,1,0,0,0,0,0,0,,Off,Off,Off,Off,,Off,Off,,,,,Off,Off,Off,Off,2026-09-02 10:41:21,sw-B
et-0/0/51,Up,1,0,0,0,0,0,0,38.0,Off,Off,Off,Off,7.526,Off,Off,0.912,-0.4,0.702,-1.54,Off,Off,Off,Off,2026-09-02 10:41:21,sw-B
et-0/0/48,Up,1,0,0,0,7431,0,0,,Off,Off,Off,Off,,Off,Off,,,,,Off,Off,Off,Off,2026-09-02 10:46:22,sw-B
et-0/0/49,Up,1,0,0,0,0,0,0,,Off,Off,Off,Off,,Off,Off,,,,,Off,Off,Off,Off,2026-09-02 10:46:22,sw-B
et-0/0/50,Up,1,0,0,0,0,0,0,,Off,Off,Off,Off,,Off,Off,,,,,Off,Off,Off,Off,2026-09-02 10:46:22,sw-B
et-0/0/51,Up,1,0,0,0,0,0,0,38.0,Off,Off,Off,Off,7.592,Off,Off,0.899,-0.46,0.701,-1.54,Off,Off,Off,Off,2026-09-02 10:46:22,sw-B
et-0/0/48,Up,1,0,0,0,7434,0,0,,Off,Off,Off,Off,,Off,Off,,,,,Off,Off,Off,Off,2026-09-02 10:51:23,sw-B
et-0/0/49,Up,1,0,0,0,0,0,0,,Off,Off,Off,Off,,Off,Off,,,,,Off,Off,Off,Off,2026-09-02 10:51:23,sw-B
et-0/0/50,Up,1,0,0,0,0,0,0,,Off,Off,Off,Off,,Off,Off,,,,,Off,Off,Off,Off,2026-09-02 10:51:23,sw-B
et-0/0/51,Up,1,0,0,0,0,0,0,39.0,Off,Off,Off,Off,7.48,Off,Off,0.908,-0.42,0.701,-1.54,Off,Off,Off,Off,2026-09-02 10:51:23,sw-B
et-0/0/48,Up,1,0,0,0,7439,0,0,,Off,Off,Off,Off,,Off,Off,,,,,Off,Off,Off,Off,2026-09-02 10:56:24,sw-B
et-0/0/49,Up,1,0,0,0,0,0,0,,Off,Off,Off,Off,,Off,Off,,,,,Off,Off,Off,Off,2026-09-02 10:56:24,sw-B
et-0/0/50,Up,1,0,0,0,0,0,0,,Off,Off,Off,Off,,Off,Off,,,,,Off,Off,Off,Off,2026-09-02 10:56:24,sw-B
et-0/0/51,Up,1,0,0,0,0,0,0,38.0,Off,Off,Off,Off,7.499,Off,Off,0.895,-0.48,0.698,-1.56,Off,Off,Off,Off,2026-09-02 10:56:24,sw-B
et-0/0/48,Up,1,0,0,0,7441,0,0,,Off,Off,Off,Off,,Off,Off,,,,,Off,Off,Off,Off,2026-09-02 11:01:25,sw-B
et-0/0/49,Up,1,0,0,0,0,0,0,,Off,Off,Off,Off,,Off,Off,,,,,Off,Off,Off,Off,2026-09-02 11:01:25,sw-B
et-0/0/50,Up,1,0,0,0,0,0,0,,Off,Off,Off,Off,,Off,Off,,,,,Off,Off,Off,Off,2026-09-02 11:01:25,sw-B
et-0/0/51,Up,1,0,0,0,0,0,0,39.0,Off,Off,Off,Off,7.546,Off,Off,0.908,-0.42,0.701,-1.54,Off,Off,Off,Off,2026-09-02 11:01:25,sw-B
et-0/0/48,Up,1,0,0,0,7443,0,0,,Off,Off,Off,Off,,Off,Off,,,,,Off,Off,Off,Off,2026-09-02 11:06:27,sw-B
et-0/0/49,Up,1,0,0,0,0,0,0,,Off,Off,Off,Off,,Off,Off,,,,,Off,Off,Off,Off,2026-09-02 11:06:27,sw-B
et-0/0/50,Up,1,0,0,0,0,0,0,,Off,Off,Off,Off,,Off,Off,,,,,Off,Off,Off,Off,2026-09-02 11:06:27,sw-B
et-0/0/51,Up,1,0,0,0,0,0,0,39.0,Off,Off,Off,Off,7.53,Off,Off,0.912,-0.4,0.701,-1.54,Off,Off,Off,Off,2026-09-02 11:06:27,sw-B
et-0/0/48,Up,1,0,0,0,7444,0,0,,Off,Off,Off,Off,,Off,Off,,,,,Off,Off,Off,Off,2026-09-02 11:11:28,sw-B
et-0/0/49,Up,1,0,0,0,0,0,0,,Off,Off,Off,Off,,Off,Off,,,,,Off,Off,Off,Off,2026-09-02 11:11:28,sw-B
et-0/0/50,Up,1,0,0,0,0,0,0,,Off,Off,Off,Off,,Off,Off,,,,,Off,Off,Off,Off,2026-09-02 11:11:28,sw-B
et-0/0/51,Up,1,0,0,0,0,0,0,38.0,Off,Off,Off,Off,7.51,Off,Off,0.91,-0.41,0.701,-1.54,Off,Off,Off,Off,2026-09-02 11:11:28,sw-B
et-0/0/48,Up,1,0,0,0,7446,0,0,,Off,Off,Off,Off,,Off,Off,,,,,Off,Off,Off,Off,2026-09-02 11:16:30,sw-B
et-0/0/49,Up,1,0,0,0,0,0,0,,Off,Off,Off,Off,,Off,Off,,,,,Off,Off,Off,Off,2026-09-02 11:16:30,sw-B
et-0/0/50,Up,1,0,0,0,0,0,0,,Off,Off,Off,Off,,Off,Off,,,,,Off,Off,Off,Off,2026-09-02 11:16:30,sw-B
et-0/0/51,Up,1,0,0,0,0,0,0,38.0,Off,Off,Off,Off,7.48,Off,Off,0.893,-0.49,0.701,-1.54,Off,Off,Off,Off,2026-09-02 11:16:30,sw-B
et-0/0/48,Up,1,0,0,0,7447,0,0,,Off,Off,Off,Off,,Off,Off,,,,,Off,Off,Off,Off,2026-09-02 11:21:31,sw-B
et-0/0/49,Up,1,0,0,0,0,0,0,,Off,Off,Off,Off,,Off,Off,,,,,Off,Off,Off,Off,2026-09-02 11:21:31,sw-B
et-0/0/50,Up,1,0,0,0,0,0,0,,Off,Off,Off,Off,,Off,Off,,,,,Off,Off,Off,Off,2026-09-02 11:21:31,sw-B
et-0/0/51,Up,1,0,0,0,0,0,0,39.0,Off,Off,Off,Off,7.484,Off,Off,0.905,-0.43,0.702,-1.54,Off,Off,Off,Off,2026-09-02 11:21:31,sw-B
et-0/0/48,Up,1,0,0,0,7450,0,0,,Off,Off,Off,Off,,Off,Off,,,,,Off,Off,Off,Off,2026-09-02 11:26:32,sw-B
et-0/0/49,Up,1,0,0,0,0,0,0,,Off,Off,Off,Off,,Off,Off,,,,,Off,Off,Off,Off,2026-09-02 11:26:32,sw-B
et-0/0/50,Up,1,0,0,0,0,0,0,,Off,Off,Off,Off,,Off,Off,,,,,Off,Off,Off,Off,2026-09-02 11:26:32,sw-B
et-0/0/51,Up,1,0,0,0,0,0,0,39.0,Off,Off,Off,Off,7.53,Off,Off,0.915,-0.39,0.699,-1.55,Off,Off,Off,Off,2026-09-02 11:26:32,sw-B
et-0/0/48,Up,1,0,0,0,7451,0,0,,Off,Off,Off,Off,,Off,Off,,,,,Off,Off,Off,Off,2026-09-02 11:31:33,sw-B
et-0/0/49,Up,1,0,0,0,0,0,0,,Off,Off,Off,Off,,Off,Off,,,,,Off,Off,Off,Off,2026-09-02 11:31:33,sw-B
et-0/0/50,Up,1,0,0,0,0,0,0,,Off,Off,Off,Off,,Off,Off,,,,,Off,Off,Off,Off,2026-09-02 11:31:33,sw-B
et-0/0/51,Up,1,0,0,0,0,0,0,38.0,Off,Off,Off,Off,7.48,Off,Off,0.916,-0.38,0.699,-1.56,Off,Off,Off,Off,2026-09-02 11:31:33,sw-B
et-0/0/48,Up,1,0,0,0,7452,0,0,,Off,Off,Off,Off,,Off,Off,,,,,Off,Off,Off,Off,2026-09-02 11:36:34,sw-B
et-0/0/49,Up,1,0,0,0,0,0,0,,Off,Off,Off,Off,,Off,Off,,,,,Off,Off,Off,Off,2026-09-02 11:36:34,sw-B
et-0/0/50,Up,1,0,0,0,0,0,0,,Off,Off,Off,Off,,Off,Off,,,,,Off,Off,Off,Off,2026-09-02 11:36:34,sw-B
et-0/0/51,Up,1,0,0,0,0,0,0,38.0,Off,Off,Off,Off,7.53,Off,Off,0.906,-0.43,0.7,-1.55,Off,Off,Off,Off,2026-09-02 11:36:34,sw-B
et-0/0/48,Up,1,0,0,0,7455,0,0,,Off,Off,Off,Off,,Off,Off,,,,,Off,Off,Off,Off,2026-09-02 11:41:36,sw-B
et-0/0/49,Up,1,0,0,0,0,0,0,,Off,Off,Off,Off,,Off,Off,,,,,Off,Off,Off,Off,2026-09-02 11:41:36,sw-B
et-0/0/50,Up,1,0,0,0,0,0,0,,Off,Off,Off,Off,,Off,Off,,,,,Off,Off,Off,Off,2026-09-02 11:41:36,sw-B
et-0/0/51,Up,1,0,0,0,0,0,0,39.0,Off,Off,Off,Off,7.559,Off,Off,0.911,-0.4,0.697,-1.56,Off,Off,Off,Off,2026-09-02 11:41:36,sw-B
et-0/0/48,Up,1,0,0,0,7457,0,0,,Off,Off,Off,Off,,Off,Off,,,,,Off,Off,Off,Off,2026-09-02 11:46:37,sw-B
et-0/0/49,Up,1,0,0,0,0,0,0,,Off,Off,Off,Off,,Off,Off,,,,,Off,Off,Off,Off,2026-09-02 11:46:37,sw-B
et-0/0/50,Up,1,0,0,0,0,0,0,,Off,Off,Off,Off,,Off,Off,,,,,Off,Off,Off,Off,2026-09-02 11:46:37,sw-B
et-0/0/51,Up,1,0,0,0,0,0,0,38.0,Off,Off,Off,Off,7.515,Off,Off,0.913,-0.39,0.7,-1.55,Off,Off,Off,Off,2026-09-02 11:46:37,sw-B
et-0/0/48,Up,1,0,0,0,7459,0,0,,Off,Off,Off,Off,,Off,Off,,,,,Off,Off,Off,Off,2026-09-02 11:51:39,sw-B
et-0/0/49,Up,1,0,0,0,0,0,0,,Off,Off,Off,Off,,Off,Off,,,,,Off,Off,Off,Off,2026-09-02 11:51:39,sw-B
et-0/0/50,Up,1,0,0,0,0,0,0,,Off,Off,Off,Off,,Off,Off,,,,,Off,Off,Off,Off,2026-09-02 11:51:39,sw-B
et-0/0/51,Up,1,0,0,0,0,0,0,38.0,Off,Off,Off,Off,7.605,Off,Off,0.913,-0.39,0.699,-1.55,Off,Off,Off,Off,2026-09-02 11:51:39,sw-B
et-0/0/48,Up,1,0,0,0,7463,0,0,,Off,Off,Off,Off,,Off,Off,,,,,Off,Off,Off,Off,2026-09-02 11:56:40,sw-B
et-0/0/49,Up,1,0,0,0,0,0,0,,Off,Off,Off,Off,,Off,Off,,,,,Off,Off,Off,Off,2026-09-02 11:56:40,sw-B
et-0/0/50,Up,1,0,0,0,0,0,0,,Off,Off,Off,Off,,Off,Off,,,,,Off,Off,Off,Off,2026-09-02 11:56:40,sw-B
et-0/0/51,Up,1,0,0,0,0,0,0,39.0,Off,Off,Off,Off,7.572,Off,Off,0.902,-0.45,0.698,-1.56,Off,Off,Off,Off,2026-09-02 11:56:40,sw-B
et-0/0/48,Up,1,0,0,0,7466,0,0,,Off,Off,Off,Off,,Off,Off,,,,,Off,Off,Off,Off,2026-09-02 12:01:41,sw-B
et-0/0/49,Up,1,0,0,0,0,0,0,,Off,Off,Off,Off,,Off,Off,,,,,Off,Off,Off,Off,2026-09-02 12:01:41,sw-B
et-0/0/50,Up,1,0,0,0,0,0,0,,Off,Off,Off,Off,,Off,Off,,,,,Off,Off,Off,Off,2026-09-02 12:01:41,sw-B
et-0/0/51,Up,1,0,0,0,0,0,0,38.0,Off,Off,Off,Off,7.499,Off,Off,0.917,-0.38,0.698,-1.56,Off,Off,Off,Off,2026-09-02 12:01:41,sw-B
et-0/0/48,Up,1,0,0,0,7474,0,0,,Off,Off,Off,Off,,Off,Off,,,,,Off,Off,Off,Off,2026-09-02 12:06:42,sw-B
et-0/0/49,Up,1,0,0,0,0,0,0,,Off,Off,Off,Off,,Off,Off,,,,,Off,Off,Off,Off,2026-09-02 12:06:42,sw-B
et-0/0/50,Up,1,0,0,0,0,0,0,,Off,Off,Off,Off,,Off,Off,,,,,Off,Off,Off,Off,2026-09-02 12:06:42,sw-B
et-0/0/51,Up,1,0,0,0,0,0,0,39.0,Off,Off,Off,Off,7.526,Off,Off,0.903,-0.44,0.698,-1.56,Off,Off,Off,Off,2026-09-02 12:06:42,sw-B
et-0/0/48,Up,1,0,0,0,7478,0,0,,Off,Off,Off,Off,,Off,Off,,,,,Off,Off,Off,Off,2026-09-02 12:11:43,sw-B
et-0/0/49,Up,1,0,0,0,0,0,0,,Off,Off,Off,Off,,Off,Off,,,,,Off,Off,Off,Off,2026-09-02 12:11:43,sw-B
et-0/0/50,Up,1,0,0,0,0,0,0,,Off,Off,Off,Off,,Off,Off,,,,,Off,Off,Off,Off,2026-09-02 12:11:43,sw-B
et-0/0/51,Up,1,0,0,0,0,0,0,39.0,Off,Off,Off,Off,7.53,Off,Off,0.908,-0.42,0.697,-1.57,Off,Off,Off,Off,2026-09-02 12:11:43,sw-B
et-0/0/48,Up,1,0,0,0,7488,0,0,,Off,Off,Off,Off,,Off,Off,,,,,Off,Off,Off,Off,2026-09-02 12:16:45,sw-B
et-0/0/49,Up,1,0,0,0,0,0,0,,Off,Off,Off,Off,,Off,Off,,,,,Off,Off,Off,Off,2026-09-02 12:16:45,sw-B
et-0/0/50,Up,1,0,0,0,0,0,0,,Off,Off,Off,Off,,Off,Off,,,,,Off,Off,Off,Off,2026-09-02 12:16:45,sw-B
et-0/0/51,Up,1,0,0,0,0,0,0,38.0,Off,Off,Off,Off,7.489,Off,Off,0.884,-0.54,0.699,-1.55,Off,Off,Off,Off,2026-09-02 12:16:45,sw-B
et-0/0/48,Up,1,0,0,0,7497,0,0,,Off,Off,Off,Off,,Off,Off,,,,,Off,Off,Off,Off,2026-09-02 12:21:46,sw-B
et-0/0/49,Up,1,0,0,0,0,0,0,,Off,Off,Off,Off,,Off,Off,,,,,Off,Off,Off,Off,2026-09-02 12:21:46,sw-B
et-0/0/50,Up,1,0,0,0,0,0,0,,Off,Off,Off,Off,,Off,Off,,,,,Off,Off,Off,Off,2026-09-02 12:21:46,sw-B
et-0/0/51,Up,1,0,0,0,0,0,0,38.0,Off,Off,Off,Off,7.484,Off,Off,0.898,-0.47,0.697,-1.56,Off,Off,Off,Off,2026-09-02 12:21:46,sw-B
et-0/0/48,Up,1,0,0,0,7508,0,0,,Off,Off,Off,Off,,Off,Off,,,,,Off,Off,Off,Off,2026-09-02 12:26:47,sw-B
et-0/0/49,Up,1,0,0,0,0,0,0,,Off,Off,Off,Off,,Off,Off,,,,,Off,Off,Off,Off,2026-09-02 12:26:47,sw-B
et-0/0/50,Up,1,0,0,0,0,0,0,,Off,Off,Off,Off,,Off,Off,,,,,Off,Off,Off,Off,2026-09-02 12:26:47,sw-B
et-0/0/51,Up,1,0,0,0,0,0,0,38.0,Off,Off,Off,Off,7.447,Off,Off,0.912,-0.4,0.698,-1.56,Off,Off,Off,Off,2026-09-02 12:26:47,sw-B
et-0/0/48,Up,1,0,0,0,7516,0,0,,Off,Off,Off,Off,,Off,Off,,,,,Off,Off,Off,Off,2026-09-02 12:31:48,sw-B
et-0/0/49,Up,1,0,0,0,0,0,0,,Off,Off,Off,Off,,Off,Off,,,,,Off,Off,Off,Off,2026-09-02 12:31:48,sw-B
et-0/0/50,Up,1,0,0,0,0,0,0,,Off,Off,Off,Off,,Off,Off,,,,,Off,Off,Off,Off,2026-09-02 12:31:48,sw-B
et-0/0/51,Up,1,0,0,0,0,0,0,38.0,Off,Off,Off,Off,7.515,Off,Off,0.902,-0.45,0.699,-1.56,Off,Off,Off,Off,2026-09-02 12:31:48,sw-B
et-0/0/48,Up,1,0,0,0,7522,0,0,,Off,Off,Off,Off,,Off,Off,,,,,Off,Off,Off,Off,2026-09-02 12:36:50,sw-B
et-0/0/49,Up,1,0,0,0,0,0,0,,Off,Off,Off,Off,,Off,Off,,,,,Off,Off,Off,Off,2026-09-02 12:36:50,sw-B
et-0/0/50,Up,1,0,0,0,0,0,0,,Off,Off,Off,Off,,Off,Off,,,,,Off,Off,Off,Off,2026-09-02 12:36:50,sw-B
et-0/0/51,Up,1,0,0,0,0,0,0,38.0,Off,Off,Off,Off,7.489,Off,Off,0.902,-0.45,0.701,-1.54,Off,Off,Off,Off,2026-09-02 12:36:50,sw-B
et-0/0/48,Up,1,0,0,0,7526,0,0,,Off,Off,Off,Off,,Off,Off,,,,,Off,Off,Off,Off,2026-09-02 12:41:51,sw-B
et-0/0/49,Up,1,0,0,0,0,0,0,,Off,Off,Off,Off,,Off,Off,,,,,Off,Off,Off,Off,2026-09-02 12:41:51,sw-B
et-0/0/50,Up,1,0,0,0,0,0,0,,Off,Off,Off,Off,,Off,Off,,,,,Off,Off,Off,Off,2026-09-02 12:41:51,sw-B
et-0/0/51,Up,1,0,0,0,0,0,0,38.0,Off,Off,Off,Off,7.605,Off,Off,0.915,-0.39,0.701,-1.54,Off,Off,Off,Off,2026-09-02 12:41:51,sw-B
et-0/0/48,Up,1,0,0,0,7526,0,0,,Off,Off,Off,Off,,Off,Off,,,,,Off,Off,Off,Off,2026-09-02 12:46:52,sw-B
et-0/0/49,Up,1,0,0,0,0,0,0,,Off,Off,Off,Off,,Off,Off,,,,,Off,Off,Off,Off,2026-09-02 12:46:52,sw-B
et-0/0/50,Up,1,0,0,0,0,0,0,,Off,Off,Off,Off,,Off,Off,,,,,Off,Off,Off,Off,2026-09-02 12:46:52,sw-B
et-0/0/51,Up,1,0,0,0,0,0,0,38.0,Off,Off,Off,Off,7.565,Off,Off,0.913,-0.4,0.704,-1.52,Off,Off,Off,Off,2026-09-02 12:46:52,sw-B
et-0/0/48,Up,1,0,0,0,7526,0,0,,Off,Off,Off,Off,,Off,Off,,,,,Off,Off,Off,Off,2026-09-02 12:51:53,sw-B
et-0/0/49,Up,1,0,0,0,0,0,0,,Off,Off,Off,Off,,Off,Off,,,,,Off,Off,Off,Off,2026-09-02 12:51:53,sw-B
et-0/0/50,Up,1,0,0,0,0,0,0,,Off,Off,Off,Off,,Off,Off,,,,,Off,Off,Off,Off,2026-09-02 12:51:53,sw-B
et-0/0/51,Up,1,0,0,0,0,0,0,38.0,Off,Off,Off,Off,7.484,Off,Off,0.903,-0.45,0.703,-1.53,Off,Off,Off,Off,2026-09-02 12:51:53,sw-B
et-0/0/48,Up,1,0,0,0,7546,0,0,,Off,Off,Off,Off,,Off,Off,,,,,Off,Off,Off,Off,2026-09-02 12:56:55,sw-B
et-0/0/49,Up,1,0,0,0,0,0,0,,Off,Off,Off,Off,,Off,Off,,,,,Off,Off,Off,Off,2026-09-02 12:56:55,sw-B
et-0/0/50,Up,1,0,0,0,0,0,0,,Off,Off,Off,Off,,Off,Off,,,,,Off,Off,Off,Off,2026-09-02 12:56:55,sw-B
et-0/0/51,Up,1,0,0,0,0,0,0,38.0,Off,Off,Off,Off,7.473,Off,Off,0.908,-0.42,0.704,-1.52,Off,Off,Off,Off,2026-09-02 12:56:55,sw-B
et-0/0/48,Up,1,0,0,0,7556,0,0,,Off,Off,Off,Off,,Off,Off,,,,,Off,Off,Off,Off,2026-09-02 13:01:56,sw-B
et-0/0/49,Up,1,0,0,0,0,0,0,,Off,Off,Off,Off,,Off,Off,,,,,Off,Off,Off,Off,2026-09-02 13:01:56,sw-B
et-0/0/50,Up,1,0,0,0,0,0,0,,Off,Off,Off,Off,,Off,Off,,,,,Off,Off,Off,Off,2026-09-02 13:01:56,sw-B
et-0/0/51,Up,1,0,0,0,0,0,0,38.0,Off,Off,Off,Off,7.473,Off,Off,0.892,-0.49,0.705,-1.52,Off,Off,Off,Off,2026-09-02 13:01:56,sw-B
et-0/0/48,Up,1,0,0,0,7557,0,0,,Off,Off,Off,Off,,Off,Off,,,,,Off,Off,Off,Off,2026-09-02 13:06:57,sw-B
et-0/0/49,Up,1,0,0,0,0,0,0,,Off,Off,Off,Off,,Off,Off,,,,,Off,Off,Off,Off,2026-09-02 13:06:57,sw-B
et-0/0/50,Up,1,0,0,0,0,0,0,,Off,Off,Off,Off,,Off,Off,,,,,Off,Off,Off,Off,2026-09-02 13:06:57,sw-B
et-0/0/51,Up,1,0,0,0,0,0,0,37.0,Off,Off,Off,Off,7.616,Off,Off,0.913,-0.39,0.705,-1.52,Off,Off,Off,Off,2026-09-02 13:06:57,sw-B
et-0/0/48,Up,1,0,0,0,7557,0,0,,Off,Off,Off,Off,,Off,Off,,,,,Off,Off,Off,Off,2026-09-02 13:11:58,sw-B
et-0/0/49,Up,1,0,0,0,0,0,0,,Off,Off,Off,Off,,Off,Off,,,,,Off,Off,Off,Off,2026-09-02 13:11:58,sw-B
et-0/0/50,Up,1,0,0,0,0,0,0,,Off,Off,Off,Off,,Off,Off,,,,,Off,Off,Off,Off,2026-09-02 13:11:58,sw-B
et-0/0/51,Up,1,0,0,0,0,0,0,38.0,Off,Off,Off,Off,7.504,Off,Off,0.892,-0.5,0.705,-1.52,Off,Off,Off,Off,2026-09-02 13:11:58,sw-B
et-0/0/48,Up,1,0,0,0,7557,0,0,,Off,Off,Off,Off,,Off,Off,,,,,Off,Off,Off,Off,2026-09-02 13:17:00,sw-B
et-0/0/49,Up,1,0,0,0,0,0,0,,Off,Off,Off,Off,,Off,Off,,,,,Off,Off,Off,Off,2026-09-02 13:17:00,sw-B
et-0/0/50,Up,1,0,0,0,0,0,0,,Off,Off,Off,Off,,Off,Off,,,,,Off,Off,Off,Off,2026-09-02 13:17:00,sw-B
et-0/0/51,Up,1,0,0,0,0,0,0,37.0,Off,Off,Off,Off,7.53,Off,Off,0.902,-0.45,0.705,-1.52,Off,Off,Off,Off,2026-09-02 13:17:00,sw-B
et-0/0/48,Up,1,0,0,0,7557,0,0,,Off,Off,Off,Off,,Off,Off,,,,,Off,Off,Off,Off,2026-09-02 13:22:01,sw-B
et-0/0/49,Up,1,0,0,0,0,0,0,,Off,Off,Off,Off,,Off,Off,,,,,Off,Off,Off,Off,2026-09-02 13:22:01,sw-B
et-0/0/50,Up,1,0,0,0,0,0,0,,Off,Off,Off,Off,,Off,Off,,,,,Off,Off,Off,Off,2026-09-02 13:22:01,sw-B
et-0/0/51,Up,1,0,0,0,0,0,0,37.0,Off,Off,Off,Off,7.535,Off,Off,0.916,-0.38,0.706,-1.51,Off,Off,Off,Off,2026-09-02 13:22:01,sw-B
et-0/0/48,Up,1,0,0,0,7557,0,0,,Off,Off,Off,Off,,Off,Off,,,,,Off,Off,Off,Off,2026-09-02 13:27:02,sw-B
et-0/0/49,Up,1,0,0,0,0,0,0,,Off,Off,Off,Off,,Off,Off,,,,,Off,Off,Off,Off,2026-09-02 13:27:02,sw-B
et-0/0/50,Up,1,0,0,0,0,0,0,,Off,Off,Off,Off,,Off,Off,,,,,Off,Off,Off,Off,2026-09-02 13:27:02,sw-B
et-0/0/51,Up,1,0,0,0,0,0,0,37.0,Off,Off,Off,Off,7.53,Off,Off,0.9,-0.46,0.705,-1.52,Off,Off,Off,Off,2026-09-02 13:27:02,sw-B
et-0/0/48,Up,1,0,0,0,7560,0,0,,Off,Off,Off,Off,,Off,Off,,,,,Off,Off,Off,Off,2026-09-02 13:32:03,sw-B
et-0/0/49,Up,1,0,0,0,0,0,0,,Off,Off,Off,Off,,Off,Off,,,,,Off,Off,Off,Off,2026-09-02 13:32:03,sw-B
et-0/0/50,Up,1,0,0,0,0,0,0,,Off,Off,Off,Off,,Off,Off,,,,,Off,Off,Off,Off,2026-09-02 13:32:03,sw-B
et-0/0/51,Up,1,0,0,0,0,0,0,37.0,Off,Off,Off,Off,7.53,Off,Off,0.905,-0.43,0.705,-1.52,Off,Off,Off,Off,2026-09-02 13:32:03,sw-B
et-0/0/48,Up,1,0,0,0,7561,0,0,,Off,Off,Off,Off,,Off,Off,,,,,Off,Off,Off,Off,2026-09-02 13:37:05,sw-B
et-0/0/49,Up,1,0,0,0,0,0,0,,Off,Off,Off,Off,,Off,Off,,,,,Off,Off,Off,Off,2026-09-02 13:37:05,sw-B
et-0/0/50,Up,1,0,0,0,0,0,0,,Off,Off,Off,Off,,Off,Off,,,,,Off,Off,Off,Off,2026-09-02 13:37:05,sw-B
et-0/0/51,Up,1,0,0,0,0,0,0,38.0,Off,Off,Off,Off,7.515,Off,Off,0.915,-0.39,0.705,-1.52,Off,Off,Off,Off,2026-09-02 13:37:05,sw-B
et-0/0/48,Up,1,0,0,0,7564,0,0,,Off,Off,Off,Off,,Off,Off,,,,,Off,Off,Off,Off,2026-09-02 13:42:06,sw-B
et-0/0/49,Up,1,0,0,0,0,0,0,,Off,Off,Off,Off,,Off,Off,,,,,Off,Off,Off,Off,2026-09-02 13:42:06,sw-B
et-0/0/50,Up,1,0,0,0,0,0,0,,Off,Off,Off,Off,,Off,Off,,,,,Off,Off,Off,Off,2026-09-02 13:42:06,sw-B
et-0/0/51,Up,1,0,0,0,0,0,0,37.0,Off,Off,Off,Off,7.489,Off,Off,0.917,-0.37,0.707,-1.5,Off,Off,Off,Off,2026-09-02 13:42:06,sw-B
et-0/0/48,Up,1,0,0,0,7565,0,0,,Off,Off,Off,Off,,Off,Off,,,,,Off,Off,Off,Off,2026-09-02 13:47:07,sw-B
et-0/0/49,Up,1,0,0,0,0,0,0,,Off,Off,Off,Off,,Off,Off,,,,,Off,Off,Off,Off,2026-09-02 13:47:07,sw-B
et-0/0/50,Up,1,0,0,0,0,0,0,,Off,Off,Off,Off,,Off,Off,,,,,Off,Off,Off,Off,2026-09-02 13:47:07,sw-B
et-0/0/51,Up,1,0,0,0,0,0,0,37.0,Off,Off,Off,Off,7.559,Off,Off,0.897,-0.47,0.703,-1.53,Off,Off,Off,Off,2026-09-02 13:47:07,sw-B
et-0/0/48,Up,1,0,0,0,7567,0,0,,Off,Off,Off,Off,,Off,Off,,,,,Off,Off,Off,Off,2026-09-02 13:52:09,sw-B
et-0/0/49,Up,1,0,0,0,0,0,0,,Off,Off,Off,Off,,Off,Off,,,,,Off,Off,Off,Off,2026-09-02 13:52:09,sw-B
et-0/0/50,Up,1,0,0,0,0,0,0,,Off,Off,Off,Off,,Off,Off,,,,,Off,Off,Off,Off,2026-09-02 13:52:09,sw-B
et-0/0/51,Up,1,0,0,0,0,0,0,36.0,Off,Off,Off,Off,7.464,Off,Off,0.899,-0.46,0.705,-1.52,Off,Off,Off,Off,2026-09-02 13:52:09,sw-B
et-0/0/48,Up,1,0,0,0,7567,0,0,,Off,Off,Off,Off,,Off,Off,,,,,Off,Off,Off,Off,2026-09-02 13:57:10,sw-B
et-0/0/49,Up,1,0,0,0,0,0,0,,Off,Off,Off,Off,,Off,Off,,,,,Off,Off,Off,Off,2026-09-02 13:57:10,sw-B
et-0/0/50,Up,1,0,0,0,0,0,0,,Off,Off,Off,Off,,Off,Off,,,,,Off,Off,Off,Off,2026-09-02 13:57:10,sw-B
et-0/0/51,Up,1,0,0,0,0,0,0,38.0,Off,Off,Off,Off,7.464,Off,Off,0.899,-0.46,0.707,-1.5,Off,Off,Off,Off,2026-09-02 13:57:10,sw-B
et-0/0/48,Up,1,0,0,0,7568,0,0,,Off,Off,Off,Off,,Off,Off,,,,,Off,Off,Off,Off,2026-09-02 14:02:11,sw-B
et-0/0/49,Up,1,0,0,0,0,0,0,,Off,Off,Off,Off,,Off,Off,,,,,Off,Off,Off,Off,2026-09-02 14:02:11,sw-B
et-0/0/50,Up,1,0,0,0,0,0,0,,Off,Off,Off,Off,,Off,Off,,,,,Off,Off,Off,Off,2026-09-02 14:02:11,sw-B
et-0/0/51,Up,1,0,0,0,0,0,0,37.0,Off,Off,Off,Off,7.504,Off,Off,0.898,-0.47,0.705,-1.52,Off,Off,Off,Off,2026-09-02 14:02:11,sw-B
et-0/0/48,Up,1,0,0,0,7571,0,0,,Off,Off,Off,Off,,Off,Off,,,,,Off,Off,Off,Off,2026-09-02 14:07:13,sw-B
et-0/0/49,Up,1,0,0,0,0,0,0,,Off,Off,Off,Off,,Off,Off,,,,,Off,Off,Off,Off,2026-09-02 14:07:13,sw-B
et-0/0/50,Up,1,0,0,0,0,0,0,,Off,Off,Off,Off,,Off,Off,,,,,Off,Off,Off,Off,2026-09-02 14:07:13,sw-B
et-0/0/51,Up,1,0,0,0,0,0,0,38.0,Off,Off,Off,Off,7.602,Off,Off,0.906,-0.43,0.704,-1.52,Off,Off,Off,Off,2026-09-02 14:07:13,sw-B
et-0/0/48,Up,1,0,0,0,7572,0,0,,Off,Off,Off,Off,,Off,Off,,,,,Off,Off,Off,Off,2026-09-02 14:12:14,sw-B
et-0/0/49,Up,1,0,0,0,0,0,0,,Off,Off,Off,Off,,Off,Off,,,,,Off,Off,Off,Off,2026-09-02 14:12:14,sw-B
et-0/0/50,Up,1,0,0,0,0,0,0,,Off,Off,Off,Off,,Off,Off,,,,,Off,Off,Off,Off,2026-09-02 14:12:14,sw-B
et-0/0/51,Up,1,0,0,0,0,0,0,37.0,Off,Off,Off,Off,7.539,Off,Off,0.91,-0.41,0.703,-1.53,Off,Off,Off,Off,2026-09-02 14:12:14,sw-B
et-0/0/48,Up,1,0,0,0,7573,0,0,,Off,Off,Off,Off,,Off,Off,,,,,Off,Off,Off,Off,2026-09-02 14:17:15,sw-B
et-0/0/49,Up,1,0,0,0,0,0,0,,Off,Off,Off,Off,,Off,Off,,,,,Off,Off,Off,Off,2026-09-02 14:17:15,sw-B
et-0/0/50,Up,1,0,0,0,0,0,0,,Off,Off,Off,Off,,Off,Off,,,,,Off,Off,Off,Off,2026-09-02 14:17:15,sw-B
et-0/0/51,Up,1,0,0,0,0,0,0,37.0,Off,Off,Off,Off,7.447,Off,Off,0.895,-0.48,0.706,-1.51,Off,Off,Off,Off,2026-09-02 14:17:15,sw-B
et-0/0/48,Up,1,0,0,0,7573,0,0,,Off,Off,Off,Off,,Off,Off,,,,,Off,Off,Off,Off,2026-09-02 14:22:16,sw-B
et-0/0/49,Up,1,0,0,0,0,0,0,,Off,Off,Off,Off,,Off,Off,,,,,Off,Off,Off,Off,2026-09-02 14:22:16,sw-B
et-0/0/50,Up,1,0,0,0,0,0,0,,Off,Off,Off,Off,,Off,Off,,,,,Off,Off,Off,Off,2026-09-02 14:22:16,sw-B
et-0/0/51,Up,1,0,0,0,0,0,0,37.0,Off,Off,Off,Off,7.499,Off,Off,0.898,-0.47,0.703,-1.53,Off,Off,Off,Off,2026-09-02 14:22:16,sw-B
et-0/0/48,Up,1,0,0,0,7573,0,0,,Off,Off,Off,Off,,Off,Off,,,,,Off,Off,Off,Off,2026-09-02 14:27:18,sw-B
et-0/0/49,Up,1,0,0,0,0,0,0,,Off,Off,Off,Off,,Off,Off,,,,,Off,Off,Off,Off,2026-09-02 14:27:18,sw-B
et-0/0/50,Up,1,0,0,0,0,0,0,,Off,Off,Off,Off,,Off,Off,,,,,Off,Off,Off,Off,2026-09-02 14:27:18,sw-B
et-0/0/51,Up,1,0,0,0,0,0,0,37.0,Off,Off,Off,Off,7.464,Off,Off,0.894,-0.49,0.706,-1.51,Off,Off,Off,Off,2026-09-02 14:27:18,sw-B
et-0/0/48,Up,1,0,0,0,7573,0,0,,Off,Off,Off,Off,,Off,Off,,,,,Off,Off,Off,Off,2026-09-02 14:32:19,sw-B
et-0/0/49,Up,1,0,0,0,0,0,0,,Off,Off,Off,Off,,Off,Off,,,,,Off,Off,Off,Off,2026-09-02 14:32:19,sw-B
et-0/0/50,Up,1,0,0,0,0,0,0,,Off,Off,Off,Off,,Off,Off,,,,,Off,Off,Off,Off,2026-09-02 14:32:19,sw-B
et-0/0/51,Up,1,0,0,0,0,0,0,37.0,Off,Off,Off,Off,7.535,Off,Off,0.89,-0.51,0.706,-1.51,Off,Off,Off,Off,2026-09-02 14:32:19,sw-B
et-0/0/48,Up,1,0,0,0,7573,0,0,,Off,Off,Off,Off,,Off,Off,,,,,Off,Off,Off,Off,2026-09-02 14:37:20,sw-B
et-0/0/49,Up,1,0,0,0,0,0,0,,Off,Off,Off,Off,,Off,Off,,,,,Off,Off,Off,Off,2026-09-02 14:37:20,sw-B
et-0/0/50,Up,1,0,0,0,0,0,0,,Off,Off,Off,Off,,Off,Off,,,,,Off,Off,Off,Off,2026-09-02 14:37:20,sw-B
et-0/0/51,Up,1,0,0,0,0,0,0,37.0,Off,Off,Off,Off,7.519,Off,Off,0.908,-0.42,0.704,-1.52,Off,Off,Off,Off,2026-09-02 14:37:20,sw-B
et-0/0/48,Up,1,0,0,0,7573,0,0,,Off,Off,Off,Off,,Off,Off,,,,,Off,Off,Off,Off,2026-09-02 14:42:21,sw-B
et-0/0/49,Up,1,0,0,0,0,0,0,,Off,Off,Off,Off,,Off,Off,,,,,Off,Off,Off,Off,2026-09-02 14:42:21,sw-B
et-0/0/50,Up,1,0,0,0,0,0,0,,Off,Off,Off,Off,,Off,Off,,,,,Off,Off,Off,Off,2026-09-02 14:42:21,sw-B
et-0/0/51,Up,1,0,0,0,0,0,0,36.0,Off,Off,Off,Off,7.572,Off,Off,0.9,-0.46,0.706,-1.51,Off,Off,Off,Off,2026-09-02 14:42:21,sw-B
et-0/0/48,Up,1,0,0,0,7573,0,0,,Off,Off,Off,Off,,Off,Off,,,,,Off,Off,Off,Off,2026-09-02 14:47:22,sw-B
et-0/0/49,Up,1,0,0,0,0,0,0,,Off,Off,Off,Off,,Off,Off,,,,,Off,Off,Off,Off,2026-09-02 14:47:22,sw-B
et-0/0/50,Up,1,0,0,0,0,0,0,,Off,Off,Off,Off,,Off,Off,,,,,Off,Off,Off,Off,2026-09-02 14:47:22,sw-B
et-0/0/51,Up,1,0,0,0,0,0,0,36.0,Off,Off,Off,Off,7.464,Off,Off,0.891,-0.5,0.706,-1.51,Off,Off,Off,Off,2026-09-02 14:47:22,sw-B
et-0/0/48,Up,1,0,0,0,7573,0,0,,Off,Off,Off,Off,,Off,Off,,,,,Off,Off,Off,Off,2026-09-02 14:52:24,sw-B
et-0/0/49,Up,1,0,0,0,0,0,0,,Off,Off,Off,Off,,Off,Off,,,,,Off,Off,Off,Off,2026-09-02 14:52:24,sw-B
et-0/0/50,Up,1,0,0,0,0,0,0,,Off,Off,Off,Off,,Off,Off,,,,,Off,Off,Off,Off,2026-09-02 14:52:24,sw-B
et-0/0/51,Up,1,0,0,0,0,0,0,37.0,Off,Off,Off,Off,7.576,Off,Off,0.896,-0.48,0.707,-1.51,Off,Off,Off,Off,2026-09-02 14:52:24,sw-B
et-0/0/48,Up,1,0,0,0,7573,0,0,,Off,Off,Off,Off,,Off,Off,,,,,Off,Off,Off,Off,2026-09-02 14:57:25,sw-B
et-0/0/49,Up,1,0,0,0,0,0,0,,Off,Off,Off,Off,,Off,Off,,,,,Off,Off,Off,Off,2026-09-02 14:57:25,sw-B
et-0/0/50,Up,1,0,0,0,0,0,0,,Off,Off,Off,Off,,Off,Off,,,,,Off,Off,Off,Off,2026-09-02 14:57:25,sw-B
et-0/0/51,Up,1,0,0,0,0,0,0,36.0,Off,Off,Off,Off,7.464,Off,Off,0.893,-0.49,0.704,-1.52,Off,Off,Off,Off,2026-09-02 14:57:25,sw-B
et-0/0/48,Up,1,0,0,0,7574,0,0,,Off,Off,Off,Off,,Off,Off,,,,,Off,Off,Off,Off,2026-09-02 15:02:26,sw-B
et-0/0/49,Up,1,0,0,0,0,0,0,,Off,Off,Off,Off,,Off,Off,,,,,Off,Off,Off,Off,2026-09-02 15:02:26,sw-B
et-0/0/50,Up,1,0,0,0,0,0,0,,Off,Off,Off,Off,,Off,Off,,,,,Off,Off,Off,Off,2026-09-02 15:02:26,sw-B
et-0/0/51,Up,1,0,0,0,0,0,0,37.0,Off,Off,Off,Off,7.53,Off,Off,0.905,-0.43,0.706,-1.51,Off,Off,Off,Off,2026-09-02 15:02:26,sw-B
et-0/0/48,Up,1,0,0,0,7574,0,0,,Off,Off,Off,Off,,Off,Off,,,,,Off,Off,Off,Off,2026-09-02 15:07:27,sw-B
et-0/0/49,Up,1,0,0,0,0,0,0,,Off,Off,Off,Off,,Off,Off,,,,,Off,Off,Off,Off,2026-09-02 15:07:27,sw-B
et-0/0/50,Up,1,0,0,0,0,0,0,,Off,Off,Off,Off,,Off,Off,,,,,Off,Off,Off,Off,2026-09-02 15:07:27,sw-B
et-0/0/51,Up,1,0,0,0,0,0,0,36.0,Off,Off,Off,Off,7.559,Off,Off,0.899,-0.46,0.705,-1.52,Off,Off,Off,Off,2026-09-02 15:07:27,sw-B
et-0/0/48,Up,1,0,0,0,7574,0,0,,Off,Off,Off,Off,,Off,Off,,,,,Off,Off,Off,Off,2026-09-02 15:12:29,sw-B
et-0/0/49,Up,1,0,0,0,0,0,0,,Off,Off,Off,Off,,Off,Off,,,,,Off,Off,Off,Off,2026-09-02 15:12:29,sw-B
et-0/0/50,Up,1,0,0,0,0,0,0,,Off,Off,Off,Off,,Off,Off,,,,,Off,Off,Off,Off,2026-09-02 15:12:29,sw-B
et-0/0/51,Up,1,0,0,0,0,0,0,37.0,Off,Off,Off,Off,7.581,Off,Off,0.912,-0.4,0.701,-1.54,Off,Off,Off,Off,2026-09-02 15:12:29,sw-B
et-0/0/48,Up,1,0,0,0,7574,0,0,,Off,Off,Off,Off,,Off,Off,,,,,Off,Off,Off,Off,2026-09-02 15:17:30,sw-B
et-0/0/49,Up,1,0,0,0,0,0,0,,Off,Off,Off,Off,,Off,Off,,,,,Off,Off,Off,Off,2026-09-02 15:17:30,sw-B
et-0/0/50,Up,1,0,0,0,0,0,0,,Off,Off,Off,Off,,Off,Off,,,,,Off,Off,Off,Off,2026-09-02 15:17:30,sw-B
et-0/0/51,Up,1,0,0,0,0,0,0,36.0,Off,Off,Off,Off,7.484,Off,Off,0.896,-0.48,0.705,-1.52,Off,Off,Off,Off,2026-09-02 15:17:30,sw-B
et-0/0/48,Up,1,0,0,0,7574,0,0,,Off,Off,Off,Off,,Off,Off,,,,,Off,Off,Off,Off,2026-09-02 15:22:31,sw-B
et-0/0/49,Up,1,0,0,0,0,0,0,,Off,Off,Off,Off,,Off,Off,,,,,Off,Off,Off,Off,2026-09-02 15:22:31,sw-B
et-0/0/50,Up,1,0,0,0,0,0,0,,Off,Off,Off,Off,,Off,Off,,,,,Off,Off,Off,Off,2026-09-02 15:22:31,sw-B
et-0/0/51,Up,1,0,0,0,0,0,0,36.0,Off,Off,Off,Off,7.473,Off,Off,0.938,-0.28,0.706,-1.51,Off,Off,Off,Off,2026-09-02 15:22:31,sw-B
et-0/0/48,Up,1,0,0,0,7574,0,0,,Off,Off,Off,Off,,Off,Off,,,,,Off,Off,Off,Off,2026-09-02 15:27:32,sw-B
et-0/0/49,Up,1,0,0,0,0,0,0,,Off,Off,Off,Off,,Off,Off,,,,,Off,Off,Off,Off,2026-09-02 15:27:32,sw-B
et-0/0/50,Up,1,0,0,0,0,0,0,,Off,Off,Off,Off,,Off,Off,,,,,Off,Off,Off,Off,2026-09-02 15:27:32,sw-B
et-0/0/51,Up,1,0,0,0,0,0,0,36.0,Off,Off,Off,Off,7.48,Off,Off,0.893,-0.49,0.706,-1.51,Off,Off,Off,Off,2026-09-02 15:27:32,sw-B
et-0/0/48,Up,1,0,0,0,7574,0,0,,Off,Off,Off,Off,,Off,Off,,,,,Off,Off,Off,Off,2026-09-02 15:32:34,sw-B
et-0/0/49,Up,1,0,0,0,0,0,0,,Off,Off,Off,Off,,Off,Off,,,,,Off,Off,Off,Off,2026-09-02 15:32:34,sw-B
et-0/0/50,Up,1,0,0,0,0,0,0,,Off,Off,Off,Off,,Off,Off,,,,,Off,Off,Off,Off,2026-09-02 15:32:34,sw-B
et-0/0/51,Up,1,0,0,0,0,0,0,36.0,Off,Off,Off,Off,7.539,Off,Off,0.88,-0.55,0.705,-1.52,Off,Off,Off,Off,2026-09-02 15:32:34,sw-B
et-0/0/48,Up,1,0,0,0,7575,0,0,,Off,Off,Off,Off,,Off,Off,,,,,Off,Off,Off,Off,2026-09-02 15:37:35,sw-B
et-0/0/49,Up,1,0,0,0,0,0,0,,Off,Off,Off,Off,,Off,Off,,,,,Off,Off,Off,Off,2026-09-02 15:37:35,sw-B
et-0/0/50,Up,1,0,0,0,0,0,0,,Off,Off,Off,Off,,Off,Off,,,,,Off,Off,Off,Off,2026-09-02 15:37:35,sw-B
et-0/0/51,Up,1,0,0,0,0,0,0,36.0,Off,Off,Off,Off,7.539,Off,Off,0.894,-0.49,0.705,-1.52,Off,Off,Off,Off,2026-09-02 15:37:35,sw-B
et-0/0/48,Up,1,0,0,0,7575,0,0,,Off,Off,Off,Off,,Off,Off,,,,,Off,Off,Off,Off,2026-09-02 15:42:36,sw-B
et-0/0/49,Up,1,0,0,0,0,0,0,,Off,Off,Off,Off,,Off,Off,,,,,Off,Off,Off,Off,2026-09-02 15:42:36,sw-B
et-0/0/50,Up,1,0,0,0,0,0,0,,Off,Off,Off,Off,,Off,Off,,,,,Off,Off,Off,Off,2026-09-02 15:42:36,sw-B
et-0/0/51,Up,1,0,0,0,0,0,0,36.0,Off,Off,Off,Off,7.489,Off,Off,0.894,-0.48,0.702,-1.54,Off,Off,Off,Off,2026-09-02 15:42:36,sw-B
et-0/0/48,Up,1,0,0,0,7577,0,0,,Off,Off,Off,Off,,Off,Off,,,,,Off,Off,Off,Off,2026-09-02 15:47:38,sw-B
et-0/0/49,Up,1,0,0,0,0,0,0,,Off,Off,Off,Off,,Off,Off,,,,,Off,Off,Off,Off,2026-09-02 15:47:38,sw-B
et-0/0/50,Up,1,0,0,0,0,0,0,,Off,Off,Off,Off,,Off,Off,,,,,Off,Off,Off,Off,2026-09-02 15:47:38,sw-B
et-0/0/51,Up,1,0,0,0,0,0,0,38.0,Off,Off,Off,Off,7.407,Off,Off,0.913,-0.39,0.701,-1.54,Off,Off,Off,Off,2026-09-02 15:47:38,sw-B
et-0/0/48,Up,1,0,0,0,7581,0,0,,Off,Off,Off,Off,,Off,Off,,,,,Off,Off,Off,Off,2026-09-02 15:52:39,sw-B
et-0/0/49,Up,1,0,0,0,0,0,0,,Off,Off,Off,Off,,Off,Off,,,,,Off,Off,Off,Off,2026-09-02 15:52:39,sw-B
et-0/0/50,Up,1,0,0,0,0,0,0,,Off,Off,Off,Off,,Off,Off,,,,,Off,Off,Off,Off,2026-09-02 15:52:39,sw-B
et-0/0/51,Up,1,0,0,0,0,0,0,38.0,Off,Off,Off,Off,7.559,Off,Off,0.919,-0.37,0.703,-1.53,Off,Off,Off,Off,2026-09-02 15:52:39,sw-B
et-0/0/48,Up,1,0,0,0,7586,0,0,,Off,Off,Off,Off,,Off,Off,,,,,Off,Off,Off,Off,2026-09-02 15:57:40,sw-B
et-0/0/49,Up,1,0,0,0,0,0,0,,Off,Off,Off,Off,,Off,Off,,,,,Off,Off,Off,Off,2026-09-02 15:57:40,sw-B
et-0/0/50,Up,1,0,0,0,0,0,0,,Off,Off,Off,Off,,Off,Off,,,,,Off,Off,Off,Off,2026-09-02 15:57:40,sw-B
et-0/0/51,Up,1,0,0,0,0,0,0,38.0,Off,Off,Off,Off,7.535,Off,Off,0.91,-0.41,0.702,-1.53,Off,Off,Off,Off,2026-09-02 15:57:40,sw-B
et-0/0/48,Up,1,0,0,0,7592,0,0,,Off,Off,Off,Off,,Off,Off,,,,,Off,Off,Off,Off,2026-09-02 16:02:41,sw-B
et-0/0/49,Up,1,0,0,0,0,0,0,,Off,Off,Off,Off,,Off,Off,,,,,Off,Off,Off,Off,2026-09-02 16:02:41,sw-B
et-0/0/50,Up,1,0,0,0,0,0,0,,Off,Off,Off,Off,,Off,Off,,,,,Off,Off,Off,Off,2026-09-02 16:02:41,sw-B
et-0/0/51,Up,1,0,0,0,0,0,0,38.0,Off,Off,Off,Off,7.453,Off,Off,0.913,-0.39,0.701,-1.54,Off,Off,Off,Off,2026-09-02 16:02:41,sw-B
et-0/0/48,Up,1,0,0,0,7595,0,0,,Off,Off,Off,Off,,Off,Off,,,,,Off,Off,Off,Off,2026-09-02 16:07:43,sw-B
et-0/0/49,Up,1,0,0,0,0,0,0,,Off,Off,Off,Off,,Off,Off,,,,,Off,Off,Off,Off,2026-09-02 16:07:43,sw-B
et-0/0/50,Up,1,0,0,0,0,0,0,,Off,Off,Off,Off,,Off,Off,,,,,Off,Off,Off,Off,2026-09-02 16:07:43,sw-B
et-0/0/51,Up,1,0,0,0,0,0,0,38.0,Off,Off,Off,Off,7.469,Off,Off,0.913,-0.39,0.7,-1.55,Off,Off,Off,Off,2026-09-02 16:07:43,sw-B
et-0/0/48,Up,1,0,0,0,7599,0,0,,Off,Off,Off,Off,,Off,Off,,,,,Off,Off,Off,Off,2026-09-02 16:12:44,sw-B
et-0/0/49,Up,1,0,0,0,0,0,0,,Off,Off,Off,Off,,Off,Off,,,,,Off,Off,Off,Off,2026-09-02 16:12:44,sw-B
et-0/0/50,Up,1,0,0,0,0,0,0,,Off,Off,Off,Off,,Off,Off,,,,,Off,Off,Off,Off,2026-09-02 16:12:44,sw-B
et-0/0/51,Up,1,0,0,0,0,0,0,38.0,Off,Off,Off,Off,7.484,Off,Off,0.906,-0.43,0.701,-1.54,Off,Off,Off,Off,2026-09-02 16:12:44,sw-B
et-0/0/48,Up,1,0,0,0,7599,0,0,,Off,Off,Off,Off,,Off,Off,,,,,Off,Off,Off,Off,2026-09-02 16:17:45,sw-B
et-0/0/49,Up,1,0,0,0,0,0,0,,Off,Off,Off,Off,,Off,Off,,,,,Off,Off,Off,Off,2026-09-02 16:17:45,sw-B
et-0/0/50,Up,1,0,0,0,0,0,0,,Off,Off,Off,Off,,Off,Off,,,,,Off,Off,Off,Off,2026-09-02 16:17:45,sw-B
et-0/0/51,Up,1,0,0,0,0,0,0,38.0,Off,Off,Off,Off,7.423,Off,Off,0.903,-0.44,0.703,-1.53,Off,Off,Off,Off,2026-09-02 16:17:45,sw-B
et-0/0/48,Up,1,0,0,0,7603,0,0,,Off,Off,Off,Off,,Off,Off,,,,,Off,Off,Off,Off,2026-09-02 16:22:46,sw-B
et-0/0/49,Up,1,0,0,0,0,0,0,,Off,Off,Off,Off,,Off,Off,,,,,Off,Off,Off,Off,2026-09-02 16:22:46,sw-B
et-0/0/50,Up,1,0,0,0,0,0,0,,Off,Off,Off,Off,,Off,Off,,,,,Off,Off,Off,Off,2026-09-02 16:22:46,sw-B
et-0/0/51,Up,1,0,0,0,0,0,0,38.0,Off,Off,Off,Off,7.602,Off,Off,0.909,-0.41,0.702,-1.54,Off,Off,Off,Off,2026-09-02 16:22:46,sw-B
et-0/0/48,Up,1,0,0,0,7603,0,0,,Off,Off,Off,Off,,Off,Off,,,,,Off,Off,Off,Off,2026-09-02 16:27:48,sw-B
et-0/0/49,Up,1,0,0,0,0,0,0,,Off,Off,Off,Off,,Off,Off,,,,,Off,Off,Off,Off,2026-09-02 16:27:48,sw-B
et-0/0/50,Up,1,0,0,0,0,0,0,,Off,Off,Off,Off,,Off,Off,,,,,Off,Off,Off,Off,2026-09-02 16:27:48,sw-B
et-0/0/51,Up,1,0,0,0,0,0,0,38.0,Off,Off,Off,Off,7.434,Off,Off,0.908,-0.42,0.701,-1.54,Off,Off,Off,Off,2026-09-02 16:27:48,sw-B
et-0/0/48,Up,1,0,0,0,7607,0,0,,Off,Off,Off,Off,,Off,Off,,,,,Off,Off,Off,Off,2026-09-02 16:32:49,sw-B
et-0/0/49,Up,1,0,0,0,0,0,0,,Off,Off,Off,Off,,Off,Off,,,,,Off,Off,Off,Off,2026-09-02 16:32:49,sw-B
et-0/0/50,Up,1,0,0,0,0,0,0,,Off,Off,Off,Off,,Off,Off,,,,,Off,Off,Off,Off,2026-09-02 16:32:49,sw-B
et-0/0/51,Up,1,0,0,0,0,0,0,38.0,Off,Off,Off,Off,7.55,Off,Off,0.908,-0.42,0.7,-1.55,Off,Off,Off,Off,2026-09-02 16:32:49,sw-B
et-0/0/48,Up,1,0,0,0,7608,0,0,,Off,Off,Off,Off,,Off,Off,,,,,Off,Off,Off,Off,2026-09-02 16:37:50,sw-B
et-0/0/49,Up,1,0,0,0,0,0,0,,Off,Off,Off,Off,,Off,Off,,,,,Off,Off,Off,Off,2026-09-02 16:37:50,sw-B
et-0/0/50,Up,1,0,0,0,0,0,0,,Off,Off,Off,Off,,Off,Off,,,,,Off,Off,Off,Off,2026-09-02 16:37:50,sw-B
et-0/0/51,Up,1,0,0,0,0,0,0,38.0,Off,Off,Off,Off,7.51,Off,Off,0.908,-0.42,0.702,-1.54,Off,Off,Off,Off,2026-09-02 16:37:50,sw-B
et-0/0/48,Up,1,0,0,0,7610,0,0,,Off,Off,Off,Off,,Off,Off,,,,,Off,Off,Off,Off,2026-09-02 16:42:52,sw-B
et-0/0/49,Up,1,0,0,0,0,0,0,,Off,Off,Off,Off,,Off,Off,,,,,Off,Off,Off,Off,2026-09-02 16:42:52,sw-B
et-0/0/50,Up,1,0,0,0,0,0,0,,Off,Off,Off,Off,,Off,Off,,,,,Off,Off,Off,Off,2026-09-02 16:42:52,sw-B
et-0/0/51,Up,1,0,0,0,0,0,0,38.0,Off,Off,Off,Off,7.556,Off,Off,0.92,-0.36,0.702,-1.53,Off,Off,Off,Off,2026-09-02 16:42:52,sw-B
et-0/0/48,Up,1,0,0,0,7612,0,0,,Off,Off,Off,Off,,Off,Off,,,,,Off,Off,Off,Off,2026-09-02 16:47:53,sw-B
et-0/0/49,Up,1,0,0,0,0,0,0,,Off,Off,Off,Off,,Off,Off,,,,,Off,Off,Off,Off,2026-09-02 16:47:53,sw-B
et-0/0/50,Up,1,0,0,0,0,0,0,,Off,Off,Off,Off,,Off,Off,,,,,Off,Off,Off,Off,2026-09-02 16:47:53,sw-B
et-0/0/51,Up,1,0,0,0,0,0,0,38.0,Off,Off,Off,Off,7.51,Off,Off,0.912,-0.4,0.702,-1.53,Off,Off,Off,Off,2026-09-02 16:47:53,sw-B
et-0/0/48,Up,1,0,0,0,7613,0,0,,Off,Off,Off,Off,,Off,Off,,,,,Off,Off,Off,Off,2026-09-02 16:52:54,sw-B
et-0/0/49,Up,1,0,0,0,0,0,0,,Off,Off,Off,Off,,Off,Off,,,,,Off,Off,Off,Off,2026-09-02 16:52:54,sw-B
et-0/0/50,Up,1,0,0,0,0,0,0,,Off,Off,Off,Off,,Off,Off,,,,,Off,Off,Off,Off,2026-09-02 16:52:54,sw-B
et-0/0/51,Up,1,0,0,0,0,0,0,38.0,Off,Off,Off,Off,7.469,Off,Off,0.904,-0.44,0.701,-1.54,Off,Off,Off,Off,2026-09-02 16:52:54,sw-B
et-0/0/48,Up,1,0,0,0,7613,0,0,,Off,Off,Off,Off,,Off,Off,,,,,Off,Off,Off,Off,2026-09-02 16:57:55,sw-B
et-0/0/49,Up,1,0,0,0,0,0,0,,Off,Off,Off,Off,,Off,Off,,,,,Off,Off,Off,Off,2026-09-02 16:57:55,sw-B
et-0/0/50,Up,1,0,0,0,0,0,0,,Off,Off,Off,Off,,Off,Off,,,,,Off,Off,Off,Off,2026-09-02 16:57:55,sw-B
et-0/0/51,Up,1,0,0,0,0,0,0,38.0,Off,Off,Off,Off,7.464,Off,Off,0.909,-0.41,0.7,-1.55,Off,Off,Off,Off,2026-09-02 16:57:55,sw-B
et-0/0/48,Up,1,0,0,0,7615,0,0,,Off,Off,Off,Off,,Off,Off,,,,,Off,Off,Off,Off,2026-09-02 17:02:57,sw-B
et-0/0/49,Up,1,0,0,0,0,0,0,,Off,Off,Off,Off,,Off,Off,,,,,Off,Off,Off,Off,2026-09-02 17:02:57,sw-B
et-0/0/50,Up,1,0,0,0,0,0,0,,Off,Off,Off,Off,,Off,Off,,,,,Off,Off,Off,Off,2026-09-02 17:02:57,sw-B
et-0/0/51,Up,1,0,0,0,0,0,0,37.0,Off,Off,Off,Off,7.55,Off,Off,0.909,-0.41,0.702,-1.54,Off,Off,Off,Off,2026-09-02 17:02:57,sw-B
et-0/0/48,Up,1,0,0,0,7616,0,0,,Off,Off,Off,Off,,Off,Off,,,,,Off,Off,Off,Off,2026-09-02 17:07:58,sw-B
et-0/0/49,Up,1,0,0,0,0,0,0,,Off,Off,Off,Off,,Off,Off,,,,,Off,Off,Off,Off,2026-09-02 17:07:58,sw-B
et-0/0/50,Up,1,0,0,0,0,0,0,,Off,Off,Off,Off,,Off,Off,,,,,Off,Off,Off,Off,2026-09-02 17:07:58,sw-B
et-0/0/51,Up,1,0,0,0,0,0,0,38.0,Off,Off,Off,Off,7.592,Off,Off,0.912,-0.4,0.701,-1.54,Off,Off,Off,Off,2026-09-02 17:07:58,sw-B
et-0/0/48,Up,1,0,0,0,7618,0,0,,Off,Off,Off,Off,,Off,Off,,,,,Off,Off,Off,Off,2026-09-02 17:12:59,sw-B
et-0/0/49,Up,1,0,0,0,0,0,0,,Off,Off,Off,Off,,Off,Off,,,,,Off,Off,Off,Off,2026-09-02 17:12:59,sw-B
et-0/0/50,Up,1,0,0,0,0,0,0,,Off,Off,Off,Off,,Off,Off,,,,,Off,Off,Off,Off,2026-09-02 17:12:59,sw-B
et-0/0/51,Up,1,0,0,0,0,0,0,38.0,Off,Off,Off,Off,7.469,Off,Off,0.905,-0.43,0.702,-1.54,Off,Off,Off,Off,2026-09-02 17:12:59,sw-B
et-0/0/48,Up,1,0,0,0,7619,0,0,,Off,Off,Off,Off,,Off,Off,,,,,Off,Off,Off,Off,2026-09-02 17:18:01,sw-B
et-0/0/49,Up,1,0,0,0,0,0,0,,Off,Off,Off,Off,,Off,Off,,,,,Off,Off,Off,Off,2026-09-02 17:18:01,sw-B
et-0/0/50,Up,1,0,0,0,0,0,0,,Off,Off,Off,Off,,Off,Off,,,,,Off,Off,Off,Off,2026-09-02 17:18:01,sw-B
et-0/0/51,Up,1,0,0,0,0,0,0,38.0,Off,Off,Off,Off,7.55,Off,Off,0.912,-0.4,0.702,-1.53,Off,Off,Off,Off,2026-09-02 17:18:01,sw-B
et-0/0/48,Up,1,0,0,0,7621,0,0,,Off,Off,Off,Off,,Off,Off,,,,,Off,Off,Off,Off,2026-09-02 17:23:02,sw-B
et-0/0/49,Up,1,0,0,0,0,0,0,,Off,Off,Off,Off,,Off,Off,,,,,Off,Off,Off,Off,2026-09-02 17:23:02,sw-B
et-0/0/50,Up,1,0,0,0,0,0,0,,Off,Off,Off,Off,,Off,Off,,,,,Off,Off,Off,Off,2026-09-02 17:23:02,sw-B
et-0/0/51,Up,1,0,0,0,0,0,0,38.0,Off,Off,Off,Off,7.53,Off,Off,0.91,-0.41,0.702,-1.53,Off,Off,Off,Off,2026-09-02 17:23:02,sw-B
et-0/0/48,Up,1,0,0,0,7626,0,0,,Off,Off,Off,Off,,Off,Off,,,,,Off,Off,Off,Off,2026-09-02 17:28:03,sw-B
et-0/0/49,Up,1,0,0,0,0,0,0,,Off,Off,Off,Off,,Off,Off,,,,,Off,Off,Off,Off,2026-09-02 17:28:03,sw-B
et-0/0/50,Up,1,0,0,0,0,0,0,,Off,Off,Off,Off,,Off,Off,,,,,Off,Off,Off,Off,2026-09-02 17:28:03,sw-B
et-0/0/51,Up,1,0,0,0,0,0,0,38.0,Off,Off,Off,Off,7.519,Off,Off,0.911,-0.4,0.702,-1.54,Off,Off,Off,Off,2026-09-02 17:28:03,sw-B
et-0/0/48,Up,1,0,0,0,7628,0,0,,Off,Off,Off,Off,,Off,Off,,,,,Off,Off,Off,Off,2026-09-02 17:33:04,sw-B
et-0/0/49,Up,1,0,0,0,0,0,0,,Off,Off,Off,Off,,Off,Off,,,,,Off,Off,Off,Off,2026-09-02 17:33:04,sw-B
et-0/0/50,Up,1,0,0,0,0,0,0,,Off,Off,Off,Off,,Off,Off,,,,,Off,Off,Off,Off,2026-09-02 17:33:04,sw-B
et-0/0/51,Up,1,0,0,0,0,0,0,38.0,Off,Off,Off,Off,7.489,Off,Off,0.905,-0.43,0.701,-1.54,Off,Off,Off,Off,2026-09-02 17:33:04,sw-B
et-0/0/48,Down,2,0,0,0,32894683,326231,0,,Off,Off,Off,Off,,Off,Off,,,,,Off,Off,Off,Off,2026-09-02 17:38:05,sw-B
et-0/0/49,Up,1,0,0,0,52278,343,0,,Off,Off,Off,Off,,Off,Off,,,,,Off,Off,Off,Off,2026-09-02 17:38:05,sw-B
et-0/0/50,Up,1,0,0,0,4674,228,0,44.0,Off,Off,Off,Off,7.199,Off,Off,1.574,1.97,0.825,-0.84,Off,On,Off,On,2026-09-02 17:38:05,sw-B
et-0/0/48,Up,3,0,0,0,33057998,326550,0,,Off,Off,Off,Off,,Off,Off,,,,,Off,Off,Off,Off,2026-09-02 17:43:07,sw-B
et-0/0/49,Up,3,0,0,0,1938278,1239,0,,Off,Off,Off,Off,,Off,Off,,,,,Off,Off,Off,Off,2026-09-02 17:43:07,sw-B
et-0/0/50,Up,3,0,0,0,3906353,1060,0,43.0,Off,Off,Off,Off,7.199,Off,Off,1.574,1.97,0.721,-1.42,Off,Off,Off,Off,2026-09-02 17:43:07,sw-B
